isin,name,issuer,fund_family,asset_class,category,strategy,benchmark,domicile,fund_currency,aum_millions,aum_currency,inception_date,age_years,replication_method,distribution_policy,ter,exchange,exchange_code,ticker,trading_currency,listing_date,country,provider,snapshot_date,retrieved_at
IE1000000002,Atlas European Equity Enhanced ETF,Atlas Index,Atlas Index,Equity,European Equity,Core,Europe 600,IE,EUR,1867.7,EUR,2013-05-24,13.3,Physical,Distributing,0.24,Deutsche Börse Xetra,XETR,AT0001,EUR,2014-09-15,DE,Atlas Data Feed,2026-08-28,2026-08-28T06:30:00+00:00
IE1000000010,Northstar Corporate Bond UCITS ETF,Northstar Asset Management,Northstar Asset Management,Fixed Income,Corporate Bond,Income,Global Corporate Bond,IE,EUR,3699.76,EUR,2018-09-18,7.9,Sampling,Accumulating,0.48,SIX Swiss Exchange,XSWX,NO0014,CHF,2020-03-31,CH,Northstar Public Data,2026-08-28,2026-08-28T06:30:00+00:00
IE1000000010,Northstar Corporate Bond UCITS ETF,Northstar Asset Management,Northstar Asset Management,Fixed Income,Corporate Bond,Income,Global Corporate Bond,IE,EUR,3597.79,EUR,2018-09-18,7.9,Sampling,Accumulating,0.48,Euronext Paris,XPAR,NO0012,EUR,2019-04-24,FR,Northstar Public Data,2026-08-28,2026-08-28T06:30:00+00:00
IE1000000028,Helix Gold Screened UCITS ETF,Helix Funds,Helix Funds,Commodity,Gold,Single commodity,Physical Gold Reference,IE,USD,2636.86,USD,2011-06-26,15.2,Sampling,Accumulating,0.06,SIX Swiss Exchange,XSWX,HE0024,USD,2011-12-26,CH,Helix Market Files,2026-08-28,2026-08-28T06:30:00+00:00
IE1000000028,Helix Gold Screened UCITS ETF,Helix Funds,Helix Funds,Commodity,Gold,Single commodity,Physical Gold Reference,IE,USD,2604.52,USD,2011-06-26,15.2,Sampling,Accumulating,0.06,Euronext Amsterdam,XAMS,HE0025,EUR,2011-11-26,NL,Helix Market Files,2026-08-28,2026-08-28T06:30:00+00:00
IE1000000028,Helix Gold Screened UCITS ETF,Helix Funds,Helix Funds,Commodity,Gold,Single commodity,Physical Gold Reference,IE,USD,2604.35,USD,2011-06-26,15.2,Sampling,Accumulating,0.06,Bolsa de Madrid,XMAD,HE0026,EUR,2011-12-03,ES,Helix Market Files,2026-08-28,2026-08-28T06:30:00+00:00
IE1000000036,Meridian Defensive Allocation UCITS ETF,Meridian ETFs,Meridian ETFs,Multi-Asset,Defensive Allocation,Allocation,Global 30/70,IE,EUR,34.32,EUR,2013-01-06,13.6,Sampling,Accumulating,0.08,Euronext Paris,XPAR,ME0032,EUR,2015-05-27,FR,Meridian Data Service,2026-08-28,2026-08-28T06:30:00+00:00
IE1000000036,Meridian Defensive Allocation UCITS ETF,Meridian ETFs,Meridian ETFs,Multi-Asset,Defensive Allocation,Allocation,Global 30/70,IE,EUR,35.59,EUR,2013-01-06,13.6,Sampling,Accumulating,0.08,Deutsche Börse Xetra,XETR,ME0031,EUR,2013-03-23,DE,Meridian Data Service,2026-08-28,2026-08-28T06:30:00+00:00
IE1000000044,Aperture Climate Transition Index ETF,Aperture Index,Aperture Index,Equity,Climate Transition,ESG,Global Climate Transition,LU,GBP,5823.69,GBP,2008-08-12,18.0,Physical,Accumulating,0.59,Bolsa de Madrid,XMAD,AP0046,EUR,2010-09-14,ES,Aperture Public Feed,2026-08-28,2026-08-28T06:30:00+00:00
IE1000000044,Aperture Climate Transition Index ETF,Aperture Index,Aperture Index,Equity,Climate Transition,ESG,Global Climate Transition,LU,GBP,5722.09,GBP,2008-08-12,18.0,Physical,Accumulating,0.59,Deutsche Börse Xetra,XETR,AP0041,EUR,2010-01-04,DE,Aperture Public Feed,2026-08-28,2026-08-28T06:30:00+00:00
IE1000000051,Cedar Technology UCITS ETF,Cedar Capital,Cedar Capital,Equity,Technology,Thematic,Global Technology Leaders,IE,EUR,2665.59,EUR,2016-04-14,10.4,Physical,Accumulating,0.49,Bolsa de Madrid,XMAD,CE0056,EUR,2018-07-10,ES,Cedar Fund Data,2026-08-28,2026-08-28T06:30:00+00:00
IE1000000051,Cedar Technology UCITS ETF,Cedar Capital,Cedar Capital,Equity,Technology,Thematic,Global Technology Leaders,IE,EUR,2713.04,EUR,2016-04-14,10.4,Physical,Accumulating,0.49,London Stock Exchange,XLON,CE0050,GBP,2016-09-08,GB,Cedar Fund Data,2026-08-28,2026-08-28T06:30:00+00:00
IE1000000069,Quarry Gold Index ETF,Quarry Investments,Quarry Investments,Commodity,Gold,Single commodity,Physical Gold Reference,LU,USD,146.98,USD,2007-04-01,19.4,Physical,Distributing,0.07,Deutsche Börse Xetra,XETR,QU0061,EUR,2007-12-25,DE,Quarry Product Feed,2026-08-28,2026-08-28T06:30:00+00:00
IE1000000077,Vela Defensive Allocation Screened UCITS ETF,Vela Asset Management,Vela Asset Management,Multi-Asset,Defensive Allocation,Allocation,Global 30/70,LU,EUR,0.0,EUR,2008-12-05,17.7,Physical,Accumulating,0.07,SIX Swiss Exchange,XSWX,VE0074,CHF,2009-12-25,CH,Vela Fund Files,2026-08-28,2026-08-28T06:30:00+00:00
IE1000000085,Atlas Emerging Markets Screened UCITS ETF,Atlas Index,Atlas Index,Equity,Emerging Markets,Core,Emerging Markets Broad,IE,EUR,74.18,EUR,2010-08-09,16.1,Physical,Distributing,0.24,London Stock Exchange,XLON,AT0080,GBP,2011-12-12,GB,Atlas Data Feed,2026-08-28,2026-08-28T06:30:00+00:00
IE1000000085,Atlas Emerging Markets Screened UCITS ETF,Atlas Index,Atlas Index,Equity,Emerging Markets,Core,Emerging Markets Broad,IE,EUR,74.81,EUR,2010-08-09,16.1,Physical,Distributing,0.24,Deutsche Börse Xetra,XETR,AT0081,EUR,2012-07-18,DE,Atlas Data Feed,2026-08-28,2026-08-28T06:30:00+00:00
IE1000000085,Atlas Emerging Markets Screened UCITS ETF,Atlas Index,Atlas Index,Equity,Emerging Markets,Core,Emerging Markets Broad,IE,EUR,72.49,EUR,2010-08-09,16.1,Physical,Distributing,0.24,Bolsa de Madrid,XMAD,AT0086,EUR,2010-08-26,ES,Atlas Data Feed,2026-08-28,2026-08-28T06:30:00+00:00
IE1000000093,Northstar Global Aggregate Bond Index ETF,Northstar Asset Management,Northstar Asset Management,Fixed Income,Global Aggregate Bond,Core,Global Aggregate Bond,IE,EUR,1023.74,EUR,2025-08-02,1.1,Synthetic,Distributing,0.73,Euronext Amsterdam,XAMS,NO0095,EUR,2026-09-18,NL,Northstar Public Data,2026-08-28,2026-08-28T06:30:00+00:00
IE1000000093,Northstar Global Aggregate Bond Index ETF,Northstar Asset Management,Northstar Asset Management,Fixed Income,Global Aggregate Bond,Core,Global Aggregate Bond,IE,EUR,972.08,EUR,2025-08-02,1.1,Synthetic,Distributing,0.73,Bolsa de Madrid,XMAD,NO0096,EUR,2027-09-15,ES,Northstar Public Data,2026-08-28,2026-08-28T06:30:00+00:00
IE1000000101,Helix Climate Transition Index ETF,Helix Funds,Helix Funds,Equity,Climate Transition,ESG,Global Climate Transition,IE,EUR,7095.84,EUR,2025-02-10,1.5,Sampling,Accumulating,0.6,Borsa Italiana,XMIL,HE0103,EUR,2027-01-28,IT,Helix Market Files,2026-08-28,2026-08-28T06:30:00+00:00
IE1000000101,Helix Climate Transition Index ETF,Helix Funds,Helix Funds,Equity,Climate Transition,ESG,Global Climate Transition,IE,EUR,7083.77,EUR,2025-02-10,1.5,Sampling,Accumulating,0.6,London Stock Exchange,XLON,HE0100,GBP,2026-11-07,GB,Helix Market Files,2026-08-28,2026-08-28T06:30:00+00:00
IE1000000119,Meridian Defensive Allocation Screened UCITS ETF,Meridian ETFs,Meridian ETFs,Multi-Asset,Defensive Allocation,Allocation,Global 30/70,IE,EUR,1334.75,EUR,2007-06-26,19.2,Physical,Distributing,0.48,Deutsche Börse Xetra,XETR,ME0111,EUR,2009-05-28,DE,Meridian Data Service,2026-08-28,2026-08-28T06:30:00+00:00
IE1000000119,Meridian Defensive Allocation Screened UCITS ETF,Meridian ETFs,Meridian ETFs,Multi-Asset,Defensive Allocation,Allocation,Global 30/70,IE,EUR,1348.23,EUR,2007-06-26,19.2,Physical,Distributing,0.48,Euronext Paris,XPAR,ME0112,EUR,2007-08-02,FR,Meridian Data Service,2026-08-28,2026-08-28T06:30:00+00:00
IE1000000119,Meridian Defensive Allocation Screened UCITS ETF,Meridian ETFs,Meridian ETFs,Multi-Asset,Defensive Allocation,Allocation,Global 30/70,IE,EUR,1394.52,EUR,2007-06-26,19.2,Physical,Distributing,0.48,London Stock Exchange,XLON,ME0110,USD,2007-11-30,GB,Meridian Data Service,2026-08-28,2026-08-28T06:30:00+00:00
IE1000000127,Aperture Technology UCITS ETF,Aperture Index,Aperture Index,Equity,Technology,Thematic,Global Technology Leaders,LU,EUR,2825.93,EUR,2018-04-28,8.3,Physical,Distributing,0.67,London Stock Exchange,XLON,AP0120,GBP,2019-06-26,GB,Aperture Public Feed,2026-08-28,2026-08-28T06:30:00+00:00
IE1000000127,Aperture Technology UCITS ETF,Aperture Index,Aperture Index,Equity,Technology,Thematic,Global Technology Leaders,LU,EUR,2942.08,EUR,2018-04-28,8.3,Physical,Distributing,0.67,Euronext Paris,XPAR,AP0122,EUR,2020-05-20,FR,Aperture Public Feed,2026-08-28,2026-08-28T06:30:00+00:00
IE1000000127,Aperture Technology UCITS ETF,Aperture Index,Aperture Index,Equity,Technology,Thematic,Global Technology Leaders,LU,EUR,2913.04,EUR,2018-04-28,8.3,Physical,Distributing,0.67,Bolsa de Madrid,XMAD,AP0126,EUR,2020-10-13,ES,Aperture Public Feed,2026-08-28,2026-08-28T06:30:00+00:00
IE1000000127,Aperture Technology UCITS ETF,Aperture Index,Aperture Index,Equity,Technology,Thematic,Global Technology Leaders,LU,EUR,3010.5,EUR,2018-04-28,8.3,Physical,Distributing,0.67,Euronext Amsterdam,XAMS,AP0125,EUR,2018-07-31,NL,Aperture Public Feed,2026-08-28,2026-08-28T06:30:00+00:00
IE1000000135,Cedar Global Aggregate Bond Screened UCITS ETF,Cedar Capital,Cedar Capital,Fixed Income,Global Aggregate Bond,Core,Global Aggregate Bond,IE,USD,237.27,USD,2017-09-01,9.0,Physical,Accumulating,0.06,Euronext Paris,XPAR,CE0132,EUR,2019-10-14,FR,Cedar Fund Data,2026-08-28,2026-08-28T06:30:00+00:00
IE1000000135,Cedar Global Aggregate Bond Screened UCITS ETF,Cedar Capital,Cedar Capital,Fixed Income,Global Aggregate Bond,Core,Global Aggregate Bond,IE,USD,238.5,USD,2017-09-01,9.0,Physical,Accumulating,0.06,SIX Swiss Exchange,XSWX,CE0134,CHF,2020-01-31,CH,Cedar Fund Data,2026-08-28,2026-08-28T06:30:00+00:00
IE1000000135,Cedar Global Aggregate Bond Screened UCITS ETF,Cedar Capital,Cedar Capital,Fixed Income,Global Aggregate Bond,Core,Global Aggregate Bond,IE,USD,238.46,USD,2017-09-01,9.0,Physical,Accumulating,0.06,Deutsche Börse Xetra,XETR,CE0131,EUR,2018-10-25,DE,Cedar Fund Data,2026-08-28,2026-08-28T06:30:00+00:00
IE1000000143,Quarry Gold Enhanced ETF,Quarry Investments,Quarry Investments,Commodity,Gold,Single commodity,Physical Gold Reference,IE,USD,155.97,USD,2020-07-04,6.1,Synthetic,Distributing,0.53,Bolsa de Madrid,XMAD,QU0146,EUR,2021-11-21,ES,Quarry Product Feed,2026-08-28,2026-08-28T06:30:00+00:00
IE1000000143,Quarry Gold Enhanced ETF,Quarry Investments,Quarry Investments,Commodity,Gold,Single commodity,Physical Gold Reference,IE,USD,158.58,USD,2020-07-04,6.1,Synthetic,Distributing,0.53,London Stock Exchange,XLON,QU0140,USD,2020-08-18,GB,Quarry Product Feed,2026-08-28,2026-08-28T06:30:00+00:00
IE1000000143,Quarry Gold Enhanced ETF,Quarry Investments,Quarry Investments,Commodity,Gold,Single commodity,Physical Gold Reference,IE,USD,159.82,USD,2020-07-04,6.1,Synthetic,Distributing,0.53,Borsa Italiana,XMIL,QU0143,EUR,2021-12-15,IT,Quarry Product Feed,2026-08-28,2026-08-28T06:30:00+00:00
IE1000000150,Vela Emerging Markets Enhanced ETF,Vela Asset Management,Vela Asset Management,Equity,Emerging Markets,Core,Emerging Markets Broad,LU,EUR,71.98,EUR,2023-04-12,3.4,Physical,Accumulating,0.28,Euronext Paris,XPAR,VE0152,EUR,2024-02-18,FR,Vela Fund Files,2026-08-28,2026-08-28T06:30:00+00:00
IE1000000150,Vela Emerging Markets Enhanced ETF,Vela Asset Management,Vela Asset Management,Equity,Emerging Markets,Core,Emerging Markets Broad,LU,EUR,70.67,EUR,2023-04-12,3.4,Physical,Accumulating,0.28,Euronext Amsterdam,XAMS,VE0155,EUR,2023-11-09,NL,Vela Fund Files,2026-08-28,2026-08-28T06:30:00+00:00
IE1000000168,Atlas Global Large Cap Screened UCITS ETF,Atlas Index,Atlas Index,Equity,Global Large Cap,Core,Global Developed 1000,IE,CHF,189.36,CHF,2014-04-10,12.4,Sampling,Distributing,0.27,London Stock Exchange,XLON,AT0160,GBP,2016-09-10,GB,Atlas Data Feed,2026-08-28,2026-08-28T06:30:00+00:00
IE1000000168,Atlas Global Large Cap Screened UCITS ETF,Atlas Index,Atlas Index,Equity,Global Large Cap,Core,Global Developed 1000,IE,CHF,181.3,CHF,2014-04-10,12.4,Sampling,Distributing,0.27,Euronext Paris,XPAR,AT0162,EUR,2016-05-17,FR,Atlas Data Feed,2026-08-28,2026-08-28T06:30:00+00:00
IE1000000176,Northstar Global Aggregate Bond Index ETF,Northstar Asset Management,Northstar Asset Management,Fixed Income,Global Aggregate Bond,Core,Global Aggregate Bond,LU,EUR,2739.76,EUR,2023-11-24,2.8,Physical,Distributing,0.58,Euronext Amsterdam,XAMS,NO0175,EUR,2024-06-16,NL,Northstar Public Data,2026-08-28,2026-08-28T06:30:00+00:00
IE1000000176,Northstar Global Aggregate Bond Index ETF,Northstar Asset Management,Northstar Asset Management,Fixed Income,Global Aggregate Bond,Core,Global Aggregate Bond,LU,EUR,2764.76,EUR,2023-11-24,2.8,Physical,Distributing,0.58,Borsa Italiana,XMIL,NO0173,EUR,2025-08-06,IT,Northstar Public Data,2026-08-28,2026-08-28T06:30:00+00:00
IE1000000184,Helix Gold Enhanced ETF,Helix Funds,Helix Funds,Commodity,Gold,Single commodity,Physical Gold Reference,IE,USD,242.93,USD,2016-07-20,10.1,Physical,Distributing,0.1,Euronext Paris,XPAR,HE0182,EUR,2016-11-04,FR,Helix Market Files,2026-08-28,2026-08-28T06:30:00+00:00
IE1000000192,Meridian Balanced Screened UCITS ETF,Meridian ETFs,Meridian ETFs,Multi-Asset,Balanced,Allocation,Global 60/40,LU,USD,1605.0,USD,2008-05-20,18.3,Synthetic,Distributing,0.26,Euronext Paris,XPAR,ME0192,EUR,2008-12-16,FR,Meridian Data Service,2026-08-28,2026-08-28T06:30:00+00:00
IE1000000192,Meridian Balanced Screened UCITS ETF,Meridian ETFs,Meridian ETFs,Multi-Asset,Balanced,Allocation,Global 60/40,LU,USD,1592.75,USD,2008-05-20,18.3,Synthetic,Distributing,0.26,SIX Swiss Exchange,XSWX,ME0194,CHF,2008-07-22,CH,Meridian Data Service,2026-08-28,2026-08-28T06:30:00+00:00
IE1000000200,Aperture Emerging Markets Enhanced ETF,Aperture Index,Aperture Index,Equity,Emerging Markets,Core,Emerging Markets Broad,IE,USD,20.81,USD,2010-10-30,15.8,Physical,Distributing,0.61,Deutsche Börse Xetra,XETR,AP0201,EUR,2012-03-23,DE,Aperture Public Feed,2026-08-28,2026-08-28T06:30:00+00:00
IE1000000200,Aperture Emerging Markets Enhanced ETF,Aperture Index,Aperture Index,Equity,Emerging Markets,Core,Emerging Markets Broad,IE,USD,20.69,USD,2010-10-30,15.8,Physical,Distributing,0.61,Borsa Italiana,XMIL,AP0203,EUR,2011-04-01,IT,Aperture Public Feed,2026-08-28,2026-08-28T06:30:00+00:00
IE1000000218,Cedar Corporate Bond Enhanced ETF,Cedar Capital,Cedar Capital,Fixed Income,Corporate Bond,Income,Global Corporate Bond,IE,CHF,110.23,CHF,2024-04-17,2.4,Physical,Distributing,0.65,SIX Swiss Exchange,XSWX,CE0214,CHF,2024-07-29,CH,Cedar Fund Data,2026-08-28,2026-08-28T06:30:00+00:00
IE1000000218,Cedar Corporate Bond Enhanced ETF,Cedar Capital,Cedar Capital,Fixed Income,Corporate Bond,Income,Global Corporate Bond,IE,CHF,108.1,CHF,2024-04-17,2.4,Physical,Distributing,0.65,Bolsa de Madrid,XMAD,CE0216,EUR,2025-04-27,ES,Cedar Fund Data,2026-08-28,2026-08-28T06:30:00+00:00
IE1000000226,Quarry Broad Commodities Index ETF,Quarry Investments,Quarry Investments,Commodity,Broad Commodities,Broad,Diversified Commodity,IE,EUR,5364.29,EUR,2010-10-09,15.9,Physical,Accumulating,0.31,Euronext Amsterdam,XAMS,QU0225,EUR,2010-11-02,NL,Quarry Product Feed,2026-08-28,2026-08-28T06:30:00+00:00
IE1000000226,Quarry Broad Commodities Index ETF,Quarry Investments,Quarry Investments,Commodity,Broad Commodities,Broad,Diversified Commodity,IE,EUR,5112.7,EUR,2010-10-09,15.9,Physical,Accumulating,0.31,SIX Swiss Exchange,XSWX,QU0224,USD,2011-09-22,CH,Quarry Product Feed,2026-08-28,2026-08-28T06:30:00+00:00
IE1000000234,Vela Balanced UCITS ETF,Vela Asset Management,Vela Asset Management,Multi-Asset,Balanced,Allocation,Global 60/40,LU,EUR,,EUR,2011-12-23,14.7,Sampling,Distributing,0.15,Euronext Paris,XPAR,VE0232,EUR,2012-02-02,FR,Vela Fund Files,2026-08-28,2026-08-28T06:30:00+00:00
IE1000000234,Vela Balanced UCITS ETF,Vela Asset Management,Vela Asset Management,Multi-Asset,Balanced,Allocation,Global 60/40,LU,EUR,,EUR,2011-12-23,14.7,Sampling,Distributing,0.15,Euronext Amsterdam,XAMS,VE0235,EUR,2013-07-04,NL,Vela Fund Files,2026-08-28,2026-08-28T06:30:00+00:00
IE1000000234,Vela Balanced UCITS ETF,Vela Asset Management,Vela Asset Management,Multi-Asset,Balanced,Allocation,Global 60/40,LU,EUR,,EUR,2011-12-23,14.7,Sampling,Distributing,0.15,Deutsche Börse Xetra,XETR,VE0231,EUR,2012-09-16,DE,Vela Fund Files,2026-08-28,2026-08-28T06:30:00+00:00
IE1000000242,Atlas Global Large Cap UCITS ETF,Atlas Index,Atlas Index,Equity,Global Large Cap,Core,Global Developed 1000,IE,CHF,70.2,CHF,2008-04-18,18.4,Physical,Accumulating,0.45,Deutsche Börse Xetra,XETR,AT0241,EUR,2008-09-20,DE,Atlas Data Feed,2026-08-28,2026-08-28T06:30:00+00:00
IE1000000259,Northstar Technology UCITS ETF,Northstar Asset Management,Northstar Asset Management,Equity,Technology,Thematic,Global Technology Leaders,IE,CHF,40.58,CHF,2025-02-19,1.5,Synthetic,Accumulating,0.61,Euronext Amsterdam,XAMS,NO0255,EUR,2027-04-30,NL,Northstar Public Data,2026-08-28,2026-08-28T06:30:00+00:00
IE1000000259,Northstar Technology UCITS ETF,Northstar Asset Management,Northstar Asset Management,Equity,Technology,Thematic,Global Technology Leaders,IE,CHF,39.93,CHF,2025-02-19,1.5,Synthetic,Accumulating,0.61,Bolsa de Madrid,XMAD,NO0256,EUR,2026-04-21,ES,Northstar Public Data,2026-08-28,2026-08-28T06:30:00+00:00
IE1000000267,Helix Broad Commodities UCITS ETF,Helix Funds,Helix Funds,Commodity,Broad Commodities,Broad,Diversified Commodity,IE,EUR,2331.04,EUR,2021-06-05,5.2,Physical,Accumulating,0.35,Euronext Paris,XPAR,HE0262,EUR,2021-07-27,FR,Helix Market Files,2026-08-28,2026-08-28T06:30:00+00:00
IE1000000267,Helix Broad Commodities UCITS ETF,Helix Funds,Helix Funds,Commodity,Broad Commodities,Broad,Diversified Commodity,IE,EUR,2445.61,EUR,2021-06-05,5.2,Physical,Accumulating,0.35,Euronext Amsterdam,XAMS,HE0265,EUR,2022-10-08,NL,Helix Market Files,2026-08-28,2026-08-28T06:30:00+00:00
IE1000000267,Helix Broad Commodities UCITS ETF,Helix Funds,Helix Funds,Commodity,Broad Commodities,Broad,Diversified Commodity,IE,EUR,2364.3,EUR,2021-06-05,5.2,Physical,Accumulating,0.35,London Stock Exchange,XLON,HE0260,GBP,2023-07-23,GB,Helix Market Files,2026-08-28,2026-08-28T06:30:00+00:00
IE1000000275,Meridian Balanced Enhanced ETF,Meridian ETFs,Meridian ETFs,Multi-Asset,Balanced,Allocation,Global 60/40,IE,EUR,1230.36,EUR,2019-04-22,7.4,Synthetic,Distributing,0.13,London Stock Exchange,XLON,ME0270,GBP,2020-09-20,GB,Meridian Data Service,2026-08-28,2026-08-28T06:30:00+00:00
IE1000000275,Meridian Balanced Enhanced ETF,Meridian ETFs,Meridian ETFs,Multi-Asset,Balanced,Allocation,Global 60/40,IE,EUR,1194.02,EUR,2019-04-22,7.4,Synthetic,Distributing,0.13,Euronext Paris,XPAR,ME0272,EUR,2020-01-16,FR,Meridian Data Service,2026-08-28,2026-08-28T06:30:00+00:00
IE1000000283,Aperture US Equity Screened UCITS ETF,Aperture Index,Aperture Index,Equity,US Equity,Core,US Large Cap 500,IE,EUR,642.82,EUR,2022-04-21,4.4,Physical,Accumulating,0.63,SIX Swiss Exchange,XSWX,AP0284,USD,2022-06-30,CH,Aperture Public Feed,2026-08-28,2026-08-28T06:30:00+00:00
IE1000000291,Cedar Short Duration Screened UCITS ETF,Cedar Capital,Cedar Capital,Fixed Income,Short Duration,Defensive,EUR Corporate 1-3Y,IE,GBP,414.38,GBP,2016-10-18,9.9,Sampling,Accumulating,0.74,Borsa Italiana,XMIL,CE0293,EUR,2018-12-10,IT,Cedar Fund Data,2026-08-28,2026-08-28T06:30:00+00:00
IE1000000291,Cedar Short Duration Screened UCITS ETF,Cedar Capital,Cedar Capital,Fixed Income,Short Duration,Defensive,EUR Corporate 1-3Y,IE,GBP,410.48,GBP,2016-10-18,9.9,Sampling,Accumulating,0.74,Euronext Paris,XPAR,CE0292,EUR,2018-09-10,FR,Cedar Fund Data,2026-08-28,2026-08-28T06:30:00+00:00
IE1000000291,Cedar Short Duration Screened UCITS ETF,Cedar Capital,Cedar Capital,Fixed Income,Short Duration,Defensive,EUR Corporate 1-3Y,IE,GBP,395.09,GBP,2016-10-18,9.9,Sampling,Accumulating,0.74,London Stock Exchange,XLON,CE0290,GBP,2019-03-16,GB,Cedar Fund Data,2026-08-28,2026-08-28T06:30:00+00:00
IE1000000309,Quarry US Equity Index ETF,Quarry Investments,Quarry Investments,Equity,US Equity,Core,US Large Cap 500,IE,EUR,459.06,EUR,2021-01-25,5.6,Physical,Accumulating,0.66,Borsa Italiana,XMIL,QU0303,EUR,2023-04-26,IT,Quarry Product Feed,2026-08-28,2026-08-28T06:30:00+00:00
IE1000000309,Quarry US Equity Index ETF,Quarry Investments,Quarry Investments,Equity,US Equity,Core,US Large Cap 500,IE,EUR,486.33,EUR,2021-01-25,5.6,Physical,Accumulating,0.66,Euronext Paris,XPAR,QU0302,EUR,2022-05-08,FR,Quarry Product Feed,2026-08-28,2026-08-28T06:30:00+00:00
IE1000000317,Vela Balanced Enhanced ETF,Vela Asset Management,Vela Asset Management,Multi-Asset,Balanced,Allocation,Global 60/40,IE,EUR,14867.89,EUR,2010-01-18,16.6,Physical,Accumulating,0.22,Bolsa de Madrid,XMAD,VE0316,EUR,2011-07-31,ES,Vela Fund Files,2026-08-28,2026-08-28T06:30:00+00:00
IE1000000317,Vela Balanced Enhanced ETF,Vela Asset Management,Vela Asset Management,Multi-Asset,Balanced,Allocation,Global 60/40,IE,EUR,15101.39,EUR,2010-01-18,16.6,Physical,Accumulating,0.22,London Stock Exchange,XLON,VE0310,USD,2011-01-29,GB,Vela Fund Files,2026-08-28,2026-08-28T06:30:00+00:00
IE1000000317,Vela Balanced Enhanced ETF,Vela Asset Management,Vela Asset Management,Multi-Asset,Balanced,Allocation,Global 60/40,IE,EUR,14924.71,EUR,2010-01-18,16.6,Physical,Accumulating,0.22,Euronext Amsterdam,XAMS,VE0315,EUR,2012-03-13,NL,Vela Fund Files,2026-08-28,2026-08-28T06:30:00+00:00
IE1000000317,Vela Balanced Enhanced ETF,Vela Asset Management,Vela Asset Management,Multi-Asset,Balanced,Allocation,Global 60/40,IE,EUR,14830.29,EUR,2010-01-18,16.6,Physical,Accumulating,0.22,SIX Swiss Exchange,XSWX,VE0314,USD,2011-07-07,CH,Vela Fund Files,2026-08-28,2026-08-28T06:30:00+00:00
IE1000000317,Vela Balanced Enhanced ETF,Vela Asset Management,Vela Asset Management,Multi-Asset,Balanced,Allocation,Global 60/40,IE,EUR,15123.87,EUR,2010-01-18,16.6,Physical,Accumulating,0.22,Deutsche Börse Xetra,XETR,VE0311,EUR,2010-04-10,DE,Vela Fund Files,2026-08-28,2026-08-28T06:30:00+00:00
IE1000000317,Vela Balanced Enhanced ETF,Vela Asset Management,Vela Asset Management,Multi-Asset,Balanced,Allocation,Global 60/40,IE,EUR,14529.06,EUR,2010-01-18,16.6,Physical,Accumulating,0.22,Euronext Paris,XPAR,VE0312,EUR,2010-07-20,FR,Vela Fund Files,2026-08-28,2026-08-28T06:30:00+00:00
IE1000000317,Vela Balanced Enhanced ETF,Vela Asset Management,Vela Asset Management,Multi-Asset,Balanced,Allocation,Global 60/40,IE,EUR,15064.93,EUR,2010-01-18,16.6,Physical,Accumulating,0.22,Borsa Italiana,XMIL,VE0313,EUR,2010-05-20,IT,Vela Fund Files,2026-08-28,2026-08-28T06:30:00+00:00
IE1000000325,Atlas US Equity Screened UCITS ETF,Atlas Index,Atlas Index,Equity,US Equity,Core,US Large Cap 500,IE,USD,150.85,USD,2025-08-21,1.0,Sampling,Distributing,0.07,Euronext Amsterdam,XAMS,AT0325,EUR,2027-12-29,NL,Atlas Data Feed,2026-08-28,2026-08-28T06:30:00+00:00
IE1000000325,Atlas US Equity Screened UCITS ETF,Atlas Index,Atlas Index,Equity,US Equity,Core,US Large Cap 500,IE,USD,151.7,USD,2025-08-21,1.0,Sampling,Distributing,0.07,Borsa Italiana,XMIL,AT0323,EUR,2026-03-26,IT,Atlas Data Feed,2026-08-28,2026-08-28T06:30:00+00:00
IE1000000325,Atlas US Equity Screened UCITS ETF,Atlas Index,Atlas Index,Equity,US Equity,Core,US Large Cap 500,IE,USD,151.93,USD,2025-08-21,1.0,Sampling,Distributing,0.07,SIX Swiss Exchange,XSWX,AT0324,USD,2025-11-25,CH,Atlas Data Feed,2026-08-28,2026-08-28T06:30:00+00:00
IE1000000325,Atlas US Equity Screened UCITS ETF,Atlas Index,Atlas Index,Equity,US Equity,Core,US Large Cap 500,IE,USD,145.96,USD,2025-08-21,1.0,Sampling,Distributing,0.07,Euronext Paris,XPAR,AT0322,EUR,2027-12-01,FR,Atlas Data Feed,2026-08-28,2026-08-28T06:30:00+00:00
IE1000000333,Northstar Euro Government Bond UCITS ETF,Northstar Asset Management,Northstar Asset Management,Fixed Income,Euro Government Bond,Duration,Euro Sovereign 7-10Y,IE,EUR,16947.04,EUR,2022-05-04,4.3,Sampling,Accumulating,0.48,Borsa Italiana,XMIL,NO0333,EUR,2022-06-27,IT,Northstar Public Data,2026-08-28,2026-08-28T06:30:00+00:00
IE1000000333,Northstar Euro Government Bond UCITS ETF,Northstar Asset Management,Northstar Asset Management,Fixed Income,Euro Government Bond,Duration,Euro Sovereign 7-10Y,IE,EUR,17617.07,EUR,2022-05-04,4.3,Sampling,Accumulating,0.48,London Stock Exchange,XLON,NO0330,USD,2023-12-20,GB,Northstar Public Data,2026-08-28,2026-08-28T06:30:00+00:00
IE1000000341,Helix Broad Commodities Enhanced ETF,Helix Funds,Helix Funds,Commodity,Broad Commodities,Broad,Diversified Commodity,LU,USD,4081.03,USD,2023-02-16,3.5,Physical,Accumulating,0.55,Bolsa de Madrid,XMAD,HE0346,EUR,2024-04-04,ES,Helix Market Files,2026-08-28,2026-08-28T06:30:00+00:00
IE1000000341,Helix Broad Commodities Enhanced ETF,Helix Funds,Helix Funds,Commodity,Broad Commodities,Broad,Diversified Commodity,LU,USD,4191.57,USD,2023-02-16,3.5,Physical,Accumulating,0.55,Deutsche Börse Xetra,XETR,HE0341,EUR,2024-03-14,DE,Helix Market Files,2026-08-28,2026-08-28T06:30:00+00:00
IE1000000358,Meridian Emerging Markets UCITS ETF,Meridian ETFs,Meridian ETFs,Equity,Emerging Markets,Core,Emerging Markets Broad,LU,EUR,103.68,EUR,2024-11-12,1.8,Physical,Accumulating,0.06,London Stock Exchange,XLON,ME0350,GBP,2026-03-14,GB,Meridian Data Service,2026-08-28,2026-08-28T06:30:00+00:00
IE1000000358,Meridian Emerging Markets UCITS ETF,Meridian ETFs,Meridian ETFs,Equity,Emerging Markets,Core,Emerging Markets Broad,LU,EUR,104.1,EUR,2024-11-12,1.8,Physical,Accumulating,0.06,Borsa Italiana,XMIL,ME0353,EUR,2026-12-13,IT,Meridian Data Service,2026-08-28,2026-08-28T06:30:00+00:00
IE1000000366,Aperture Global Large Cap Enhanced ETF,Aperture Index,Aperture Index,Equity,Global Large Cap,Core,Global Developed 1000,IE,EUR,5404.35,EUR,2012-05-28,14.3,Sampling,Distributing,0.65,Euronext Amsterdam,XAMS,AP0365,EUR,2013-06-06,NL,Aperture Public Feed,2026-08-28,2026-08-28T06:30:00+00:00
IE1000000366,Aperture Global Large Cap Enhanced ETF,Aperture Index,Aperture Index,Equity,Global Large Cap,Core,Global Developed 1000,IE,EUR,5537.29,EUR,2012-05-28,14.3,Sampling,Distributing,0.65,Borsa Italiana,XMIL,AP0363,EUR,2012-08-06,IT,Aperture Public Feed,2026-08-28,2026-08-28T06:30:00+00:00
IE1000000366,Aperture Global Large Cap Enhanced ETF,Aperture Index,Aperture Index,Equity,Global Large Cap,Core,Global Developed 1000,IE,EUR,5456.59,EUR,2012-05-28,14.3,Sampling,Distributing,0.65,Euronext Paris,XPAR,AP0362,EUR,2013-01-17,FR,Aperture Public Feed,2026-08-28,2026-08-28T06:30:00+00:00
IE1000000374,Cedar Global Aggregate Bond Screened UCITS ETF,Cedar Capital,Cedar Capital,Fixed Income,Global Aggregate Bond,Core,Global Aggregate Bond,LU,CHF,403.51,CHF,2022-07-01,4.2,Physical,Accumulating,0.44,Euronext Amsterdam,XAMS,CE0375,EUR,2023-09-08,NL,Cedar Fund Data,2026-08-28,2026-08-28T06:30:00+00:00
IE1000000374,Cedar Global Aggregate Bond Screened UCITS ETF,Cedar Capital,Cedar Capital,Fixed Income,Global Aggregate Bond,Core,Global Aggregate Bond,LU,CHF,398.67,CHF,2022-07-01,4.2,Physical,Accumulating,0.44,Euronext Paris,XPAR,CE0372,EUR,2024-06-22,FR,Cedar Fund Data,2026-08-28,2026-08-28T06:30:00+00:00
IE1000000374,Cedar Global Aggregate Bond Screened UCITS ETF,Cedar Capital,Cedar Capital,Fixed Income,Global Aggregate Bond,Core,Global Aggregate Bond,LU,CHF,392.29,CHF,2022-07-01,4.2,Physical,Accumulating,0.44,Deutsche Börse Xetra,XETR,CE0371,EUR,2023-12-02,DE,Cedar Fund Data,2026-08-28,2026-08-28T06:30:00+00:00
IE1000000382,Quarry Broad Commodities Screened UCITS ETF,Quarry Investments,Quarry Investments,Commodity,Broad Commodities,Broad,Diversified Commodity,LU,EUR,106.04,EUR,2008-11-30,17.7,Physical,Distributing,0.55,Borsa Italiana,XMIL,QU0383,EUR,2010-01-07,IT,Quarry Product Feed,2026-08-28,2026-08-28T06:30:00+00:00
IE1000000382,Quarry Broad Commodities Screened UCITS ETF,Quarry Investments,Quarry Investments,Commodity,Broad Commodities,Broad,Diversified Commodity,LU,EUR,106.88,EUR,2008-11-30,17.7,Physical,Distributing,0.55,SIX Swiss Exchange,XSWX,QU0384,USD,2010-05-07,CH,Quarry Product Feed,2026-08-28,2026-08-28T06:30:00+00:00
IE1000000382,Quarry Broad Commodities Screened UCITS ETF,Quarry Investments,Quarry Investments,Commodity,Broad Commodities,Broad,Diversified Commodity,LU,EUR,110.25,EUR,2008-11-30,17.7,Physical,Distributing,0.55,Deutsche Börse Xetra,XETR,QU0381,EUR,2011-01-21,DE,Quarry Product Feed,2026-08-28,2026-08-28T06:30:00+00:00
IE1000000390,Vela Balanced Enhanced ETF,Vela Asset Management,Vela Asset Management,Multi-Asset,Balanced,Allocation,Global 60/40,IE,EUR,1593.3,EUR,2022-02-27,4.5,Physical,Accumulating,0.27,Euronext Amsterdam,XAMS,VE0395,EUR,2023-09-27,NL,Vela Fund Files,2026-08-28,2026-08-28T06:30:00+00:00
IE1000000390,Vela Balanced Enhanced ETF,Vela Asset Management,Vela Asset Management,Multi-Asset,Balanced,Allocation,Global 60/40,IE,EUR,1659.01,EUR,2022-02-27,4.5,Physical,Accumulating,0.27,Borsa Italiana,XMIL,VE0393,EUR,2022-12-06,IT,Vela Fund Files,2026-08-28,2026-08-28T06:30:00+00:00
IE1000000408,Atlas Technology UCITS ETF,Atlas Index,Atlas Index,Equity,Technology,Thematic,Global Technology Leaders,IE,GBP,39.24,GBP,2024-05-05,2.3,Physical,Accumulating,0.61,SIX Swiss Exchange,XSWX,AT0404,USD,2026-04-26,CH,Atlas Data Feed,2026-08-28,2026-08-28T06:30:00+00:00
IE1000000408,Atlas Technology UCITS ETF,Atlas Index,Atlas Index,Equity,Technology,Thematic,Global Technology Leaders,IE,GBP,37.71,GBP,2024-05-05,2.3,Physical,Accumulating,0.61,Borsa Italiana,XMIL,AT0403,EUR,2025-04-24,IT,Atlas Data Feed,2026-08-28,2026-08-28T06:30:00+00:00
IE1000000408,Atlas Technology UCITS ETF,Atlas Index,Atlas Index,Equity,Technology,Thematic,Global Technology Leaders,IE,GBP,38.99,GBP,2024-05-05,2.3,Physical,Accumulating,0.61,Bolsa de Madrid,XMAD,AT0406,EUR,2025-09-20,ES,Atlas Data Feed,2026-08-28,2026-08-28T06:30:00+00:00
IE1000000416,Northstar Corporate Bond Index ETF,Northstar Asset Management,Northstar Asset Management,Fixed Income,Corporate Bond,Income,Global Corporate Bond,IE,EUR,29.59,EUR,2019-07-06,7.1,Sampling,Accumulating,0.14,Euronext Amsterdam,XAMS,NO0415,EUR,2019-12-15,NL,Northstar Public Data,2026-08-28,2026-08-28T06:30:00+00:00
IE1000000416,Northstar Corporate Bond Index ETF,Northstar Asset Management,Northstar Asset Management,Fixed Income,Corporate Bond,Income,Global Corporate Bond,IE,EUR,30.9,EUR,2019-07-06,7.1,Sampling,Accumulating,0.14,SIX Swiss Exchange,XSWX,NO0414,USD,2020-05-22,CH,Northstar Public Data,2026-08-28,2026-08-28T06:30:00+00:00
IE1000000424,Helix Gold UCITS ETF,Helix Funds,Helix Funds,Commodity,Gold,Single commodity,Physical Gold Reference,LU,EUR,234.18,EUR,2015-11-18,10.8,Physical,Distributing,0.74,Borsa Italiana,XMIL,HE0423,EUR,2016-03-13,IT,Helix Market Files,2026-08-28,2026-08-28T06:30:00+00:00
IE1000000424,Helix Gold UCITS ETF,Helix Funds,Helix Funds,Commodity,Gold,Single commodity,Physical Gold Reference,LU,EUR,233.92,EUR,2015-11-18,10.8,Physical,Distributing,0.74,Euronext Paris,XPAR,HE0422,EUR,2017-10-20,FR,Helix Market Files,2026-08-28,2026-08-28T06:30:00+00:00
IE1000000432,Meridian Defensive Allocation Enhanced ETF,Meridian ETFs,Meridian ETFs,Multi-Asset,Defensive Allocation,Allocation,Global 30/70,IE,USD,2945.78,USD,2006-08-09,20.1,Sampling,Distributing,0.51,Euronext Amsterdam,XAMS,ME0435,EUR,2007-08-10,NL,Meridian Data Service,2026-08-28,2026-08-28T06:30:00+00:00
IE1000000432,Meridian Defensive Allocation Enhanced ETF,Meridian ETFs,Meridian ETFs,Multi-Asset,Defensive Allocation,Allocation,Global 30/70,IE,USD,3005.07,USD,2006-08-09,20.1,Sampling,Distributing,0.51,Deutsche Börse Xetra,XETR,ME0431,EUR,2007-07-22,DE,Meridian Data Service,2026-08-28,2026-08-28T06:30:00+00:00
IE1000000440,Aperture Emerging Markets Screened UCITS ETF,Aperture Index,Aperture Index,Equity,Emerging Markets,Core,Emerging Markets Broad,IE,EUR,577.81,EUR,2015-12-22,10.7,Physical,Accumulating,0.25,Euronext Amsterdam,XAMS,AP0445,EUR,2017-02-27,NL,Aperture Public Feed,2026-08-28,2026-08-28T06:30:00+00:00
IE1000000440,Aperture Emerging Markets Screened UCITS ETF,Aperture Index,Aperture Index,Equity,Emerging Markets,Core,Emerging Markets Broad,IE,EUR,561.95,EUR,2015-12-22,10.7,Physical,Accumulating,0.25,Bolsa de Madrid,XMAD,AP0446,EUR,2018-03-18,ES,Aperture Public Feed,2026-08-28,2026-08-28T06:30:00+00:00
IE1000000440,Aperture Emerging Markets Screened UCITS ETF,Aperture Index,Aperture Index,Equity,Emerging Markets,Core,Emerging Markets Broad,IE,EUR,558.46,EUR,2015-12-22,10.7,Physical,Accumulating,0.25,SIX Swiss Exchange,XSWX,AP0444,USD,2017-02-01,CH,Aperture Public Feed,2026-08-28,2026-08-28T06:30:00+00:00
IE1000000440,Aperture Emerging Markets Screened UCITS ETF,Aperture Index,Aperture Index,Equity,Emerging Markets,Core,Emerging Markets Broad,IE,EUR,577.85,EUR,2015-12-22,10.7,Physical,Accumulating,0.25,Deutsche Börse Xetra,XETR,AP0441,EUR,2017-05-29,DE,Aperture Public Feed,2026-08-28,2026-08-28T06:30:00+00:00
IE1000000457,Cedar Climate Transition UCITS ETF,Cedar Capital,Cedar Capital,Equity,Climate Transition,ESG,Global Climate Transition,LU,EUR,323.0,EUR,2014-08-16,12.0,Synthetic,Distributing,0.62,London Stock Exchange,XLON,CE0450,USD,2015-10-11,GB,Cedar Fund Data,2026-08-28,2026-08-28T06:30:00+00:00
IE1000000457,Cedar Climate Transition UCITS ETF,Cedar Capital,Cedar Capital,Equity,Climate Transition,ESG,Global Climate Transition,LU,EUR,312.77,EUR,2014-08-16,12.0,Synthetic,Distributing,0.62,Borsa Italiana,XMIL,CE0453,EUR,2015-03-31,IT,Cedar Fund Data,2026-08-28,2026-08-28T06:30:00+00:00
IE1000000457,Cedar Climate Transition UCITS ETF,Cedar Capital,Cedar Capital,Equity,Climate Transition,ESG,Global Climate Transition,LU,EUR,311.1,EUR,2014-08-16,12.0,Synthetic,Distributing,0.62,SIX Swiss Exchange,XSWX,CE0454,CHF,2016-12-08,CH,Cedar Fund Data,2026-08-28,2026-08-28T06:30:00+00:00
IE1000000465,Quarry Broad Commodities Enhanced ETF,Quarry Investments,Quarry Investments,Commodity,Broad Commodities,Broad,Diversified Commodity,IE,EUR,102.11,EUR,2011-08-07,15.1,Physical,Accumulating,0.29,London Stock Exchange,XLON,QU0460,USD,2013-07-01,GB,Quarry Product Feed,2026-08-28,2026-08-28T06:30:00+00:00
IE1000000465,Quarry Broad Commodities Enhanced ETF,Quarry Investments,Quarry Investments,Commodity,Broad Commodities,Broad,Diversified Commodity,IE,EUR,106.32,EUR,2011-08-07,15.1,Physical,Accumulating,0.29,Deutsche Börse Xetra,XETR,QU0461,EUR,2013-09-02,DE,Quarry Product Feed,2026-08-28,2026-08-28T06:30:00+00:00
IE1000000465,Quarry Broad Commodities Enhanced ETF,Quarry Investments,Quarry Investments,Commodity,Broad Commodities,Broad,Diversified Commodity,IE,EUR,101.04,EUR,2011-08-07,15.1,Physical,Accumulating,0.29,SIX Swiss Exchange,XSWX,QU0464,USD,2011-09-15,CH,Quarry Product Feed,2026-08-28,2026-08-28T06:30:00+00:00
IE1000000465,Quarry Broad Commodities Enhanced ETF,Quarry Investments,Quarry Investments,Commodity,Broad Commodities,Broad,Diversified Commodity,IE,EUR,101.01,EUR,2011-08-07,15.1,Physical,Accumulating,0.29,Euronext Amsterdam,XAMS,QU0465,EUR,2012-12-21,NL,Quarry Product Feed,2026-08-28,2026-08-28T06:30:00+00:00
IE1000000473,Vela Balanced Screened UCITS ETF,Vela Asset Management,Vela Asset Management,Multi-Asset,Balanced,Allocation,Global 60/40,LU,GBP,23.62,GBP,2006-04-19,20.4,Physical,Distributing,0.33,Deutsche Börse Xetra,XETR,VE0471,EUR,2006-09-19,DE,Vela Fund Files,2026-08-28,2026-08-28T06:30:00+00:00
IE1000000473,Vela Balanced Screened UCITS ETF,Vela Asset Management,Vela Asset Management,Multi-Asset,Balanced,Allocation,Global 60/40,LU,GBP,25.11,GBP,2006-04-19,20.4,Physical,Distributing,0.33,Bolsa de Madrid,XMAD,VE0476,EUR,2008-08-12,ES,Vela Fund Files,2026-08-28,2026-08-28T06:30:00+00:00
IE1000000473,Vela Balanced Screened UCITS ETF,Vela Asset Management,Vela Asset Management,Multi-Asset,Balanced,Allocation,Global 60/40,LU,GBP,24.98,GBP,2006-04-19,20.4,Physical,Distributing,0.33,Borsa Italiana,XMIL,VE0473,EUR,2008-09-03,IT,Vela Fund Files,2026-08-28,2026-08-28T06:30:00+00:00
IE1000000473,Vela Balanced Screened UCITS ETF,Vela Asset Management,Vela Asset Management,Multi-Asset,Balanced,Allocation,Global 60/40,LU,GBP,23.75,GBP,2006-04-19,20.4,Physical,Distributing,0.33,Euronext Paris,XPAR,VE0472,EUR,2006-12-21,FR,Vela Fund Files,2026-08-28,2026-08-28T06:30:00+00:00
IE1000000481,Atlas Global Large Cap Screened UCITS ETF,Atlas Index,Atlas Index,Equity,Global Large Cap,Core,Global Developed 1000,IE,USD,946.39,USD,2022-12-08,3.7,Physical,Accumulating,0.38,Borsa Italiana,XMIL,AT0483,EUR,2025-03-14,IT,Atlas Data Feed,2026-08-28,2026-08-28T06:30:00+00:00
IE1000000481,Atlas Global Large Cap Screened UCITS ETF,Atlas Index,Atlas Index,Equity,Global Large Cap,Core,Global Developed 1000,IE,USD,952.28,USD,2022-12-08,3.7,Physical,Accumulating,0.38,Bolsa de Madrid,XMAD,AT0486,EUR,2025-05-06,ES,Atlas Data Feed,2026-08-28,2026-08-28T06:30:00+00:00
IE1000000499,Northstar Short Duration Index ETF,Northstar Asset Management,Northstar Asset Management,Fixed Income,Short Duration,Defensive,EUR Corporate 1-3Y,LU,USD,38.11,USD,2018-02-26,8.5,Sampling,Accumulating,0.75,Deutsche Börse Xetra,XETR,NO0491,EUR,2019-08-04,DE,Northstar Public Data,2026-08-28,2026-08-28T06:30:00+00:00
IE1000000499,Northstar Short Duration Index ETF,Northstar Asset Management,Northstar Asset Management,Fixed Income,Short Duration,Defensive,EUR Corporate 1-3Y,LU,USD,37.87,USD,2018-02-26,8.5,Sampling,Accumulating,0.75,London Stock Exchange,XLON,NO0490,GBP,2019-04-09,GB,Northstar Public Data,2026-08-28,2026-08-28T06:30:00+00:00
IE1000000499,Northstar Short Duration Index ETF,Northstar Asset Management,Northstar Asset Management,Fixed Income,Short Duration,Defensive,EUR Corporate 1-3Y,LU,USD,36.6,USD,2018-02-26,8.5,Sampling,Accumulating,0.75,Euronext Amsterdam,XAMS,NO0495,EUR,2018-03-22,NL,Northstar Public Data,2026-08-28,2026-08-28T06:30:00+00:00
IE1000000507,Helix US Equity Enhanced ETF,Helix Funds,Helix Funds,Equity,US Equity,Core,US Large Cap 500,LU,EUR,2367.94,EUR,2007-09-21,18.9,Sampling,Distributing,0.19,London Stock Exchange,XLON,HE0500,USD,2007-12-05,GB,Helix Market Files,2026-08-28,2026-08-28T06:30:00+00:00
IE1000000515,Meridian Defensive Allocation Enhanced ETF,Meridian ETFs,Meridian ETFs,Multi-Asset,Defensive Allocation,Allocation,Global 30/70,LU,EUR,7269.48,EUR,2007-05-05,19.3,Physical,Accumulating,0.35,SIX Swiss Exchange,XSWX,ME0514,USD,2008-07-15,CH,Meridian Data Service,2026-08-28,2026-08-28T06:30:00+00:00
IE1000000515,Meridian Defensive Allocation Enhanced ETF,Meridian ETFs,Meridian ETFs,Multi-Asset,Defensive Allocation,Allocation,Global 30/70,LU,EUR,7269.84,EUR,2007-05-05,19.3,Physical,Accumulating,0.35,Borsa Italiana,XMIL,ME0513,EUR,2009-03-21,IT,Meridian Data Service,2026-08-28,2026-08-28T06:30:00+00:00
IE1000000515,Meridian Defensive Allocation Enhanced ETF,Meridian ETFs,Meridian ETFs,Multi-Asset,Defensive Allocation,Allocation,Global 30/70,LU,EUR,7274.66,EUR,2007-05-05,19.3,Physical,Accumulating,0.35,Bolsa de Madrid,XMAD,ME0516,EUR,2008-02-17,ES,Meridian Data Service,2026-08-28,2026-08-28T06:30:00+00:00
IE1000000523,Aperture Global Large Cap Index ETF,Aperture Index,Aperture Index,Equity,Global Large Cap,Core,Global Developed 1000,IE,EUR,14531.07,EUR,2010-12-23,15.7,Physical,Accumulating,0.21,Borsa Italiana,XMIL,AP0523,EUR,2011-04-06,IT,Aperture Public Feed,2026-08-28,2026-08-28T06:30:00+00:00
IE1000000523,Aperture Global Large Cap Index ETF,Aperture Index,Aperture Index,Equity,Global Large Cap,Core,Global Developed 1000,IE,EUR,14376.91,EUR,2010-12-23,15.7,Physical,Accumulating,0.21,Euronext Amsterdam,XAMS,AP0525,EUR,2013-01-21,NL,Aperture Public Feed,2026-08-28,2026-08-28T06:30:00+00:00
IE1000000531,Cedar Global Aggregate Bond Enhanced ETF,Cedar Capital,Cedar Capital,Fixed Income,Global Aggregate Bond,Core,Global Aggregate Bond,LU,EUR,85.52,EUR,2018-10-04,7.9,Physical,Accumulating,0.67,Bolsa de Madrid,XMAD,CE0536,EUR,2019-12-14,ES,Cedar Fund Data,2026-08-28,2026-08-28T06:30:00+00:00
IE1000000531,Cedar Global Aggregate Bond Enhanced ETF,Cedar Capital,Cedar Capital,Fixed Income,Global Aggregate Bond,Core,Global Aggregate Bond,LU,EUR,87.49,EUR,2018-10-04,7.9,Physical,Accumulating,0.67,London Stock Exchange,XLON,CE0530,GBP,2019-01-05,GB,Cedar Fund Data,2026-08-28,2026-08-28T06:30:00+00:00
IE1000000531,Cedar Global Aggregate Bond Enhanced ETF,Cedar Capital,Cedar Capital,Fixed Income,Global Aggregate Bond,Core,Global Aggregate Bond,LU,EUR,87.57,EUR,2018-10-04,7.9,Physical,Accumulating,0.67,Euronext Amsterdam,XAMS,CE0535,EUR,2019-01-29,NL,Cedar Fund Data,2026-08-28,2026-08-28T06:30:00+00:00
IE1000000531,Cedar Global Aggregate Bond Enhanced ETF,Cedar Capital,Cedar Capital,Fixed Income,Global Aggregate Bond,Core,Global Aggregate Bond,LU,EUR,82.98,EUR,2018-10-04,7.9,Physical,Accumulating,0.67,Borsa Italiana,XMIL,CE0533,EUR,2019-07-12,IT,Cedar Fund Data,2026-08-28,2026-08-28T06:30:00+00:00
IE1000000549,Quarry Broad Commodities Index ETF,Quarry Investments,Quarry Investments,Commodity,Broad Commodities,Broad,Diversified Commodity,IE,EUR,140.29,EUR,2008-07-25,18.1,Sampling,Distributing,0.32,Euronext Paris,XPAR,QU0542,EUR,2009-05-01,FR,Quarry Product Feed,2026-08-28,2026-08-28T06:30:00+00:00
IE1000000549,Quarry Broad Commodities Index ETF,Quarry Investments,Quarry Investments,Commodity,Broad Commodities,Broad,Diversified Commodity,IE,EUR,142.16,EUR,2008-07-25,18.1,Sampling,Distributing,0.32,Deutsche Börse Xetra,XETR,QU0541,EUR,2010-12-01,DE,Quarry Product Feed,2026-08-28,2026-08-28T06:30:00+00:00
IE1000000549,Quarry Broad Commodities Index ETF,Quarry Investments,Quarry Investments,Commodity,Broad Commodities,Broad,Diversified Commodity,IE,EUR,143.82,EUR,2008-07-25,18.1,Sampling,Distributing,0.32,London Stock Exchange,XLON,QU0540,USD,2010-11-09,GB,Quarry Product Feed,2026-08-28,2026-08-28T06:30:00+00:00
IE1000000549,Quarry Broad Commodities Index ETF,Quarry Investments,Quarry Investments,Commodity,Broad Commodities,Broad,Diversified Commodity,IE,EUR,136.89,EUR,2008-07-25,18.1,Sampling,Distributing,0.32,Borsa Italiana,XMIL,QU0543,EUR,2010-05-07,IT,Quarry Product Feed,2026-08-28,2026-08-28T06:30:00+00:00
IE1000000556,Vela Global Large Cap UCITS ETF,Vela Asset Management,Vela Asset Management,Equity,Global Large Cap,Core,Global Developed 1000,LU,USD,39.95,USD,2018-11-16,7.8,Physical,Accumulating,0.32,Euronext Amsterdam,XAMS,VE0555,EUR,2019-03-28,NL,Vela Fund Files,2026-08-28,2026-08-28T06:30:00+00:00
IE1000000556,Vela Global Large Cap UCITS ETF,Vela Asset Management,Vela Asset Management,Equity,Global Large Cap,Core,Global Developed 1000,LU,USD,38.77,USD,2018-11-16,7.8,Physical,Accumulating,0.32,SIX Swiss Exchange,XSWX,VE0554,USD,2019-04-05,CH,Vela Fund Files,2026-08-28,2026-08-28T06:30:00+00:00
IE1000000564,Atlas Global Large Cap UCITS ETF,Atlas Index,Atlas Index,Equity,Global Large Cap,Core,Global Developed 1000,IE,EUR,4713.41,EUR,2012-01-04,14.6,Sampling,Distributing,0.18,Euronext Paris,XPAR,AT0562,EUR,2013-09-16,FR,Atlas Data Feed,2026-08-28,2026-08-28T06:30:00+00:00
IE1000000564,Atlas Global Large Cap UCITS ETF,Atlas Index,Atlas Index,Equity,Global Large Cap,Core,Global Developed 1000,IE,EUR,4862.59,EUR,2012-01-04,14.6,Sampling,Distributing,0.18,Bolsa de Madrid,XMAD,AT0566,EUR,2012-06-03,ES,Atlas Data Feed,2026-08-28,2026-08-28T06:30:00+00:00
IE1000000572,Northstar Euro Government Bond Screened UCITS ETF,Northstar Asset Management,Northstar Asset Management,Fixed Income,Euro Government Bond,Duration,Euro Sovereign 7-10Y,IE,USD,383.85,USD,2024-09-29,1.9,Synthetic,Accumulating,0.22,Bolsa de Madrid,XMAD,NO0576,EUR,2025-02-10,ES,Northstar Public Data,2026-08-28,2026-08-28T06:30:00+00:00
IE1000000580,Helix Broad Commodities UCITS ETF,Helix Funds,Helix Funds,Commodity,Broad Commodities,Broad,Diversified Commodity,LU,EUR,3339.62,EUR,2022-02-16,4.5,Physical,Accumulating,0.27,Borsa Italiana,XMIL,HE0583,EUR,2023-07-21,IT,Helix Market Files,2026-08-28,2026-08-28T06:30:00+00:00
IE1000000580,Helix Broad Commodities UCITS ETF,Helix Funds,Helix Funds,Commodity,Broad Commodities,Broad,Diversified Commodity,LU,EUR,3273.61,EUR,2022-02-16,4.5,Physical,Accumulating,0.27,Bolsa de Madrid,XMAD,HE0586,EUR,2022-07-09,ES,Helix Market Files,2026-08-28,2026-08-28T06:30:00+00:00
IE1000000580,Helix Broad Commodities UCITS ETF,Helix Funds,Helix Funds,Commodity,Broad Commodities,Broad,Diversified Commodity,LU,EUR,3224.79,EUR,2022-02-16,4.5,Physical,Accumulating,0.27,SIX Swiss Exchange,XSWX,HE0584,USD,2023-02-13,CH,Helix Market Files,2026-08-28,2026-08-28T06:30:00+00:00
IE1000000598,Meridian Defensive Allocation Screened UCITS ETF,Meridian ETFs,Meridian ETFs,Multi-Asset,Defensive Allocation,Allocation,Global 30/70,LU,CHF,92.77,CHF,2006-04-24,20.3,Physical,Distributing,0.45,Deutsche Börse Xetra,XETR,ME0591,EUR,2006-11-07,DE,Meridian Data Service,2026-08-28,2026-08-28T06:30:00+00:00
IE1000000598,Meridian Defensive Allocation Screened UCITS ETF,Meridian ETFs,Meridian ETFs,Multi-Asset,Defensive Allocation,Allocation,Global 30/70,LU,CHF,90.74,CHF,2006-04-24,20.3,Physical,Distributing,0.45,Borsa Italiana,XMIL,ME0593,EUR,2008-07-04,IT,Meridian Data Service,2026-08-28,2026-08-28T06:30:00+00:00
IE1000000598,Meridian Defensive Allocation Screened UCITS ETF,Meridian ETFs,Meridian ETFs,Multi-Asset,Defensive Allocation,Allocation,Global 30/70,LU,CHF,90.04,CHF,2006-04-24,20.3,Physical,Distributing,0.45,SIX Swiss Exchange,XSWX,ME0594,USD,2007-05-17,CH,Meridian Data Service,2026-08-28,2026-08-28T06:30:00+00:00
IE1000000606,Aperture Emerging Markets Index ETF,Aperture Index,Aperture Index,Equity,Emerging Markets,Core,Emerging Markets Broad,LU,EUR,590.82,EUR,2008-04-08,18.4,Sampling,Accumulating,0.4,Bolsa de Madrid,XMAD,AP0606,EUR,2009-08-17,ES,Aperture Public Feed,2026-08-28,2026-08-28T06:30:00+00:00
IE1000000606,Aperture Emerging Markets Index ETF,Aperture Index,Aperture Index,Equity,Emerging Markets,Core,Emerging Markets Broad,LU,EUR,608.27,EUR,2008-04-08,18.4,Sampling,Accumulating,0.4,Euronext Paris,XPAR,AP0602,EUR,2008-07-16,FR,Aperture Public Feed,2026-08-28,2026-08-28T06:30:00+00:00
IE1000000606,Aperture Emerging Markets Index ETF,Aperture Index,Aperture Index,Equity,Emerging Markets,Core,Emerging Markets Broad,LU,EUR,597.86,EUR,2008-04-08,18.4,Sampling,Accumulating,0.4,SIX Swiss Exchange,XSWX,AP0604,CHF,2009-03-10,CH,Aperture Public Feed,2026-08-28,2026-08-28T06:30:00+00:00
IE1000000614,Cedar Corporate Bond UCITS ETF,Cedar Capital,Cedar Capital,Fixed Income,Corporate Bond,Income,Global Corporate Bond,IE,GBP,23.28,GBP,2006-03-17,20.4,Synthetic,Accumulating,0.64,Deutsche Börse Xetra,XETR,CE0611,EUR,2007-02-20,DE,Cedar Fund Data,2026-08-28,2026-08-28T06:30:00+00:00
IE1000000614,Cedar Corporate Bond UCITS ETF,Cedar Capital,Cedar Capital,Fixed Income,Corporate Bond,Income,Global Corporate Bond,IE,GBP,24.22,GBP,2006-03-17,20.4,Synthetic,Accumulating,0.64,London Stock Exchange,XLON,CE0610,USD,2007-02-11,GB,Cedar Fund Data,2026-08-28,2026-08-28T06:30:00+00:00
IE1000000622,Quarry Gold Enhanced ETF,Quarry Investments,Quarry Investments,Commodity,Gold,Single commodity,Physical Gold Reference,IE,USD,2868.13,USD,2016-02-09,10.5,Physical,Distributing,0.08,SIX Swiss Exchange,XSWX,QU0624,USD,2018-01-15,CH,Quarry Product Feed,2026-08-28,2026-08-28T06:30:00+00:00
IE1000000622,Quarry Gold Enhanced ETF,Quarry Investments,Quarry Investments,Commodity,Gold,Single commodity,Physical Gold Reference,IE,USD,2884.2,USD,2016-02-09,10.5,Physical,Distributing,0.08,Deutsche Börse Xetra,XETR,QU0621,EUR,2017-10-31,DE,Quarry Product Feed,2026-08-28,2026-08-28T06:30:00+00:00
IE1000000622,Quarry Gold Enhanced ETF,Quarry Investments,Quarry Investments,Commodity,Gold,Single commodity,Physical Gold Reference,IE,USD,2912.14,USD,2016-02-09,10.5,Physical,Distributing,0.08,Borsa Italiana,XMIL,QU0623,EUR,2016-09-14,IT,Quarry Product Feed,2026-08-28,2026-08-28T06:30:00+00:00
IE1000000630,Vela Defensive Allocation Enhanced ETF,Vela Asset Management,Vela Asset Management,Multi-Asset,Defensive Allocation,Allocation,Global 30/70,IE,USD,21.16,USD,2013-07-09,13.1,Sampling,Accumulating,0.06,Deutsche Börse Xetra,XETR,VE0631,EUR,2015-05-19,DE,Vela Fund Files,2026-08-28,2026-08-28T06:30:00+00:00
IE1000000648,Atlas US Equity UCITS ETF,Atlas Index,Atlas Index,Equity,US Equity,Core,US Large Cap 500,LU,EUR,190.11,EUR,2024-01-06,2.6,Physical,Accumulating,0.59,Bolsa de Madrid,XMAD,AT0646,EUR,2024-11-24,ES,Atlas Data Feed,2026-08-28,2026-08-28T06:30:00+00:00
IE1000000648,Atlas US Equity UCITS ETF,Atlas Index,Atlas Index,Equity,US Equity,Core,US Large Cap 500,LU,EUR,184.22,EUR,2024-01-06,2.6,Physical,Accumulating,0.59,Deutsche Börse Xetra,XETR,AT0641,EUR,2024-12-10,DE,Atlas Data Feed,2026-08-28,2026-08-28T06:30:00+00:00
IE1000000648,Atlas US Equity UCITS ETF,Atlas Index,Atlas Index,Equity,US Equity,Core,US Large Cap 500,LU,EUR,182.47,EUR,2024-01-06,2.6,Physical,Accumulating,0.59,London Stock Exchange,XLON,AT0640,USD,2025-02-01,GB,Atlas Data Feed,2026-08-28,2026-08-28T06:30:00+00:00
IE1000000648,Atlas US Equity UCITS ETF,Atlas Index,Atlas Index,Equity,US Equity,Core,US Large Cap 500,LU,EUR,187.74,EUR,2024-01-06,2.6,Physical,Accumulating,0.59,Euronext Amsterdam,XAMS,AT0645,EUR,2025-04-13,NL,Atlas Data Feed,2026-08-28,2026-08-28T06:30:00+00:00
IE1000000655,Northstar Emerging Markets Index ETF,Northstar Asset Management,Northstar Asset Management,Equity,Emerging Markets,Core,Emerging Markets Broad,IE,EUR,8024.44,EUR,2020-11-04,5.8,Physical,Accumulating,0.47,Bolsa de Madrid,XMAD,NO0656,EUR,2020-12-29,ES,Northstar Public Data,2026-08-28,2026-08-28T06:30:00+00:00
IE1000000655,Northstar Emerging Markets Index ETF,Northstar Asset Management,Northstar Asset Management,Equity,Emerging Markets,Core,Emerging Markets Broad,IE,EUR,7941.6,EUR,2020-11-04,5.8,Physical,Accumulating,0.47,Euronext Amsterdam,XAMS,NO0655,EUR,2021-12-30,NL,Northstar Public Data,2026-08-28,2026-08-28T06:30:00+00:00
IE1000000655,Northstar Emerging Markets Index ETF,Northstar Asset Management,Northstar Asset Management,Equity,Emerging Markets,Core,Emerging Markets Broad,IE,EUR,7657.04,EUR,2020-11-04,5.8,Physical,Accumulating,0.47,Deutsche Börse Xetra,XETR,NO0651,EUR,2022-06-02,DE,Northstar Public Data,2026-08-28,2026-08-28T06:30:00+00:00
IE1000000663,Helix Broad Commodities Screened UCITS ETF,Helix Funds,Helix Funds,Commodity,Broad Commodities,Broad,Diversified Commodity,IE,EUR,19235.97,EUR,2017-05-12,9.3,Physical,Accumulating,0.33,Bolsa de Madrid,XMAD,HE0666,EUR,2017-12-06,ES,Helix Market Files,2026-08-28,2026-08-28T06:30:00+00:00
IE1000000663,Helix Broad Commodities Screened UCITS ETF,Helix Funds,Helix Funds,Commodity,Broad Commodities,Broad,Diversified Commodity,IE,EUR,18379.35,EUR,2017-05-12,9.3,Physical,Accumulating,0.33,Borsa Italiana,XMIL,HE0663,EUR,2018-10-19,IT,Helix Market Files,2026-08-28,2026-08-28T06:30:00+00:00
IE1000000663,Helix Broad Commodities Screened UCITS ETF,Helix Funds,Helix Funds,Commodity,Broad Commodities,Broad,Diversified Commodity,IE,EUR,18745.37,EUR,2017-05-12,9.3,Physical,Accumulating,0.33,London Stock Exchange,XLON,HE0660,USD,2017-07-07,GB,Helix Market Files,2026-08-28,2026-08-28T06:30:00+00:00
IE1000000671,Meridian Balanced Index ETF,Meridian ETFs,Meridian ETFs,Multi-Asset,Balanced,Allocation,Global 60/40,LU,EUR,15335.16,EUR,2009-08-22,17.0,Physical,Accumulating,0.55,Bolsa de Madrid,XMAD,ME0676,EUR,2012-01-24,ES,Meridian Data Service,2026-08-28,2026-08-28T06:30:00+00:00
IE1000000671,Meridian Balanced Index ETF,Meridian ETFs,Meridian ETFs,Multi-Asset,Balanced,Allocation,Global 60/40,LU,EUR,16321.48,EUR,2009-08-22,17.0,Physical,Accumulating,0.55,SIX Swiss Exchange,XSWX,ME0674,USD,2010-01-26,CH,Meridian Data Service,2026-08-28,2026-08-28T06:30:00+00:00
IE1000000671,Meridian Balanced Index ETF,Meridian ETFs,Meridian ETFs,Multi-Asset,Balanced,Allocation,Global 60/40,LU,EUR,15923.7,EUR,2009-08-22,17.0,Physical,Accumulating,0.55,London Stock Exchange,XLON,ME0670,USD,2011-01-16,GB,Meridian Data Service,2026-08-28,2026-08-28T06:30:00+00:00
IE1000000671,Meridian Balanced Index ETF,Meridian ETFs,Meridian ETFs,Multi-Asset,Balanced,Allocation,Global 60/40,LU,EUR,15365.8,EUR,2009-08-22,17.0,Physical,Accumulating,0.55,Euronext Amsterdam,XAMS,ME0675,EUR,2011-03-21,NL,Meridian Data Service,2026-08-28,2026-08-28T06:30:00+00:00
IE1000000689,Aperture Global Large Cap Screened UCITS ETF,Aperture Index,Aperture Index,Equity,Global Large Cap,Core,Global Developed 1000,IE,USD,19.85,USD,2011-03-10,15.5,Physical,Accumulating,0.63,Borsa Italiana,XMIL,AP0683,EUR,2013-01-30,IT,Aperture Public Feed,2026-08-28,2026-08-28T06:30:00+00:00
IE1000000689,Aperture Global Large Cap Screened UCITS ETF,Aperture Index,Aperture Index,Equity,Global Large Cap,Core,Global Developed 1000,IE,USD,20.72,USD,2011-03-10,15.5,Physical,Accumulating,0.63,SIX Swiss Exchange,XSWX,AP0684,USD,2012-01-11,CH,Aperture Public Feed,2026-08-28,2026-08-28T06:30:00+00:00
IE1000000697,Cedar Euro Government Bond Enhanced ETF,Cedar Capital,Cedar Capital,Fixed Income,Euro Government Bond,Duration,Euro Sovereign 7-10Y,LU,EUR,1145.12,EUR,2021-11-28,4.7,Sampling,Accumulating,0.19,Euronext Paris,XPAR,CE0692,EUR,2024-04-03,FR,Cedar Fund Data,2026-08-28,2026-08-28T06:30:00+00:00
IE1000000705,Quarry Climate Transition Screened UCITS ETF,Quarry Investments,Quarry Investments,Equity,Climate Transition,ESG,Global Climate Transition,IE,USD,70.62,USD,2022-07-02,4.2,Sampling,Distributing,0.61,Borsa Italiana,XMIL,QU0703,EUR,2024-07-21,IT,Quarry Product Feed,2026-08-28,2026-08-28T06:30:00+00:00
IE1000000705,Quarry Climate Transition Screened UCITS ETF,Quarry Investments,Quarry Investments,Equity,Climate Transition,ESG,Global Climate Transition,IE,USD,72.67,USD,2022-07-02,4.2,Sampling,Distributing,0.61,London Stock Exchange,XLON,QU0700,GBP,2024-11-20,GB,Quarry Product Feed,2026-08-28,2026-08-28T06:30:00+00:00
IE1000000705,Quarry Climate Transition Screened UCITS ETF,Quarry Investments,Quarry Investments,Equity,Climate Transition,ESG,Global Climate Transition,IE,USD,72.66,USD,2022-07-02,4.2,Sampling,Distributing,0.61,Euronext Paris,XPAR,QU0702,EUR,2024-08-22,FR,Quarry Product Feed,2026-08-28,2026-08-28T06:30:00+00:00
IE1000000705,Quarry Climate Transition Screened UCITS ETF,Quarry Investments,Quarry Investments,Equity,Climate Transition,ESG,Global Climate Transition,IE,USD,70.58,USD,2022-07-02,4.2,Sampling,Distributing,0.61,Euronext Amsterdam,XAMS,QU0705,EUR,2022-08-21,NL,Quarry Product Feed,2026-08-28,2026-08-28T06:30:00+00:00
IE1000000713,Vela Defensive Allocation Screened UCITS ETF,Vela Asset Management,Vela Asset Management,Multi-Asset,Defensive Allocation,Allocation,Global 30/70,IE,USD,3974.23,USD,2010-04-27,16.3,Sampling,Distributing,0.37,Deutsche Börse Xetra,XETR,VE0711,EUR,2011-01-02,DE,Vela Fund Files,2026-08-28,2026-08-28T06:30:00+00:00
IE1000000721,Atlas Technology Index ETF,Atlas Index,Atlas Index,Equity,Technology,Thematic,Global Technology Leaders,IE,EUR,4127.41,EUR,2015-06-24,11.2,Physical,Accumulating,0.21,Euronext Amsterdam,XAMS,AT0725,EUR,2016-03-21,NL,Atlas Data Feed,2026-08-28,2026-08-28T06:30:00+00:00
IE1000000721,Atlas Technology Index ETF,Atlas Index,Atlas Index,Equity,Technology,Thematic,Global Technology Leaders,IE,EUR,4221.89,EUR,2015-06-24,11.2,Physical,Accumulating,0.21,SIX Swiss Exchange,XSWX,AT0724,USD,2016-02-13,CH,Atlas Data Feed,2026-08-28,2026-08-28T06:30:00+00:00
IE1000000739,Northstar Corporate Bond Screened UCITS ETF,Northstar Asset Management,Northstar Asset Management,Fixed Income,Corporate Bond,Income,Global Corporate Bond,LU,USD,1169.52,USD,2011-03-27,15.4,Physical,Distributing,0.25,Deutsche Börse Xetra,XETR,NO0731,EUR,2013-04-28,DE,Northstar Public Data,2026-08-28,2026-08-28T06:30:00+00:00
IE1000000747,Helix Gold Enhanced ETF,Helix Funds,Helix Funds,Commodity,Gold,Single commodity,Physical Gold Reference,LU,EUR,105.97,EUR,2021-02-03,5.6,Physical,Distributing,0.67,London Stock Exchange,XLON,HE0740,GBP,2022-09-28,GB,Helix Market Files,2026-08-28,2026-08-28T06:30:00+00:00
IE1000000747,Helix Gold Enhanced ETF,Helix Funds,Helix Funds,Commodity,Gold,Single commodity,Physical Gold Reference,LU,EUR,101.85,EUR,2021-02-03,5.6,Physical,Distributing,0.67,Euronext Paris,XPAR,HE0742,EUR,2023-07-15,FR,Helix Market Files,2026-08-28,2026-08-28T06:30:00+00:00
IE1000000754,Meridian European Equity UCITS ETF,Meridian ETFs,Meridian ETFs,Equity,European Equity,Core,Europe 600,IE,USD,150.53,USD,2017-12-08,8.7,Physical,Distributing,0.39,London Stock Exchange,XLON,ME0750,GBP,2019-12-10,GB,Meridian Data Service,2026-08-28,2026-08-28T06:30:00+00:00
IE1000000762,Aperture European Equity Enhanced ETF,Aperture Index,Aperture Index,Equity,European Equity,Core,Europe 600,LU,EUR,97.02,EUR,2014-07-04,12.2,Sampling,Distributing,0.71,Euronext Paris,XPAR,AP0762,EUR,2016-06-10,FR,Aperture Public Feed,2026-08-28,2026-08-28T06:30:00+00:00
IE1000000762,Aperture European Equity Enhanced ETF,Aperture Index,Aperture Index,Equity,European Equity,Core,Europe 600,LU,EUR,95.8,EUR,2014-07-04,12.2,Sampling,Distributing,0.71,Bolsa de Madrid,XMAD,AP0766,EUR,2015-12-06,ES,Aperture Public Feed,2026-08-28,2026-08-28T06:30:00+00:00
IE1000000762,Aperture European Equity Enhanced ETF,Aperture Index,Aperture Index,Equity,European Equity,Core,Europe 600,LU,EUR,91.47,EUR,2014-07-04,12.2,Sampling,Distributing,0.71,SIX Swiss Exchange,XSWX,AP0764,CHF,2015-07-27,CH,Aperture Public Feed,2026-08-28,2026-08-28T06:30:00+00:00
IE1000000770,Cedar Global Aggregate Bond UCITS ETF,Cedar Capital,Cedar Capital,Fixed Income,Global Aggregate Bond,Core,Global Aggregate Bond,LU,EUR,3002.4,EUR,2009-02-22,17.5,Physical,Accumulating,0.37,Euronext Paris,XPAR,CE0772,EUR,2010-10-30,FR,Cedar Fund Data,2026-08-28,2026-08-28T06:30:00+00:00
IE1000000770,Cedar Global Aggregate Bond UCITS ETF,Cedar Capital,Cedar Capital,Fixed Income,Global Aggregate Bond,Core,Global Aggregate Bond,LU,EUR,3195.73,EUR,2009-02-22,17.5,Physical,Accumulating,0.37,Borsa Italiana,XMIL,CE0773,EUR,2009-04-06,IT,Cedar Fund Data,2026-08-28,2026-08-28T06:30:00+00:00
IE1000000770,Cedar Global Aggregate Bond UCITS ETF,Cedar Capital,Cedar Capital,Fixed Income,Global Aggregate Bond,Core,Global Aggregate Bond,LU,EUR,3031.81,EUR,2009-02-22,17.5,Physical,Accumulating,0.37,SIX Swiss Exchange,XSWX,CE0774,USD,2009-05-10,CH,Cedar Fund Data,2026-08-28,2026-08-28T06:30:00+00:00
IE1000000788,Quarry Broad Commodities Index ETF,Quarry Investments,Quarry Investments,Commodity,Broad Commodities,Broad,Diversified Commodity,IE,EUR,8164.13,EUR,2023-06-08,3.2,Physical,Accumulating,0.37,Euronext Paris,XPAR,QU0782,EUR,2025-07-07,FR,Quarry Product Feed,2026-08-28,2026-08-28T06:30:00+00:00
IE1000000796,Vela Defensive Allocation UCITS ETF,Vela Asset Management,Vela Asset Management,Multi-Asset,Defensive Allocation,Allocation,Global 30/70,LU,CHF,2118.63,CHF,2007-12-05,18.7,Physical,Distributing,0.48,Borsa Italiana,XMIL,VE0793,EUR,2009-03-30,IT,Vela Fund Files,2026-08-28,2026-08-28T06:30:00+00:00
IE1000000804,Atlas Global Large Cap Enhanced ETF,Atlas Index,Atlas Index,Equity,Global Large Cap,Core,Global Developed 1000,LU,CHF,3172.45,CHF,2019-03-28,7.4,Physical,Distributing,0.54,SIX Swiss Exchange,XSWX,AT0804,CHF,2020-01-03,CH,Atlas Data Feed,2026-08-28,2026-08-28T06:30:00+00:00
IE1000000804,Atlas Global Large Cap Enhanced ETF,Atlas Index,Atlas Index,Equity,Global Large Cap,Core,Global Developed 1000,LU,CHF,3188.65,CHF,2019-03-28,7.4,Physical,Distributing,0.54,Bolsa de Madrid,XMAD,AT0806,EUR,2021-04-14,ES,Atlas Data Feed,2026-08-28,2026-08-28T06:30:00+00:00
IE1000000804,Atlas Global Large Cap Enhanced ETF,Atlas Index,Atlas Index,Equity,Global Large Cap,Core,Global Developed 1000,LU,CHF,3256.9,CHF,2019-03-28,7.4,Physical,Distributing,0.54,Euronext Amsterdam,XAMS,AT0805,EUR,2019-08-26,NL,Atlas Data Feed,2026-08-28,2026-08-28T06:30:00+00:00
IE1000000812,Northstar Euro Government Bond UCITS ETF,Northstar Asset Management,Northstar Asset Management,Fixed Income,Euro Government Bond,Duration,Euro Sovereign 7-10Y,IE,USD,8875.79,USD,2025-05-10,1.3,Physical,Accumulating,0.27,Euronext Amsterdam,XAMS,NO0815,EUR,2025-07-16,NL,Northstar Public Data,2026-08-28,2026-08-28T06:30:00+00:00
IE1000000812,Northstar Euro Government Bond UCITS ETF,Northstar Asset Management,Northstar Asset Management,Fixed Income,Euro Government Bond,Duration,Euro Sovereign 7-10Y,IE,USD,8434.78,USD,2025-05-10,1.3,Physical,Accumulating,0.27,Euronext Paris,XPAR,NO0812,EUR,2027-03-08,FR,Northstar Public Data,2026-08-28,2026-08-28T06:30:00+00:00
IE1000000812,Northstar Euro Government Bond UCITS ETF,Northstar Asset Management,Northstar Asset Management,Fixed Income,Euro Government Bond,Duration,Euro Sovereign 7-10Y,IE,USD,8698.84,USD,2025-05-10,1.3,Physical,Accumulating,0.27,London Stock Exchange,XLON,NO0810,GBP,2026-02-10,GB,Northstar Public Data,2026-08-28,2026-08-28T06:30:00+00:00
IE1000000820,Helix Gold UCITS ETF,Helix Funds,Helix Funds,Commodity,Gold,Single commodity,Physical Gold Reference,LU,EUR,5047.48,EUR,2014-02-28,12.5,Physical,Distributing,0.68,Euronext Paris,XPAR,HE0822,EUR,2016-05-21,FR,Helix Market Files,2026-08-28,2026-08-28T06:30:00+00:00
IE1000000820,Helix Gold UCITS ETF,Helix Funds,Helix Funds,Commodity,Gold,Single commodity,Physical Gold Reference,LU,EUR,5001.18,EUR,2014-02-28,12.5,Physical,Distributing,0.68,Euronext Amsterdam,XAMS,HE0825,EUR,2016-01-18,NL,Helix Market Files,2026-08-28,2026-08-28T06:30:00+00:00
IE1000000820,Helix Gold UCITS ETF,Helix Funds,Helix Funds,Commodity,Gold,Single commodity,Physical Gold Reference,LU,EUR,4929.3,EUR,2014-02-28,12.5,Physical,Distributing,0.68,SIX Swiss Exchange,XSWX,HE0824,USD,2015-10-12,CH,Helix Market Files,2026-08-28,2026-08-28T06:30:00+00:00
IE1000000838,Meridian Defensive Allocation Screened UCITS ETF,Meridian ETFs,Meridian ETFs,Multi-Asset,Defensive Allocation,Allocation,Global 30/70,IE,USD,571.19,USD,2020-10-25,5.8,Sampling,Distributing,0.15,Deutsche Börse Xetra,XETR,ME0831,EUR,2021-11-22,DE,Meridian Data Service,2026-08-28,2026-08-28T06:30:00+00:00
IE1000000838,Meridian Defensive Allocation Screened UCITS ETF,Meridian ETFs,Meridian ETFs,Multi-Asset,Defensive Allocation,Allocation,Global 30/70,IE,USD,557.95,USD,2020-10-25,5.8,Sampling,Distributing,0.15,Bolsa de Madrid,XMAD,ME0836,EUR,2022-03-26,ES,Meridian Data Service,2026-08-28,2026-08-28T06:30:00+00:00
IE1000000838,Meridian Defensive Allocation Screened UCITS ETF,Meridian ETFs,Meridian ETFs,Multi-Asset,Defensive Allocation,Allocation,Global 30/70,IE,USD,558.59,USD,2020-10-25,5.8,Sampling,Distributing,0.15,SIX Swiss Exchange,XSWX,ME0834,USD,2022-12-23,CH,Meridian Data Service,2026-08-28,2026-08-28T06:30:00+00:00
IE1000000846,Aperture European Equity Enhanced ETF,Aperture Index,Aperture Index,Equity,European Equity,Core,Europe 600,LU,GBP,2405.22,GBP,2007-11-10,18.8,Sampling,Accumulating,0.47,London Stock Exchange,XLON,AP0840,USD,2008-12-10,GB,Aperture Public Feed,2026-08-28,2026-08-28T06:30:00+00:00
IE1000000846,Aperture European Equity Enhanced ETF,Aperture Index,Aperture Index,Equity,European Equity,Core,Europe 600,LU,GBP,2383.21,GBP,2007-11-10,18.8,Sampling,Accumulating,0.47,Euronext Amsterdam,XAMS,AP0845,EUR,2008-05-21,NL,Aperture Public Feed,2026-08-28,2026-08-28T06:30:00+00:00
IE1000000846,Aperture European Equity Enhanced ETF,Aperture Index,Aperture Index,Equity,European Equity,Core,Europe 600,LU,GBP,2304.86,GBP,2007-11-10,18.8,Sampling,Accumulating,0.47,Bolsa de Madrid,XMAD,AP0846,EUR,2008-12-03,ES,Aperture Public Feed,2026-08-28,2026-08-28T06:30:00+00:00
IE1000000846,Aperture European Equity Enhanced ETF,Aperture Index,Aperture Index,Equity,European Equity,Core,Europe 600,LU,GBP,2420.27,GBP,2007-11-10,18.8,Sampling,Accumulating,0.47,Euronext Paris,XPAR,AP0842,EUR,2008-12-19,FR,Aperture Public Feed,2026-08-28,2026-08-28T06:30:00+00:00
IE1000000853,Cedar Emerging Markets Screened UCITS ETF,Cedar Capital,Cedar Capital,Equity,Emerging Markets,Core,Emerging Markets Broad,LU,EUR,175.21,EUR,2014-04-18,12.4,Synthetic,Accumulating,0.36,Bolsa de Madrid,XMAD,CE0856,EUR,2016-01-19,ES,Cedar Fund Data,2026-08-28,2026-08-28T06:30:00+00:00
IE1000000853,Cedar Emerging Markets Screened UCITS ETF,Cedar Capital,Cedar Capital,Equity,Emerging Markets,Core,Emerging Markets Broad,LU,EUR,168.62,EUR,2014-04-18,12.4,Synthetic,Accumulating,0.36,Borsa Italiana,XMIL,CE0853,EUR,2015-11-07,IT,Cedar Fund Data,2026-08-28,2026-08-28T06:30:00+00:00
IE1000000861,Quarry Gold Index ETF,Quarry Investments,Quarry Investments,Commodity,Gold,Single commodity,Physical Gold Reference,LU,EUR,53.57,EUR,2006-05-15,20.3,Physical,Distributing,0.53,London Stock Exchange,XLON,QU0860,GBP,2008-08-12,GB,Quarry Product Feed,2026-08-28,2026-08-28T06:30:00+00:00
IE1000000879,Vela Defensive Allocation Enhanced ETF,Vela Asset Management,Vela Asset Management,Multi-Asset,Defensive Allocation,Allocation,Global 30/70,IE,EUR,335.4,EUR,2006-12-19,19.7,Sampling,Distributing,0.34,SIX Swiss Exchange,XSWX,VE0874,CHF,2007-12-31,CH,Vela Fund Files,2026-08-28,2026-08-28T06:30:00+00:00
IE1000000879,Vela Defensive Allocation Enhanced ETF,Vela Asset Management,Vela Asset Management,Multi-Asset,Defensive Allocation,Allocation,Global 30/70,IE,EUR,322.02,EUR,2006-12-19,19.7,Sampling,Distributing,0.34,Euronext Paris,XPAR,VE0872,EUR,2007-05-07,FR,Vela Fund Files,2026-08-28,2026-08-28T06:30:00+00:00
IE1000000879,Vela Defensive Allocation Enhanced ETF,Vela Asset Management,Vela Asset Management,Multi-Asset,Defensive Allocation,Allocation,Global 30/70,IE,EUR,331.61,EUR,2006-12-19,19.7,Sampling,Distributing,0.34,Deutsche Börse Xetra,XETR,VE0871,EUR,2007-05-15,DE,Vela Fund Files,2026-08-28,2026-08-28T06:30:00+00:00
IE1000000887,Atlas US Equity Enhanced ETF,Atlas Index,Atlas Index,Equity,US Equity,Core,US Large Cap 500,LU,USD,163.21,USD,2015-07-06,11.1,Synthetic,Distributing,0.33,Deutsche Börse Xetra,XETR,AT0881,EUR,2017-07-06,DE,Atlas Data Feed,2026-08-28,2026-08-28T06:30:00+00:00
IE1000000887,Atlas US Equity Enhanced ETF,Atlas Index,Atlas Index,Equity,US Equity,Core,US Large Cap 500,LU,USD,167.39,USD,2015-07-06,11.1,Synthetic,Distributing,0.33,SIX Swiss Exchange,XSWX,AT0884,USD,2016-11-16,CH,Atlas Data Feed,2026-08-28,2026-08-28T06:30:00+00:00
IE1000000887,Atlas US Equity Enhanced ETF,Atlas Index,Atlas Index,Equity,US Equity,Core,US Large Cap 500,LU,USD,162.29,USD,2015-07-06,11.1,Synthetic,Distributing,0.33,Borsa Italiana,XMIL,AT0883,EUR,2017-05-16,IT,Atlas Data Feed,2026-08-28,2026-08-28T06:30:00+00:00
IE1000000895,Northstar Global Aggregate Bond Screened UCITS ETF,Northstar Asset Management,Northstar Asset Management,Fixed Income,Global Aggregate Bond,Core,Global Aggregate Bond,LU,GBP,86.63,GBP,2014-08-17,12.0,Sampling,Accumulating,0.66,Euronext Amsterdam,XAMS,NO0895,EUR,2016-11-15,NL,Northstar Public Data,2026-08-28,2026-08-28T06:30:00+00:00
IE1000000895,Northstar Global Aggregate Bond Screened UCITS ETF,Northstar Asset Management,Northstar Asset Management,Fixed Income,Global Aggregate Bond,Core,Global Aggregate Bond,LU,GBP,88.74,GBP,2014-08-17,12.0,Sampling,Accumulating,0.66,Euronext Paris,XPAR,NO0892,EUR,2015-05-24,FR,Northstar Public Data,2026-08-28,2026-08-28T06:30:00+00:00
IE1000000895,Northstar Global Aggregate Bond Screened UCITS ETF,Northstar Asset Management,Northstar Asset Management,Fixed Income,Global Aggregate Bond,Core,Global Aggregate Bond,LU,GBP,86.61,GBP,2014-08-17,12.0,Sampling,Accumulating,0.66,Deutsche Börse Xetra,XETR,NO0891,EUR,2015-06-02,DE,Northstar Public Data,2026-08-28,2026-08-28T06:30:00+00:00
IE1000000903,Helix Emerging Markets UCITS ETF,Helix Funds,Helix Funds,Equity,Emerging Markets,Core,Emerging Markets Broad,LU,GBP,35.59,GBP,2014-03-22,12.4,Synthetic,Distributing,0.32,Euronext Paris,XPAR,HE0902,EUR,2014-11-05,FR,Helix Market Files,2026-08-28,2026-08-28T06:30:00+00:00
IE1000000903,Helix Emerging Markets UCITS ETF,Helix Funds,Helix Funds,Equity,Emerging Markets,Core,Emerging Markets Broad,LU,GBP,35.88,GBP,2014-03-22,12.4,Synthetic,Distributing,0.32,Deutsche Börse Xetra,XETR,HE0901,EUR,2016-08-15,DE,Helix Market Files,2026-08-28,2026-08-28T06:30:00+00:00
IE1000000903,Helix Emerging Markets UCITS ETF,Helix Funds,Helix Funds,Equity,Emerging Markets,Core,Emerging Markets Broad,LU,GBP,34.9,GBP,2014-03-22,12.4,Synthetic,Distributing,0.32,Euronext Amsterdam,XAMS,HE0905,EUR,2016-03-16,NL,Helix Market Files,2026-08-28,2026-08-28T06:30:00+00:00
IE1000000911,Meridian Defensive Allocation UCITS ETF,Meridian ETFs,Meridian ETFs,Multi-Asset,Defensive Allocation,Allocation,Global 30/70,IE,EUR,12768.11,EUR,2022-08-30,4.0,Physical,Distributing,0.3,Borsa Italiana,XMIL,ME0913,EUR,2023-05-01,IT,Meridian Data Service,2026-08-28,2026-08-28T06:30:00+00:00
IE1000000911,Meridian Defensive Allocation UCITS ETF,Meridian ETFs,Meridian ETFs,Multi-Asset,Defensive Allocation,Allocation,Global 30/70,IE,EUR,12473.47,EUR,2022-08-30,4.0,Physical,Distributing,0.3,Deutsche Börse Xetra,XETR,ME0911,EUR,2022-11-17,DE,Meridian Data Service,2026-08-28,2026-08-28T06:30:00+00:00
IE1000000929,Aperture Climate Transition Enhanced ETF,Aperture Index,Aperture Index,Equity,Climate Transition,ESG,Global Climate Transition,IE,USD,426.38,USD,2017-10-11,8.9,Physical,Accumulating,0.31,London Stock Exchange,XLON,AP0920,GBP,2020-03-06,GB,Aperture Public Feed,2026-08-28,2026-08-28T06:30:00+00:00
IE1000000929,Aperture Climate Transition Enhanced ETF,Aperture Index,Aperture Index,Equity,Climate Transition,ESG,Global Climate Transition,IE,USD,429.87,USD,2017-10-11,8.9,Physical,Accumulating,0.31,Euronext Amsterdam,XAMS,AP0925,EUR,2019-03-29,NL,Aperture Public Feed,2026-08-28,2026-08-28T06:30:00+00:00
IE1000000929,Aperture Climate Transition Enhanced ETF,Aperture Index,Aperture Index,Equity,Climate Transition,ESG,Global Climate Transition,IE,USD,445.01,USD,2017-10-11,8.9,Physical,Accumulating,0.31,Deutsche Börse Xetra,XETR,AP0921,EUR,2019-03-23,DE,Aperture Public Feed,2026-08-28,2026-08-28T06:30:00+00:00
IE1000000937,Cedar Euro Government Bond Enhanced ETF,Cedar Capital,Cedar Capital,Fixed Income,Euro Government Bond,Duration,Euro Sovereign 7-10Y,IE,EUR,1174.89,EUR,2024-04-21,2.4,Synthetic,Distributing,0.36,Deutsche Börse Xetra,XETR,CE0931,EUR,2026-01-26,DE,Cedar Fund Data,2026-08-28,2026-08-28T06:30:00+00:00
IE1000000945,Quarry Broad Commodities UCITS ETF,Quarry Investments,Quarry Investments,Commodity,Broad Commodities,Broad,Diversified Commodity,IE,EUR,342.65,EUR,2024-04-28,2.3,Physical,Distributing,0.25,London Stock Exchange,XLON,QU0940,GBP,2024-11-18,GB,Quarry Product Feed,2026-08-28,2026-08-28T06:30:00+00:00
IE1000000945,Quarry Broad Commodities UCITS ETF,Quarry Investments,Quarry Investments,Commodity,Broad Commodities,Broad,Diversified Commodity,IE,EUR,360.07,EUR,2024-04-28,2.3,Physical,Distributing,0.25,SIX Swiss Exchange,XSWX,QU0944,CHF,2025-08-09,CH,Quarry Product Feed,2026-08-28,2026-08-28T06:30:00+00:00
IE1000000945,Quarry Broad Commodities UCITS ETF,Quarry Investments,Quarry Investments,Commodity,Broad Commodities,Broad,Diversified Commodity,IE,EUR,343.36,EUR,2024-04-28,2.3,Physical,Distributing,0.25,Bolsa de Madrid,XMAD,QU0946,EUR,2025-07-31,ES,Quarry Product Feed,2026-08-28,2026-08-28T06:30:00+00:00
IE1000000952,Vela Technology Enhanced ETF,Vela Asset Management,Vela Asset Management,Equity,Technology,Thematic,Global Technology Leaders,LU,USD,37.2,USD,2013-10-24,12.8,Physical,Accumulating,0.68,London Stock Exchange,XLON,VE0950,GBP,2014-05-14,GB,Vela Fund Files,2026-08-28,2026-08-28T06:30:00+00:00
IE1000000952,Vela Technology Enhanced ETF,Vela Asset Management,Vela Asset Management,Equity,Technology,Thematic,Global Technology Leaders,LU,USD,36.12,USD,2013-10-24,12.8,Physical,Accumulating,0.68,Euronext Amsterdam,XAMS,VE0955,EUR,2013-11-06,NL,Vela Fund Files,2026-08-28,2026-08-28T06:30:00+00:00
IE1000000960,Atlas Technology Index ETF,Atlas Index,Atlas Index,Equity,Technology,Thematic,Global Technology Leaders,IE,EUR,44.61,EUR,2019-01-09,7.6,Physical,Distributing,0.29,London Stock Exchange,XLON,AT0960,GBP,2019-01-17,GB,Atlas Data Feed,2026-08-28,2026-08-28T06:30:00+00:00
IE1000000960,Atlas Technology Index ETF,Atlas Index,Atlas Index,Equity,Technology,Thematic,Global Technology Leaders,IE,EUR,44.47,EUR,2019-01-09,7.6,Physical,Distributing,0.29,Euronext Amsterdam,XAMS,AT0965,EUR,2019-02-20,NL,Atlas Data Feed,2026-08-28,2026-08-28T06:30:00+00:00
IE1000000978,Northstar Euro Government Bond Enhanced ETF,Northstar Asset Management,Northstar Asset Management,Fixed Income,Euro Government Bond,Duration,Euro Sovereign 7-10Y,IE,CHF,154.77,CHF,2014-08-10,12.0,Physical,Accumulating,0.49,Bolsa de Madrid,XMAD,NO0976,EUR,2016-09-18,ES,Northstar Public Data,2026-08-28,2026-08-28T06:30:00+00:00
IE1000000978,Northstar Euro Government Bond Enhanced ETF,Northstar Asset Management,Northstar Asset Management,Fixed Income,Euro Government Bond,Duration,Euro Sovereign 7-10Y,IE,CHF,161.71,CHF,2014-08-10,12.0,Physical,Accumulating,0.49,SIX Swiss Exchange,XSWX,NO0974,USD,2015-04-21,CH,Northstar Public Data,2026-08-28,2026-08-28T06:30:00+00:00
IE1000000986,Helix Broad Commodities UCITS ETF,Helix Funds,Helix Funds,Commodity,Broad Commodities,Broad,Diversified Commodity,LU,GBP,2926.32,GBP,2015-07-06,11.1,Sampling,Distributing,0.39,Bolsa de Madrid,XMAD,HE0986,EUR,2016-08-22,ES,Helix Market Files,2026-08-28,2026-08-28T06:30:00+00:00
IE1000000986,Helix Broad Commodities UCITS ETF,Helix Funds,Helix Funds,Commodity,Broad Commodities,Broad,Diversified Commodity,LU,GBP,2762.12,GBP,2015-07-06,11.1,Sampling,Distributing,0.39,Borsa Italiana,XMIL,HE0983,EUR,2017-04-28,IT,Helix Market Files,2026-08-28,2026-08-28T06:30:00+00:00
IE1000000986,Helix Broad Commodities UCITS ETF,Helix Funds,Helix Funds,Commodity,Broad Commodities,Broad,Diversified Commodity,LU,GBP,2787.22,GBP,2015-07-06,11.1,Sampling,Distributing,0.39,Deutsche Börse Xetra,XETR,HE0981,EUR,2017-07-21,DE,Helix Market Files,2026-08-28,2026-08-28T06:30:00+00:00
IE1000000994,Meridian Balanced Enhanced ETF,Meridian ETFs,Meridian ETFs,Multi-Asset,Balanced,Allocation,Global 60/40,LU,EUR,27.34,EUR,2016-12-19,9.7,Physical,Distributing,0.12,Euronext Amsterdam,XAMS,ME0995,EUR,2018-11-15,NL,Meridian Data Service,2026-08-28,2026-08-28T06:30:00+00:00
IE1000000994,Meridian Balanced Enhanced ETF,Meridian ETFs,Meridian ETFs,Multi-Asset,Balanced,Allocation,Global 60/40,LU,EUR,27.93,EUR,2016-12-19,9.7,Physical,Distributing,0.12,Borsa Italiana,XMIL,ME0993,EUR,2017-10-11,IT,Meridian Data Service,2026-08-28,2026-08-28T06:30:00+00:00
IE1000001000,Aperture Emerging Markets Enhanced ETF,Aperture Index,Aperture Index,Equity,Emerging Markets,Core,Emerging Markets Broad,LU,USD,4865.3,USD,2019-04-12,7.4,Physical,Distributing,0.72,Bolsa de Madrid,XMAD,AP1006,EUR,2020-07-25,ES,Aperture Public Feed,2026-08-28,2026-08-28T06:30:00+00:00
IE1000001000,Aperture Emerging Markets Enhanced ETF,Aperture Index,Aperture Index,Equity,Emerging Markets,Core,Emerging Markets Broad,LU,USD,4783.84,USD,2019-04-12,7.4,Physical,Distributing,0.72,Euronext Amsterdam,XAMS,AP1005,EUR,2020-12-07,NL,Aperture Public Feed,2026-08-28,2026-08-28T06:30:00+00:00
IE1000001000,Aperture Emerging Markets Enhanced ETF,Aperture Index,Aperture Index,Equity,Emerging Markets,Core,Emerging Markets Broad,LU,USD,4802.87,USD,2019-04-12,7.4,Physical,Distributing,0.72,London Stock Exchange,XLON,AP1000,USD,2019-07-01,GB,Aperture Public Feed,2026-08-28,2026-08-28T06:30:00+00:00
IE1000001018,Cedar Short Duration Screened UCITS ETF,Cedar Capital,Cedar Capital,Fixed Income,Short Duration,Defensive,EUR Corporate 1-3Y,LU,EUR,11158.98,EUR,2015-11-13,10.8,Physical,Distributing,0.31,Deutsche Börse Xetra,XETR,CE1011,EUR,2017-12-13,DE,Cedar Fund Data,2026-08-28,2026-08-28T06:30:00+00:00
IE1000001018,Cedar Short Duration Screened UCITS ETF,Cedar Capital,Cedar Capital,Fixed Income,Short Duration,Defensive,EUR Corporate 1-3Y,LU,EUR,11355.09,EUR,2015-11-13,10.8,Physical,Distributing,0.31,SIX Swiss Exchange,XSWX,CE1014,CHF,2017-09-29,CH,Cedar Fund Data,2026-08-28,2026-08-28T06:30:00+00:00
IE1000001026,Quarry Gold Index ETF,Quarry Investments,Quarry Investments,Commodity,Gold,Single commodity,Physical Gold Reference,IE,USD,316.66,USD,2009-05-31,17.2,Physical,Accumulating,0.41,SIX Swiss Exchange,XSWX,QU1024,CHF,2011-06-30,CH,Quarry Product Feed,2026-08-28,2026-08-28T06:30:00+00:00
IE1000001026,Quarry Gold Index ETF,Quarry Investments,Quarry Investments,Commodity,Gold,Single commodity,Physical Gold Reference,IE,USD,320.58,USD,2009-05-31,17.2,Physical,Accumulating,0.41,Euronext Paris,XPAR,QU1022,EUR,2009-11-09,FR,Quarry Product Feed,2026-08-28,2026-08-28T06:30:00+00:00
IE1000001034,Vela Defensive Allocation UCITS ETF,Vela Asset Management,Vela Asset Management,Multi-Asset,Defensive Allocation,Allocation,Global 30/70,IE,GBP,118.38,GBP,2020-05-30,6.2,Synthetic,Accumulating,0.43,London Stock Exchange,XLON,VE1030,USD,2021-10-07,GB,Vela Fund Files,2026-08-28,2026-08-28T06:30:00+00:00
IE1000001034,Vela Defensive Allocation UCITS ETF,Vela Asset Management,Vela Asset Management,Multi-Asset,Defensive Allocation,Allocation,Global 30/70,IE,GBP,121.65,GBP,2020-05-30,6.2,Synthetic,Accumulating,0.43,Euronext Amsterdam,XAMS,VE1035,EUR,2021-12-14,NL,Vela Fund Files,2026-08-28,2026-08-28T06:30:00+00:00
IE1000001034,Vela Defensive Allocation UCITS ETF,Vela Asset Management,Vela Asset Management,Multi-Asset,Defensive Allocation,Allocation,Global 30/70,IE,GBP,115.22,GBP,2020-05-30,6.2,Synthetic,Accumulating,0.43,Bolsa de Madrid,XMAD,VE1036,EUR,2020-08-15,ES,Vela Fund Files,2026-08-28,2026-08-28T06:30:00+00:00
IE1000001034,Vela Defensive Allocation UCITS ETF,Vela Asset Management,Vela Asset Management,Multi-Asset,Defensive Allocation,Allocation,Global 30/70,IE,GBP,116.41,GBP,2020-05-30,6.2,Synthetic,Accumulating,0.43,Deutsche Börse Xetra,XETR,VE1031,EUR,2022-06-17,DE,Vela Fund Files,2026-08-28,2026-08-28T06:30:00+00:00
IE1000001042,Atlas Global Large Cap Index ETF,Atlas Index,Atlas Index,Equity,Global Large Cap,Core,Global Developed 1000,IE,USD,371.96,USD,2006-07-01,20.2,Sampling,Distributing,0.53,Deutsche Börse Xetra,XETR,AT1041,EUR,2008-05-24,DE,Atlas Data Feed,2026-08-28,2026-08-28T06:30:00+00:00
IE1000001042,Atlas Global Large Cap Index ETF,Atlas Index,Atlas Index,Equity,Global Large Cap,Core,Global Developed 1000,IE,USD,355.2,USD,2006-07-01,20.2,Sampling,Distributing,0.53,Borsa Italiana,XMIL,AT1043,EUR,2008-04-15,IT,Atlas Data Feed,2026-08-28,2026-08-28T06:30:00+00:00
IE1000001042,Atlas Global Large Cap Index ETF,Atlas Index,Atlas Index,Equity,Global Large Cap,Core,Global Developed 1000,IE,USD,371.61,USD,2006-07-01,20.2,Sampling,Distributing,0.53,Euronext Paris,XPAR,AT1042,EUR,2008-03-16,FR,Atlas Data Feed,2026-08-28,2026-08-28T06:30:00+00:00
IE1000001059,Northstar US Equity Screened UCITS ETF,Northstar Asset Management,Northstar Asset Management,Equity,US Equity,Core,US Large Cap 500,IE,EUR,2889.42,EUR,2025-01-13,1.6,Synthetic,Distributing,0.66,London Stock Exchange,XLON,NO1050,GBP,2026-07-07,GB,Northstar Public Data,2026-08-28,2026-08-28T06:30:00+00:00
IE1000001059,Northstar US Equity Screened UCITS ETF,Northstar Asset Management,Northstar Asset Management,Equity,US Equity,Core,US Large Cap 500,IE,EUR,2962.59,EUR,2025-01-13,1.6,Synthetic,Distributing,0.66,Borsa Italiana,XMIL,NO1053,EUR,2025-01-24,IT,Northstar Public Data,2026-08-28,2026-08-28T06:30:00+00:00
IE1000001067,Helix Gold Screened UCITS ETF,Helix Funds,Helix Funds,Commodity,Gold,Single commodity,Physical Gold Reference,IE,USD,12607.92,USD,2008-02-04,18.6,Sampling,Accumulating,0.55,Deutsche Börse Xetra,XETR,HE1061,EUR,2008-06-25,DE,Helix Market Files,2026-08-28,2026-08-28T06:30:00+00:00
IE1000001067,Helix Gold Screened UCITS ETF,Helix Funds,Helix Funds,Commodity,Gold,Single commodity,Physical Gold Reference,IE,USD,12407.97,USD,2008-02-04,18.6,Sampling,Accumulating,0.55,Bolsa de Madrid,XMAD,HE1066,EUR,2008-12-15,ES,Helix Market Files,2026-08-28,2026-08-28T06:30:00+00:00
IE1000001067,Helix Gold Screened UCITS ETF,Helix Funds,Helix Funds,Commodity,Gold,Single commodity,Physical Gold Reference,IE,USD,12226.19,USD,2008-02-04,18.6,Sampling,Accumulating,0.55,Borsa Italiana,XMIL,HE1063,EUR,2009-04-18,IT,Helix Market Files,2026-08-28,2026-08-28T06:30:00+00:00
IE1000001075,Meridian Defensive Allocation Index ETF,Meridian ETFs,Meridian ETFs,Multi-Asset,Defensive Allocation,Allocation,Global 30/70,LU,EUR,189.43,EUR,2022-02-23,4.5,Sampling,Accumulating,0.58,Deutsche Börse Xetra,XETR,ME1071,EUR,2023-04-13,DE,Meridian Data Service,2026-08-28,2026-08-28T06:30:00+00:00
IE1000001075,Meridian Defensive Allocation Index ETF,Meridian ETFs,Meridian ETFs,Multi-Asset,Defensive Allocation,Allocation,Global 30/70,LU,EUR,188.87,EUR,2022-02-23,4.5,Sampling,Accumulating,0.58,SIX Swiss Exchange,XSWX,ME1074,CHF,2022-07-22,CH,Meridian Data Service,2026-08-28,2026-08-28T06:30:00+00:00
IE1000001083,Aperture Climate Transition Screened UCITS ETF,Aperture Index,Aperture Index,Equity,Climate Transition,ESG,Global Climate Transition,LU,GBP,59.05,GBP,2012-07-24,14.1,Physical,Distributing,0.65,Euronext Paris,XPAR,AP1082,EUR,2013-10-03,FR,Aperture Public Feed,2026-08-28,2026-08-28T06:30:00+00:00
IE1000001083,Aperture Climate Transition Screened UCITS ETF,Aperture Index,Aperture Index,Equity,Climate Transition,ESG,Global Climate Transition,LU,GBP,57.48,GBP,2012-07-24,14.1,Physical,Distributing,0.65,Euronext Amsterdam,XAMS,AP1085,EUR,2012-12-16,NL,Aperture Public Feed,2026-08-28,2026-08-28T06:30:00+00:00
IE1000001091,Cedar Short Duration Enhanced ETF,Cedar Capital,Cedar Capital,Fixed Income,Short Duration,Defensive,EUR Corporate 1-3Y,LU,EUR,34.08,EUR,2008-10-31,17.8,Physical,Accumulating,0.23,Euronext Paris,XPAR,CE1092,EUR,2009-02-15,FR,Cedar Fund Data,2026-08-28,2026-08-28T06:30:00+00:00
IE1000001091,Cedar Short Duration Enhanced ETF,Cedar Capital,Cedar Capital,Fixed Income,Short Duration,Defensive,EUR Corporate 1-3Y,LU,EUR,34.92,EUR,2008-10-31,17.8,Physical,Accumulating,0.23,Bolsa de Madrid,XMAD,CE1096,EUR,2009-01-12,ES,Cedar Fund Data,2026-08-28,2026-08-28T06:30:00+00:00
IE1000001109,Quarry Global Large Cap Index ETF,Quarry Investments,Quarry Investments,Equity,Global Large Cap,Core,Global Developed 1000,LU,EUR,229.16,EUR,2008-05-22,18.3,Synthetic,Accumulating,0.2,Deutsche Börse Xetra,XETR,QU1101,EUR,2009-04-23,DE,Quarry Product Feed,2026-08-28,2026-08-28T06:30:00+00:00
IE1000001109,Quarry Global Large Cap Index ETF,Quarry Investments,Quarry Investments,Equity,Global Large Cap,Core,Global Developed 1000,LU,EUR,229.54,EUR,2008-05-22,18.3,Synthetic,Accumulating,0.2,Bolsa de Madrid,XMAD,QU1106,EUR,2010-08-21,ES,Quarry Product Feed,2026-08-28,2026-08-28T06:30:00+00:00
IE1000001117,Vela Balanced UCITS ETF,Vela Asset Management,Vela Asset Management,Multi-Asset,Balanced,Allocation,Global 60/40,LU,USD,4240.61,USD,2007-09-27,18.9,Sampling,Accumulating,0.27,Euronext Paris,XPAR,VE1112,EUR,2009-10-06,FR,Vela Fund Files,2026-08-28,2026-08-28T06:30:00+00:00
IE1000001125,Atlas Emerging Markets Screened UCITS ETF,Atlas Index,Atlas Index,Equity,Emerging Markets,Core,Emerging Markets Broad,LU,GBP,17489.62,GBP,2007-04-17,19.4,Sampling,Distributing,0.64,Euronext Paris,XPAR,AT1122,EUR,2007-08-30,FR,Atlas Data Feed,2026-08-28,2026-08-28T06:30:00+00:00
IE1000001125,Atlas Emerging Markets Screened UCITS ETF,Atlas Index,Atlas Index,Equity,Emerging Markets,Core,Emerging Markets Broad,LU,GBP,16664.56,GBP,2007-04-17,19.4,Sampling,Distributing,0.64,SIX Swiss Exchange,XSWX,AT1124,CHF,2009-06-21,CH,Atlas Data Feed,2026-08-28,2026-08-28T06:30:00+00:00
IE1000001125,Atlas Emerging Markets Screened UCITS ETF,Atlas Index,Atlas Index,Equity,Emerging Markets,Core,Emerging Markets Broad,LU,GBP,16624.29,GBP,2007-04-17,19.4,Sampling,Distributing,0.64,London Stock Exchange,XLON,AT1120,GBP,2008-04-09,GB,Atlas Data Feed,2026-08-28,2026-08-28T06:30:00+00:00
IE1000001133,Northstar Short Duration UCITS ETF,Northstar Asset Management,Northstar Asset Management,Fixed Income,Short Duration,Defensive,EUR Corporate 1-3Y,LU,EUR,142.73,EUR,2009-03-28,17.4,Physical,Accumulating,0.72,Borsa Italiana,XMIL,NO1133,EUR,2010-04-08,IT,Northstar Public Data,2026-08-28,2026-08-28T06:30:00+00:00
IE1000001133,Northstar Short Duration UCITS ETF,Northstar Asset Management,Northstar Asset Management,Fixed Income,Short Duration,Defensive,EUR Corporate 1-3Y,LU,EUR,148.11,EUR,2009-03-28,17.4,Physical,Accumulating,0.72,SIX Swiss Exchange,XSWX,NO1134,CHF,2009-05-18,CH,Northstar Public Data,2026-08-28,2026-08-28T06:30:00+00:00
IE1000001141,Helix Broad Commodities UCITS ETF,Helix Funds,Helix Funds,Commodity,Broad Commodities,Broad,Diversified Commodity,LU,CHF,622.16,CHF,2007-01-14,19.6,Physical,Accumulating,0.32,Euronext Amsterdam,XAMS,HE1145,EUR,2009-04-13,NL,Helix Market Files,2026-08-28,2026-08-28T06:30:00+00:00
IE1000001141,Helix Broad Commodities UCITS ETF,Helix Funds,Helix Funds,Commodity,Broad Commodities,Broad,Diversified Commodity,LU,CHF,623.22,CHF,2007-01-14,19.6,Physical,Accumulating,0.32,Euronext Paris,XPAR,HE1142,EUR,2007-08-27,FR,Helix Market Files,2026-08-28,2026-08-28T06:30:00+00:00
IE1000001158,Meridian US Equity UCITS ETF,Meridian ETFs,Meridian ETFs,Equity,US Equity,Core,US Large Cap 500,LU,EUR,2183.47,EUR,2023-07-26,3.1,Sampling,Accumulating,0.29,Borsa Italiana,XMIL,ME1153,EUR,2024-10-11,IT,Meridian Data Service,2026-08-28,2026-08-28T06:30:00+00:00
IE1000001158,Meridian US Equity UCITS ETF,Meridian ETFs,Meridian ETFs,Equity,US Equity,Core,US Large Cap 500,LU,EUR,2110.23,EUR,2023-07-26,3.1,Sampling,Accumulating,0.29,Euronext Paris,XPAR,ME1152,EUR,2024-08-26,FR,Meridian Data Service,2026-08-28,2026-08-28T06:30:00+00:00
IE1000001166,Aperture Emerging Markets UCITS ETF,Aperture Index,Aperture Index,Equity,Emerging Markets,Core,Emerging Markets Broad,IE,GBP,1001.44,GBP,2022-10-20,3.9,Physical,Accumulating,0.09,Euronext Amsterdam,XAMS,AP1165,EUR,2023-02-25,NL,Aperture Public Feed,2026-08-28,2026-08-28T06:30:00+00:00
IE1000001166,Aperture Emerging Markets UCITS ETF,Aperture Index,Aperture Index,Equity,Emerging Markets,Core,Emerging Markets Broad,IE,GBP,980.62,GBP,2022-10-20,3.9,Physical,Accumulating,0.09,Borsa Italiana,XMIL,AP1163,EUR,2023-06-28,IT,Aperture Public Feed,2026-08-28,2026-08-28T06:30:00+00:00
IE1000001174,Cedar Global Aggregate Bond UCITS ETF,Cedar Capital,Cedar Capital,Fixed Income,Global Aggregate Bond,Core,Global Aggregate Bond,LU,USD,2401.92,USD,2017-09-13,9.0,Sampling,Accumulating,1.95,London Stock Exchange,XLON,CE1170,GBP,2018-10-02,GB,Cedar Fund Data,2026-08-28,2026-08-28T06:30:00+00:00
IE1000001174,Cedar Global Aggregate Bond UCITS ETF,Cedar Capital,Cedar Capital,Fixed Income,Global Aggregate Bond,Core,Global Aggregate Bond,LU,USD,2325.86,USD,2017-09-13,9.0,Sampling,Accumulating,1.95,Bolsa de Madrid,XMAD,CE1176,EUR,2019-10-10,ES,Cedar Fund Data,2026-08-28,2026-08-28T06:30:00+00:00
IE1000001174,Cedar Global Aggregate Bond UCITS ETF,Cedar Capital,Cedar Capital,Fixed Income,Global Aggregate Bond,Core,Global Aggregate Bond,LU,USD,2462.1,USD,2017-09-13,9.0,Sampling,Accumulating,1.95,SIX Swiss Exchange,XSWX,CE1174,USD,2017-12-08,CH,Cedar Fund Data,2026-08-28,2026-08-28T06:30:00+00:00
IE1000001182,Quarry Gold Enhanced ETF,Quarry Investments,Quarry Investments,Commodity,Gold,Single commodity,Physical Gold Reference,LU,GBP,81.22,GBP,2023-10-17,2.9,Physical,Distributing,0.34,Euronext Paris,XPAR,QU1182,EUR,2025-05-14,FR,Quarry Product Feed,2026-08-28,2026-08-28T06:30:00+00:00
IE1000001182,Quarry Gold Enhanced ETF,Quarry Investments,Quarry Investments,Commodity,Gold,Single commodity,Physical Gold Reference,LU,GBP,79.97,GBP,2023-10-17,2.9,Physical,Distributing,0.34,Borsa Italiana,XMIL,QU1183,EUR,2024-05-21,IT,Quarry Product Feed,2026-08-28,2026-08-28T06:30:00+00:00
IE1000001190,Vela Balanced UCITS ETF,Vela Asset Management,Vela Asset Management,Multi-Asset,Balanced,Allocation,Global 60/40,LU,USD,66.99,USD,2010-07-21,16.1,Physical,Distributing,0.18,Deutsche Börse Xetra,XETR,VE1191,EUR,2012-06-23,DE,Vela Fund Files,2026-08-28,2026-08-28T06:30:00+00:00
IE1000001208,Atlas US Equity Screened UCITS ETF,Atlas Index,Atlas Index,Equity,US Equity,Core,US Large Cap 500,LU,CHF,107.85,CHF,2023-06-07,3.2,Sampling,Distributing,0.73,Euronext Amsterdam,XAMS,AT1205,EUR,2024-04-29,NL,Atlas Data Feed,2026-08-28,2026-08-28T06:30:00+00:00
IE1000001216,Northstar Short Duration UCITS ETF,Northstar Asset Management,Northstar Asset Management,Fixed Income,Short Duration,Defensive,EUR Corporate 1-3Y,LU,EUR,2684.34,EUR,2016-02-17,10.5,Physical,Accumulating,0.68,Deutsche Börse Xetra,XETR,NO1211,EUR,2018-03-17,DE,Northstar Public Data,2026-08-28,2026-08-28T06:30:00+00:00
IE1000001216,Northstar Short Duration UCITS ETF,Northstar Asset Management,Northstar Asset Management,Fixed Income,Short Duration,Defensive,EUR Corporate 1-3Y,LU,EUR,2734.44,EUR,2016-02-17,10.5,Physical,Accumulating,0.68,Euronext Paris,XPAR,NO1212,EUR,2016-07-20,FR,Northstar Public Data,2026-08-28,2026-08-28T06:30:00+00:00
IE1000001216,Northstar Short Duration UCITS ETF,Northstar Asset Management,Northstar Asset Management,Fixed Income,Short Duration,Defensive,EUR Corporate 1-3Y,LU,EUR,2852.66,EUR,2016-02-17,10.5,Physical,Accumulating,0.68,SIX Swiss Exchange,XSWX,NO1214,USD,2016-10-20,CH,Northstar Public Data,2026-08-28,2026-08-28T06:30:00+00:00
IE1000001224,Helix Gold Enhanced ETF,Helix Funds,Helix Funds,Commodity,Gold,Single commodity,Physical Gold Reference,LU,EUR,3203.05,EUR,2014-05-29,12.2,Physical,Accumulating,0.2,Euronext Amsterdam,XAMS,HE1225,EUR,2015-05-26,NL,Helix Market Files,2026-08-28,2026-08-28T06:30:00+00:00
IE1000001232,Meridian Balanced UCITS ETF,Meridian ETFs,Meridian ETFs,Multi-Asset,Balanced,Allocation,Global 60/40,IE,EUR,46.2,EUR,2025-01-30,1.6,Synthetic,Accumulating,0.32,Euronext Amsterdam,XAMS,ME1235,EUR,2026-08-24,NL,Meridian Data Service,2026-08-28,2026-08-28T06:30:00+00:00
IE1000001232,Meridian Balanced UCITS ETF,Meridian ETFs,Meridian ETFs,Multi-Asset,Balanced,Allocation,Global 60/40,IE,EUR,46.44,EUR,2025-01-30,1.6,Synthetic,Accumulating,0.32,London Stock Exchange,XLON,ME1230,GBP,2026-05-29,GB,Meridian Data Service,2026-08-28,2026-08-28T06:30:00+00:00
IE1000001232,Meridian Balanced UCITS ETF,Meridian ETFs,Meridian ETFs,Multi-Asset,Balanced,Allocation,Global 60/40,IE,EUR,44.39,EUR,2025-01-30,1.6,Synthetic,Accumulating,0.32,Euronext Paris,XPAR,ME1232,EUR,2025-10-12,FR,Meridian Data Service,2026-08-28,2026-08-28T06:30:00+00:00
IE1000001240,Aperture Global Large Cap Index ETF,Aperture Index,Aperture Index,Equity,Global Large Cap,Core,Global Developed 1000,IE,EUR,44.34,EUR,2009-02-12,17.5,Physical,Distributing,0.54,Euronext Paris,XPAR,AP1242,EUR,2009-12-28,FR,Aperture Public Feed,2026-08-28,2026-08-28T06:30:00+00:00
IE1000001240,Aperture Global Large Cap Index ETF,Aperture Index,Aperture Index,Equity,Global Large Cap,Core,Global Developed 1000,IE,EUR,44.92,EUR,2009-02-12,17.5,Physical,Distributing,0.54,Deutsche Börse Xetra,XETR,AP1241,EUR,2010-12-14,DE,Aperture Public Feed,2026-08-28,2026-08-28T06:30:00+00:00
IE1000001240,Aperture Global Large Cap Index ETF,Aperture Index,Aperture Index,Equity,Global Large Cap,Core,Global Developed 1000,IE,EUR,43.2,EUR,2009-02-12,17.5,Physical,Distributing,0.54,London Stock Exchange,XLON,AP1240,GBP,2009-11-08,GB,Aperture Public Feed,2026-08-28,2026-08-28T06:30:00+00:00
IE1000001257,Cedar Global Large Cap UCITS ETF,Cedar Capital,Cedar Capital,Equity,Global Large Cap,Core,Global Developed 1000,IE,EUR,174.58,EUR,2017-07-15,9.1,Physical,Distributing,0.54,Bolsa de Madrid,XMAD,CE1256,EUR,2017-09-16,ES,Cedar Fund Data,2026-08-28,2026-08-28T06:30:00+00:00
IE1000001257,Cedar Global Large Cap UCITS ETF,Cedar Capital,Cedar Capital,Equity,Global Large Cap,Core,Global Developed 1000,IE,EUR,174.39,EUR,2017-07-15,9.1,Physical,Distributing,0.54,London Stock Exchange,XLON,CE1250,GBP,2018-07-07,GB,Cedar Fund Data,2026-08-28,2026-08-28T06:30:00+00:00
IE1000001257,Cedar Global Large Cap UCITS ETF,Cedar Capital,Cedar Capital,Equity,Global Large Cap,Core,Global Developed 1000,IE,EUR,172.76,EUR,2017-07-15,9.1,Physical,Distributing,0.54,Borsa Italiana,XMIL,CE1253,EUR,2017-10-20,IT,Cedar Fund Data,2026-08-28,2026-08-28T06:30:00+00:00
IE1000001265,Quarry Gold Index ETF,Quarry Investments,Quarry Investments,Commodity,Gold,Single commodity,Physical Gold Reference,LU,USD,16713.73,USD,2009-02-03,17.6,Physical,Accumulating,0.22,Euronext Paris,XPAR,QU1262,EUR,2009-12-05,FR,Quarry Product Feed,2026-08-28,2026-08-28T06:30:00+00:00
IE1000001265,Quarry Gold Index ETF,Quarry Investments,Quarry Investments,Commodity,Gold,Single commodity,Physical Gold Reference,LU,USD,16051.55,USD,2009-02-03,17.6,Physical,Accumulating,0.22,Bolsa de Madrid,XMAD,QU1266,EUR,2009-03-06,ES,Quarry Product Feed,2026-08-28,2026-08-28T06:30:00+00:00
IE1000001265,Quarry Gold Index ETF,Quarry Investments,Quarry Investments,Commodity,Gold,Single commodity,Physical Gold Reference,LU,USD,16488.12,USD,2009-02-03,17.6,Physical,Accumulating,0.22,London Stock Exchange,XLON,QU1260,USD,2010-03-02,GB,Quarry Product Feed,2026-08-28,2026-08-28T06:30:00+00:00
IE1000001273,Vela Balanced Enhanced ETF,Vela Asset Management,Vela Asset Management,Multi-Asset,Balanced,Allocation,Global 60/40,LU,EUR,6977.65,EUR,2023-03-05,3.5,Physical,Accumulating,0.12,Euronext Paris,XPAR,VE1272,EUR,2023-10-16,FR,Vela Fund Files,2026-08-28,2026-08-28T06:30:00+00:00
IE1000001273,Vela Balanced Enhanced ETF,Vela Asset Management,Vela Asset Management,Multi-Asset,Balanced,Allocation,Global 60/40,LU,EUR,7224.47,EUR,2023-03-05,3.5,Physical,Accumulating,0.12,Deutsche Börse Xetra,XETR,VE1271,EUR,2025-04-04,DE,Vela Fund Files,2026-08-28,2026-08-28T06:30:00+00:00
IE1000001273,Vela Balanced Enhanced ETF,Vela Asset Management,Vela Asset Management,Multi-Asset,Balanced,Allocation,Global 60/40,LU,EUR,7112.34,EUR,2023-03-05,3.5,Physical,Accumulating,0.12,SIX Swiss Exchange,XSWX,VE1274,USD,2024-08-20,CH,Vela Fund Files,2026-08-28,2026-08-28T06:30:00+00:00
IE1000001281,Atlas Global Large Cap UCITS ETF,Atlas Index,Atlas Index,Equity,Global Large Cap,Core,Global Developed 1000,LU,GBP,286.51,GBP,2008-06-05,18.2,Sampling,Distributing,0.28,Euronext Paris,XPAR,AT1282,EUR,2009-06-11,FR,Atlas Data Feed,2026-08-28,2026-08-28T06:30:00+00:00
IE1000001281,Atlas Global Large Cap UCITS ETF,Atlas Index,Atlas Index,Equity,Global Large Cap,Core,Global Developed 1000,LU,GBP,280.34,GBP,2008-06-05,18.2,Sampling,Distributing,0.28,SIX Swiss Exchange,XSWX,AT1284,CHF,2009-03-21,CH,Atlas Data Feed,2026-08-28,2026-08-28T06:30:00+00:00
IE1000001299,Northstar Global Aggregate Bond UCITS ETF,Northstar Asset Management,Northstar Asset Management,Fixed Income,Global Aggregate Bond,Core,Global Aggregate Bond,LU,EUR,1270.3,EUR,2019-09-12,7.0,Synthetic,Accumulating,0.57,Euronext Amsterdam,XAMS,NO1295,EUR,2020-03-29,NL,Northstar Public Data,2026-08-28,2026-08-28T06:30:00+00:00
IE1000001299,Northstar Global Aggregate Bond UCITS ETF,Northstar Asset Management,Northstar Asset Management,Fixed Income,Global Aggregate Bond,Core,Global Aggregate Bond,LU,EUR,1314.24,EUR,2019-09-12,7.0,Synthetic,Accumulating,0.57,Borsa Italiana,XMIL,NO1293,EUR,2020-11-24,IT,Northstar Public Data,2026-08-28,2026-08-28T06:30:00+00:00
IE1000001307,Helix European Equity Enhanced ETF,Helix Funds,Helix Funds,Equity,European Equity,Core,Europe 600,IE,EUR,1951.4,EUR,2021-06-12,5.2,Physical,Distributing,0.73,Euronext Amsterdam,XAMS,HE1305,EUR,2022-04-06,NL,Helix Market Files,2026-08-28,2026-08-28T06:30:00+00:00
IE1000001307,Helix European Equity Enhanced ETF,Helix Funds,Helix Funds,Equity,European Equity,Core,Europe 600,IE,EUR,2014.21,EUR,2021-06-12,5.2,Physical,Distributing,0.73,Borsa Italiana,XMIL,HE1303,EUR,2023-07-03,IT,Helix Market Files,2026-08-28,2026-08-28T06:30:00+00:00
IE1000001307,Helix European Equity Enhanced ETF,Helix Funds,Helix Funds,Equity,European Equity,Core,Europe 600,IE,EUR,1972.17,EUR,2021-06-12,5.2,Physical,Distributing,0.73,London Stock Exchange,XLON,HE1300,GBP,2023-10-26,GB,Helix Market Files,2026-08-28,2026-08-28T06:30:00+00:00
IE1000001307,Helix European Equity Enhanced ETF,Helix Funds,Helix Funds,Equity,European Equity,Core,Europe 600,IE,EUR,1923.26,EUR,2021-06-12,5.2,Physical,Distributing,0.73,SIX Swiss Exchange,XSWX,HE1304,CHF,2023-02-11,CH,Helix Market Files,2026-08-28,2026-08-28T06:30:00+00:00
IE1000001315,Meridian Defensive Allocation Index ETF,Meridian ETFs,Meridian ETFs,Multi-Asset,Defensive Allocation,Allocation,Global 30/70,LU,EUR,3372.98,EUR,2024-12-16,1.7,Synthetic,Distributing,0.4,Euronext Paris,XPAR,ME1312,EUR,2025-06-02,FR,Meridian Data Service,2026-08-28,2026-08-28T06:30:00+00:00
IE1000001315,Meridian Defensive Allocation Index ETF,Meridian ETFs,Meridian ETFs,Multi-Asset,Defensive Allocation,Allocation,Global 30/70,LU,EUR,3355.29,EUR,2024-12-16,1.7,Synthetic,Distributing,0.4,Euronext Amsterdam,XAMS,ME1315,EUR,2026-01-03,NL,Meridian Data Service,2026-08-28,2026-08-28T06:30:00+00:00
IE1000001315,Meridian Defensive Allocation Index ETF,Meridian ETFs,Meridian ETFs,Multi-Asset,Defensive Allocation,Allocation,Global 30/70,LU,EUR,3517.56,EUR,2024-12-16,1.7,Synthetic,Distributing,0.4,London Stock Exchange,XLON,ME1310,GBP,2025-04-27,GB,Meridian Data Service,2026-08-28,2026-08-28T06:30:00+00:00
IE1000001315,Meridian Defensive Allocation Index ETF,Meridian ETFs,Meridian ETFs,Multi-Asset,Defensive Allocation,Allocation,Global 30/70,LU,EUR,3488.74,EUR,2024-12-16,1.7,Synthetic,Distributing,0.4,Bolsa de Madrid,XMAD,ME1316,EUR,2026-10-09,ES,Meridian Data Service,2026-08-28,2026-08-28T06:30:00+00:00
IE1000001323,Aperture Global Large Cap UCITS ETF,Aperture Index,Aperture Index,Equity,Global Large Cap,Core,Global Developed 1000,LU,USD,13611.45,USD,2009-01-03,17.6,Physical,Accumulating,0.28,London Stock Exchange,XLON,AP1320,USD,2011-04-19,GB,Aperture Public Feed,2026-08-28,2026-08-28T06:30:00+00:00
IE1000001323,Aperture Global Large Cap UCITS ETF,Aperture Index,Aperture Index,Equity,Global Large Cap,Core,Global Developed 1000,LU,USD,13666.82,USD,2009-01-03,17.6,Physical,Accumulating,0.28,SIX Swiss Exchange,XSWX,AP1324,CHF,2011-02-20,CH,Aperture Public Feed,2026-08-28,2026-08-28T06:30:00+00:00
IE1000001331,Cedar Corporate Bond Screened UCITS ETF,Cedar Capital,Cedar Capital,Fixed Income,Corporate Bond,Income,Global Corporate Bond,IE,EUR,140.63,EUR,2016-10-29,9.8,Physical,Distributing,0.72,Bolsa de Madrid,XMAD,CE1336,EUR,2018-08-10,ES,Cedar Fund Data,2026-08-28,2026-08-28T06:30:00+00:00
IE1000001331,Cedar Corporate Bond Screened UCITS ETF,Cedar Capital,Cedar Capital,Fixed Income,Corporate Bond,Income,Global Corporate Bond,IE,EUR,146.2,EUR,2016-10-29,9.8,Physical,Distributing,0.72,Euronext Paris,XPAR,CE1332,EUR,2018-03-11,FR,Cedar Fund Data,2026-08-28,2026-08-28T06:30:00+00:00
IE1000001331,Cedar Corporate Bond Screened UCITS ETF,Cedar Capital,Cedar Capital,Fixed Income,Corporate Bond,Income,Global Corporate Bond,IE,EUR,144.94,EUR,2016-10-29,9.8,Physical,Distributing,0.72,London Stock Exchange,XLON,CE1330,GBP,2019-01-13,GB,Cedar Fund Data,2026-08-28,2026-08-28T06:30:00+00:00
IE1000001349,Quarry Broad Commodities Index ETF,Quarry Investments,Quarry Investments,Commodity,Broad Commodities,Broad,Diversified Commodity,IE,USD,6092.23,USD,2025-01-25,1.6,Sampling,Distributing,0.65,Euronext Paris,XPAR,QU1342,EUR,2025-05-13,FR,Quarry Product Feed,2026-08-28,2026-08-28T06:30:00+00:00
IE1000001349,Quarry Broad Commodities Index ETF,Quarry Investments,Quarry Investments,Commodity,Broad Commodities,Broad,Diversified Commodity,IE,USD,6177.14,USD,2025-01-25,1.6,Sampling,Distributing,0.65,Deutsche Börse Xetra,XETR,QU1341,EUR,2026-10-06,DE,Quarry Product Feed,2026-08-28,2026-08-28T06:30:00+00:00
IE1000001356,Vela Climate Transition Enhanced ETF,Vela Asset Management,Vela Asset Management,Equity,Climate Transition,ESG,Global Climate Transition,IE,EUR,900.62,EUR,2010-11-19,15.8,Sampling,Distributing,0.69,Euronext Paris,XPAR,VE1352,EUR,2012-09-17,FR,Vela Fund Files,2026-08-28,2026-08-28T06:30:00+00:00
IE1000001356,Vela Climate Transition Enhanced ETF,Vela Asset Management,Vela Asset Management,Equity,Climate Transition,ESG,Global Climate Transition,IE,EUR,889.49,EUR,2010-11-19,15.8,Sampling,Distributing,0.69,Bolsa de Madrid,XMAD,VE1356,EUR,2012-10-05,ES,Vela Fund Files,2026-08-28,2026-08-28T06:30:00+00:00
IE1000001364,Atlas Technology Index ETF,Atlas Index,Atlas Index,Equity,Technology,Thematic,Global Technology Leaders,IE,EUR,695.66,EUR,2008-05-11,18.3,Physical,Accumulating,0.07,Euronext Paris,XPAR,AT1362,EUR,2010-09-23,FR,Atlas Data Feed,2026-08-28,2026-08-28T06:30:00+00:00
IE1000001364,Atlas Technology Index ETF,Atlas Index,Atlas Index,Equity,Technology,Thematic,Global Technology Leaders,IE,EUR,712.31,EUR,2008-05-11,18.3,Physical,Accumulating,0.07,Borsa Italiana,XMIL,AT1363,EUR,2010-01-28,IT,Atlas Data Feed,2026-08-28,2026-08-28T06:30:00+00:00
IE1000001364,Atlas Technology Index ETF,Atlas Index,Atlas Index,Equity,Technology,Thematic,Global Technology Leaders,IE,EUR,704.48,EUR,2008-05-11,18.3,Physical,Accumulating,0.07,Bolsa de Madrid,XMAD,AT1366,EUR,2010-02-03,ES,Atlas Data Feed,2026-08-28,2026-08-28T06:30:00+00:00
IE1000001372,Northstar Short Duration Enhanced ETF,Northstar Asset Management,Northstar Asset Management,Fixed Income,Short Duration,Defensive,EUR Corporate 1-3Y,IE,GBP,1915.71,GBP,2018-01-23,8.6,Physical,Accumulating,0.13,Euronext Amsterdam,XAMS,NO1375,EUR,2020-03-18,NL,Northstar Public Data,2026-08-28,2026-08-28T06:30:00+00:00
IE1000001372,Northstar Short Duration Enhanced ETF,Northstar Asset Management,Northstar Asset Management,Fixed Income,Short Duration,Defensive,EUR Corporate 1-3Y,IE,GBP,1878.26,GBP,2018-01-23,8.6,Physical,Accumulating,0.13,Borsa Italiana,XMIL,NO1373,EUR,2019-02-09,IT,Northstar Public Data,2026-08-28,2026-08-28T06:30:00+00:00
IE1000001380,Helix Broad Commodities UCITS ETF,Helix Funds,Helix Funds,Commodity,Broad Commodities,Broad,Diversified Commodity,IE,EUR,3077.64,EUR,2018-03-28,8.4,Physical,Distributing,0.36,London Stock Exchange,XLON,HE1380,GBP,2018-07-25,GB,Helix Market Files,2026-08-28,2026-08-28T06:30:00+00:00
IE1000001380,Helix Broad Commodities UCITS ETF,Helix Funds,Helix Funds,Commodity,Broad Commodities,Broad,Diversified Commodity,IE,EUR,3208.77,EUR,2018-03-28,8.4,Physical,Distributing,0.36,Bolsa de Madrid,XMAD,HE1386,EUR,2018-11-08,ES,Helix Market Files,2026-08-28,2026-08-28T06:30:00+00:00
IE1000001398,Meridian Defensive Allocation UCITS ETF,Meridian ETFs,Meridian ETFs,Multi-Asset,Defensive Allocation,Allocation,Global 30/70,IE,EUR,337.16,EUR,2019-12-23,6.7,Synthetic,Distributing,0.61,Bolsa de Madrid,XMAD,ME1396,EUR,2021-02-01,ES,Meridian Data Service,2026-08-28,2026-08-28T06:30:00+00:00
IE1000001398,Meridian Defensive Allocation UCITS ETF,Meridian ETFs,Meridian ETFs,Multi-Asset,Defensive Allocation,Allocation,Global 30/70,IE,EUR,350.76,EUR,2019-12-23,6.7,Synthetic,Distributing,0.61,SIX Swiss Exchange,XSWX,ME1394,CHF,2020-10-03,CH,Meridian Data Service,2026-08-28,2026-08-28T06:30:00+00:00
IE1000001406,Aperture Emerging Markets Screened UCITS ETF,Aperture Index,Aperture Index,Equity,Emerging Markets,Core,Emerging Markets Broad,IE,USD,7401.57,USD,2019-07-16,7.1,Synthetic,Distributing,0.06,Euronext Paris,XPAR,AP1402,EUR,2021-12-13,FR,Aperture Public Feed,2026-08-28,2026-08-28T06:30:00+00:00
IE1000001406,Aperture Emerging Markets Screened UCITS ETF,Aperture Index,Aperture Index,Equity,Emerging Markets,Core,Emerging Markets Broad,IE,USD,7367.72,USD,2019-07-16,7.1,Synthetic,Distributing,0.06,SIX Swiss Exchange,XSWX,AP1404,USD,2021-09-05,CH,Aperture Public Feed,2026-08-28,2026-08-28T06:30:00+00:00
IE1000001414,Cedar Global Aggregate Bond Screened UCITS ETF,Cedar Capital,Cedar Capital,Fixed Income,Global Aggregate Bond,Core,Global Aggregate Bond,LU,USD,1179.23,USD,2023-09-05,3.0,Sampling,Distributing,0.13,London Stock Exchange,XLON,CE1410,GBP,2025-01-21,GB,Cedar Fund Data,2026-08-28,2026-08-28T06:30:00+00:00
IE1000001414,Cedar Global Aggregate Bond Screened UCITS ETF,Cedar Capital,Cedar Capital,Fixed Income,Global Aggregate Bond,Core,Global Aggregate Bond,LU,USD,1119.5,USD,2023-09-05,3.0,Sampling,Distributing,0.13,Deutsche Börse Xetra,XETR,CE1411,EUR,2024-10-25,DE,Cedar Fund Data,2026-08-28,2026-08-28T06:30:00+00:00
IE1000001414,Cedar Global Aggregate Bond Screened UCITS ETF,Cedar Capital,Cedar Capital,Fixed Income,Global Aggregate Bond,Core,Global Aggregate Bond,LU,USD,1101.93,USD,2023-09-05,3.0,Sampling,Distributing,0.13,Euronext Amsterdam,XAMS,CE1415,EUR,2025-09-03,NL,Cedar Fund Data,2026-08-28,2026-08-28T06:30:00+00:00
IE1000001422,Quarry Gold Enhanced ETF,Quarry Investments,Quarry Investments,Commodity,Gold,Single commodity,Physical Gold Reference,IE,GBP,105.34,GBP,2017-10-12,8.9,Sampling,Accumulating,0.32,Euronext Paris,XPAR,QU1422,EUR,2018-02-02,FR,Quarry Product Feed,2026-08-28,2026-08-28T06:30:00+00:00
IE1000001422,Quarry Gold Enhanced ETF,Quarry Investments,Quarry Investments,Commodity,Gold,Single commodity,Physical Gold Reference,IE,GBP,103.41,GBP,2017-10-12,8.9,Sampling,Accumulating,0.32,London Stock Exchange,XLON,QU1420,USD,2020-03-29,GB,Quarry Product Feed,2026-08-28,2026-08-28T06:30:00+00:00
IE1000001430,Vela Defensive Allocation Index ETF,Vela Asset Management,Vela Asset Management,Multi-Asset,Defensive Allocation,Allocation,Global 30/70,LU,EUR,2334.06,EUR,2017-11-10,8.8,Physical,Distributing,0.55,Bolsa de Madrid,XMAD,VE1436,EUR,2020-04-02,ES,Vela Fund Files,2026-08-28,2026-08-28T06:30:00+00:00
IE1000001448,Atlas Emerging Markets Enhanced ETF,Atlas Index,Atlas Index,Equity,Emerging Markets,Core,Emerging Markets Broad,LU,EUR,140.53,EUR,2007-08-24,19.0,Physical,Accumulating,0.27,Euronext Paris,XPAR,AT1442,EUR,2009-06-02,FR,Atlas Data Feed,2026-08-28,2026-08-28T06:30:00+00:00
IE1000001455,Northstar Climate Transition Enhanced ETF,Northstar Asset Management,Northstar Asset Management,Equity,Climate Transition,ESG,Global Climate Transition,IE,EUR,236.86,EUR,2012-11-28,13.7,Sampling,Accumulating,0.72,Euronext Paris,XPAR,NO1452,EUR,2013-05-23,FR,Northstar Public Data,2026-08-28,2026-08-28T06:30:00+00:00
IE1000001455,Northstar Climate Transition Enhanced ETF,Northstar Asset Management,Northstar Asset Management,Equity,Climate Transition,ESG,Global Climate Transition,IE,EUR,242.13,EUR,2012-11-28,13.7,Sampling,Accumulating,0.72,London Stock Exchange,XLON,NO1450,USD,2013-08-12,GB,Northstar Public Data,2026-08-28,2026-08-28T06:30:00+00:00
IE1000001455,Northstar Climate Transition Enhanced ETF,Northstar Asset Management,Northstar Asset Management,Equity,Climate Transition,ESG,Global Climate Transition,IE,EUR,244.23,EUR,2012-11-28,13.7,Sampling,Accumulating,0.72,SIX Swiss Exchange,XSWX,NO1454,CHF,2014-10-06,CH,Northstar Public Data,2026-08-28,2026-08-28T06:30:00+00:00
IE1000001463,Helix Gold UCITS ETF,Helix Funds,Helix Funds,Commodity,Gold,Single commodity,Physical Gold Reference,LU,EUR,658.24,EUR,2011-02-14,15.5,Physical,Distributing,0.39,SIX Swiss Exchange,XSWX,HE1464,CHF,2011-08-01,CH,Helix Market Files,2026-08-28,2026-08-28T06:30:00+00:00
IE1000001471,Meridian Defensive Allocation UCITS ETF,Meridian ETFs,Meridian ETFs,Multi-Asset,Defensive Allocation,Allocation,Global 30/70,LU,USD,122.7,USD,2006-12-06,19.7,Synthetic,Distributing,0.43,Deutsche Börse Xetra,XETR,ME1471,EUR,2008-10-09,DE,Meridian Data Service,2026-08-28,2026-08-28T06:30:00+00:00
IE1000001471,Meridian Defensive Allocation UCITS ETF,Meridian ETFs,Meridian ETFs,Multi-Asset,Defensive Allocation,Allocation,Global 30/70,LU,USD,128.41,USD,2006-12-06,19.7,Synthetic,Distributing,0.43,Bolsa de Madrid,XMAD,ME1476,EUR,2009-03-12,ES,Meridian Data Service,2026-08-28,2026-08-28T06:30:00+00:00
IE1000001489,Aperture Climate Transition Index ETF,Aperture Index,Aperture Index,Equity,Climate Transition,ESG,Global Climate Transition,IE,EUR,1229.11,EUR,2025-08-07,1.1,Sampling,Distributing,0.66,Euronext Paris,XPAR,AP1482,EUR,2026-03-02,FR,Aperture Public Feed,2026-08-28,2026-08-28T06:30:00+00:00
IE1000001497,Cedar Global Aggregate Bond UCITS ETF,Cedar Capital,Cedar Capital,Fixed Income,Global Aggregate Bond,Core,Global Aggregate Bond,LU,USD,53.46,USD,2006-08-01,20.1,Sampling,Distributing,0.54,London Stock Exchange,XLON,CE1490,USD,2007-04-17,GB,Cedar Fund Data,2026-08-28,2026-08-28T06:30:00+00:00
IE1000001505,Quarry European Equity Index ETF,Quarry Investments,Quarry Investments,Equity,European Equity,Core,Europe 600,IE,EUR,3364.76,EUR,2023-04-11,3.4,Synthetic,Accumulating,0.68,Bolsa de Madrid,XMAD,QU1506,EUR,2024-09-09,ES,Quarry Product Feed,2026-08-28,2026-08-28T06:30:00+00:00
IE1000001505,Quarry European Equity Index ETF,Quarry Investments,Quarry Investments,Equity,European Equity,Core,Europe 600,IE,EUR,3235.65,EUR,2023-04-11,3.4,Synthetic,Accumulating,0.68,Euronext Amsterdam,XAMS,QU1505,EUR,2024-02-28,NL,Quarry Product Feed,2026-08-28,2026-08-28T06:30:00+00:00
IE1000001513,Vela Defensive Allocation Enhanced ETF,Vela Asset Management,Vela Asset Management,Multi-Asset,Defensive Allocation,Allocation,Global 30/70,IE,GBP,1438.81,GBP,2017-02-08,9.5,Synthetic,Distributing,0.44,Euronext Amsterdam,XAMS,VE1515,EUR,2019-06-19,NL,Vela Fund Files,2026-08-28,2026-08-28T06:30:00+00:00
IE1000001521,Atlas Technology Enhanced ETF,Atlas Index,Atlas Index,Equity,Technology,Thematic,Global Technology Leaders,LU,CHF,9363.27,CHF,2009-07-02,17.2,Synthetic,Accumulating,0.44,London Stock Exchange,XLON,AT1520,USD,2011-11-28,GB,Atlas Data Feed,2026-08-28,2026-08-28T06:30:00+00:00
IE1000001521,Atlas Technology Enhanced ETF,Atlas Index,Atlas Index,Equity,Technology,Thematic,Global Technology Leaders,LU,CHF,9216.37,CHF,2009-07-02,17.2,Synthetic,Accumulating,0.44,Deutsche Börse Xetra,XETR,AT1521,EUR,2011-10-29,DE,Atlas Data Feed,2026-08-28,2026-08-28T06:30:00+00:00
IE1000001539,Northstar Global Aggregate Bond UCITS ETF,Northstar Asset Management,Northstar Asset Management,Fixed Income,Global Aggregate Bond,Core,Global Aggregate Bond,IE,EUR,4305.4,EUR,2009-03-06,17.5,Physical,Accumulating,0.07,Bolsa de Madrid,XMAD,NO1536,EUR,2010-05-08,ES,Northstar Public Data,2026-08-28,2026-08-28T06:30:00+00:00
IE1000001547,Helix Gold Screened UCITS ETF,Helix Funds,Helix Funds,Commodity,Gold,Single commodity,Physical Gold Reference,IE,USD,66.98,USD,2022-12-18,3.7,Synthetic,Accumulating,0.51,SIX Swiss Exchange,XSWX,HE1544,USD,2023-09-22,CH,Helix Market Files,2026-08-28,2026-08-28T06:30:00+00:00
IE1000001547,Helix Gold Screened UCITS ETF,Helix Funds,Helix Funds,Commodity,Gold,Single commodity,Physical Gold Reference,IE,USD,65.17,USD,2022-12-18,3.7,Synthetic,Accumulating,0.51,Bolsa de Madrid,XMAD,HE1546,EUR,2023-06-23,ES,Helix Market Files,2026-08-28,2026-08-28T06:30:00+00:00
IE1000001554,Meridian Emerging Markets Index ETF,Meridian ETFs,Meridian ETFs,Equity,Emerging Markets,Core,Emerging Markets Broad,LU,GBP,1104.78,GBP,2012-06-30,14.2,Physical,Distributing,0.47,Borsa Italiana,XMIL,ME1553,EUR,2013-10-26,IT,Meridian Data Service,2026-08-28,2026-08-28T06:30:00+00:00
IE1000001562,Aperture Technology Index ETF,Aperture Index,Aperture Index,Equity,Technology,Thematic,Global Technology Leaders,IE,EUR,13971.37,EUR,2017-03-07,9.5,Physical,Accumulating,0.21,London Stock Exchange,XLON,AP1560,GBP,2017-07-10,GB,Aperture Public Feed,2026-08-28,2026-08-28T06:30:00+00:00
IE1000001562,Aperture Technology Index ETF,Aperture Index,Aperture Index,Equity,Technology,Thematic,Global Technology Leaders,IE,EUR,13745.83,EUR,2017-03-07,9.5,Physical,Accumulating,0.21,Euronext Paris,XPAR,AP1562,EUR,2019-03-21,FR,Aperture Public Feed,2026-08-28,2026-08-28T06:30:00+00:00
IE1000001562,Aperture Technology Index ETF,Aperture Index,Aperture Index,Equity,Technology,Thematic,Global Technology Leaders,IE,EUR,13452.65,EUR,2017-03-07,9.5,Physical,Accumulating,0.21,Deutsche Börse Xetra,XETR,AP1561,EUR,2019-05-23,DE,Aperture Public Feed,2026-08-28,2026-08-28T06:30:00+00:00
IE1000001570,Cedar Short Duration Enhanced ETF,Cedar Capital,Cedar Capital,Fixed Income,Short Duration,Defensive,EUR Corporate 1-3Y,LU,EUR,242.45,EUR,2021-05-09,5.3,Physical,Distributing,0.56,Borsa Italiana,XMIL,CE1573,EUR,2023-02-16,IT,Cedar Fund Data,2026-08-28,2026-08-28T06:30:00+00:00
IE1000001570,Cedar Short Duration Enhanced ETF,Cedar Capital,Cedar Capital,Fixed Income,Short Duration,Defensive,EUR Corporate 1-3Y,LU,EUR,243.0,EUR,2021-05-09,5.3,Physical,Distributing,0.56,London Stock Exchange,XLON,CE1570,USD,2022-09-23,GB,Cedar Fund Data,2026-08-28,2026-08-28T06:30:00+00:00
IE1000001588,Quarry Gold Screened UCITS ETF,Quarry Investments,Quarry Investments,Commodity,Gold,Single commodity,Physical Gold Reference,IE,CHF,480.23,CHF,2019-08-01,7.1,Physical,Accumulating,0.66,Euronext Amsterdam,XAMS,QU1585,EUR,2020-01-31,NL,Quarry Product Feed,2026-08-28,2026-08-28T06:30:00+00:00
IE1000001588,Quarry Gold Screened UCITS ETF,Quarry Investments,Quarry Investments,Commodity,Gold,Single commodity,Physical Gold Reference,IE,CHF,486.85,CHF,2019-08-01,7.1,Physical,Accumulating,0.66,London Stock Exchange,XLON,QU1580,GBP,2022-01-13,GB,Quarry Product Feed,2026-08-28,2026-08-28T06:30:00+00:00
IE1000001596,Vela Balanced UCITS ETF,Vela Asset Management,Vela Asset Management,Multi-Asset,Balanced,Allocation,Global 60/40,LU,EUR,1988.26,EUR,2011-04-19,15.4,Physical,Accumulating,0.07,Borsa Italiana,XMIL,VE1593,EUR,2013-08-18,IT,Vela Fund Files,2026-08-28,2026-08-28T06:30:00+00:00
IE1000001604,Atlas Emerging Markets Screened UCITS ETF,Atlas Index,Atlas Index,Equity,Emerging Markets,Core,Emerging Markets Broad,LU,EUR,74.46,EUR,2017-12-26,8.7,Synthetic,Distributing,0.16,Euronext Amsterdam,XAMS,AT1605,EUR,2018-08-19,NL,Atlas Data Feed,2026-08-28,2026-08-28T06:30:00+00:00
IE1000001612,Northstar Corporate Bond Enhanced ETF,Northstar Asset Management,Northstar Asset Management,Fixed Income,Corporate Bond,Income,Global Corporate Bond,IE,USD,5934.01,USD,2025-11-28,0.7,Sampling,Accumulating,0.24,Bolsa de Madrid,XMAD,NO1616,EUR,2027-12-26,ES,Northstar Public Data,2026-08-28,2026-08-28T06:30:00+00:00
IE1000001612,Northstar Corporate Bond Enhanced ETF,Northstar Asset Management,Northstar Asset Management,Fixed Income,Corporate Bond,Income,Global Corporate Bond,IE,USD,5919.15,USD,2025-11-28,0.7,Sampling,Accumulating,0.24,Euronext Amsterdam,XAMS,NO1615,EUR,2026-11-15,NL,Northstar Public Data,2026-08-28,2026-08-28T06:30:00+00:00
IE1000001612,Northstar Corporate Bond Enhanced ETF,Northstar Asset Management,Northstar Asset Management,Fixed Income,Corporate Bond,Income,Global Corporate Bond,IE,USD,6024.37,USD,2025-11-28,0.7,Sampling,Accumulating,0.24,Euronext Paris,XPAR,NO1612,EUR,2027-07-01,FR,Northstar Public Data,2026-08-28,2026-08-28T06:30:00+00:00
IE1000001620,Helix Gold Index ETF,Helix Funds,Helix Funds,Commodity,Gold,Single commodity,Physical Gold Reference,LU,CHF,85.2,CHF,2008-07-27,18.1,Sampling,Accumulating,0.44,London Stock Exchange,XLON,HE1620,USD,2010-08-29,GB,Helix Market Files,2026-08-28,2026-08-28T06:30:00+00:00
IE1000001620,Helix Gold Index ETF,Helix Funds,Helix Funds,Commodity,Gold,Single commodity,Physical Gold Reference,LU,CHF,83.91,CHF,2008-07-27,18.1,Sampling,Accumulating,0.44,SIX Swiss Exchange,XSWX,HE1624,USD,2011-01-01,CH,Helix Market Files,2026-08-28,2026-08-28T06:30:00+00:00
IE1000001638,Meridian Defensive Allocation Screened UCITS ETF,Meridian ETFs,Meridian ETFs,Multi-Asset,Defensive Allocation,Allocation,Global 30/70,LU,EUR,1228.08,EUR,2021-07-13,5.1,Physical,Distributing,0.6,Bolsa de Madrid,XMAD,ME1636,EUR,2021-10-22,ES,Meridian Data Service,2026-08-28,2026-08-28T06:30:00+00:00
IE1000001638,Meridian Defensive Allocation Screened UCITS ETF,Meridian ETFs,Meridian ETFs,Multi-Asset,Defensive Allocation,Allocation,Global 30/70,LU,EUR,1221.23,EUR,2021-07-13,5.1,Physical,Distributing,0.6,Euronext Amsterdam,XAMS,ME1635,EUR,2021-08-30,NL,Meridian Data Service,2026-08-28,2026-08-28T06:30:00+00:00
IE1000001646,Aperture European Equity Screened UCITS ETF,Aperture Index,Aperture Index,Equity,European Equity,Core,Europe 600,LU,EUR,2525.8,EUR,2020-12-12,5.7,Physical,Accumulating,0.08,Euronext Paris,XPAR,AP1642,EUR,2022-02-01,FR,Aperture Public Feed,2026-08-28,2026-08-28T06:30:00+00:00
IE1000001646,Aperture European Equity Screened UCITS ETF,Aperture Index,Aperture Index,Equity,European Equity,Core,Europe 600,LU,EUR,2537.07,EUR,2020-12-12,5.7,Physical,Accumulating,0.08,Euronext Amsterdam,XAMS,AP1645,EUR,2022-09-30,NL,Aperture Public Feed,2026-08-28,2026-08-28T06:30:00+00:00
IE1000001653,Cedar European Equity Screened UCITS ETF,Cedar Capital,Cedar Capital,Equity,European Equity,Core,Europe 600,LU,USD,2416.85,USD,2024-02-10,2.5,Physical,Accumulating,0.48,Borsa Italiana,XMIL,CE1653,EUR,2025-07-09,IT,Cedar Fund Data,2026-08-28,2026-08-28T06:30:00+00:00
IE1000001653,Cedar European Equity Screened UCITS ETF,Cedar Capital,Cedar Capital,Equity,European Equity,Core,Europe 600,LU,USD,2399.26,USD,2024-02-10,2.5,Physical,Accumulating,0.48,Deutsche Börse Xetra,XETR,CE1651,EUR,2024-06-12,DE,Cedar Fund Data,2026-08-28,2026-08-28T06:30:00+00:00
IE1000001653,Cedar European Equity Screened UCITS ETF,Cedar Capital,Cedar Capital,Equity,European Equity,Core,Europe 600,LU,USD,2393.92,USD,2024-02-10,2.5,Physical,Accumulating,0.48,SIX Swiss Exchange,XSWX,CE1654,CHF,2026-03-31,CH,Cedar Fund Data,2026-08-28,2026-08-28T06:30:00+00:00
IE1000001653,Cedar European Equity Screened UCITS ETF,Cedar Capital,Cedar Capital,Equity,European Equity,Core,Europe 600,LU,USD,2490.47,USD,2024-02-10,2.5,Physical,Accumulating,0.48,Euronext Paris,XPAR,CE1652,EUR,2026-03-02,FR,Cedar Fund Data,2026-08-28,2026-08-28T06:30:00+00:00
IE1000001661,Quarry Gold Enhanced ETF,Quarry Investments,Quarry Investments,Commodity,Gold,Single commodity,Physical Gold Reference,LU,GBP,5093.74,GBP,2009-04-23,17.3,Synthetic,Accumulating,0.47,London Stock Exchange,XLON,QU1660,GBP,2009-10-22,GB,Quarry Product Feed,2026-08-28,2026-08-28T06:30:00+00:00
IE1000001661,Quarry Gold Enhanced ETF,Quarry Investments,Quarry Investments,Commodity,Gold,Single commodity,Physical Gold Reference,LU,GBP,4952.12,GBP,2009-04-23,17.3,Synthetic,Accumulating,0.47,Deutsche Börse Xetra,XETR,QU1661,EUR,2011-01-25,DE,Quarry Product Feed,2026-08-28,2026-08-28T06:30:00+00:00
IE1000001679,Vela Defensive Allocation UCITS ETF,Vela Asset Management,Vela Asset Management,Multi-Asset,Defensive Allocation,Allocation,Global 30/70,IE,USD,3137.14,USD,2025-03-28,1.4,Physical,Distributing,0.71,SIX Swiss Exchange,XSWX,VE1674,USD,2026-08-24,CH,Vela Fund Files,2026-08-28,2026-08-28T06:30:00+00:00
IE1000001679,Vela Defensive Allocation UCITS ETF,Vela Asset Management,Vela Asset Management,Multi-Asset,Defensive Allocation,Allocation,Global 30/70,IE,USD,3008.01,USD,2025-03-28,1.4,Physical,Distributing,0.71,Euronext Amsterdam,XAMS,VE1675,EUR,2026-05-18,NL,Vela Fund Files,2026-08-28,2026-08-28T06:30:00+00:00
IE1000001687,Atlas Climate Transition Enhanced ETF,Atlas Index,Atlas Index,Equity,Climate Transition,ESG,Global Climate Transition,LU,EUR,30.72,EUR,2017-09-05,9.0,Sampling,Accumulating,0.54,SIX Swiss Exchange,XSWX,AT1684,USD,2019-07-11,CH,Atlas Data Feed,2026-08-28,2026-08-28T06:30:00+00:00
IE1000001687,Atlas Climate Transition Enhanced ETF,Atlas Index,Atlas Index,Equity,Climate Transition,ESG,Global Climate Transition,LU,EUR,29.39,EUR,2017-09-05,9.0,Sampling,Accumulating,0.54,Deutsche Börse Xetra,XETR,AT1681,EUR,2017-11-09,DE,Atlas Data Feed,2026-08-28,2026-08-28T06:30:00+00:00
IE1000001695,Northstar Global Aggregate Bond Index ETF,Northstar Asset Management,Northstar Asset Management,Fixed Income,Global Aggregate Bond,Core,Global Aggregate Bond,IE,EUR,283.56,EUR,2015-05-25,11.3,Physical,Accumulating,0.62,Euronext Amsterdam,XAMS,NO1695,EUR,2016-11-09,NL,Northstar Public Data,2026-08-28,2026-08-28T06:30:00+00:00
IE1000001695,Northstar Global Aggregate Bond Index ETF,Northstar Asset Management,Northstar Asset Management,Fixed Income,Global Aggregate Bond,Core,Global Aggregate Bond,IE,EUR,272.12,EUR,2015-05-25,11.3,Physical,Accumulating,0.62,SIX Swiss Exchange,XSWX,NO1694,USD,2017-08-28,CH,Northstar Public Data,2026-08-28,2026-08-28T06:30:00+00:00
IE1000001695,Northstar Global Aggregate Bond Index ETF,Northstar Asset Management,Northstar Asset Management,Fixed Income,Global Aggregate Bond,Core,Global Aggregate Bond,IE,EUR,277.02,EUR,2015-05-25,11.3,Physical,Accumulating,0.62,London Stock Exchange,XLON,NO1690,GBP,2017-06-28,GB,Northstar Public Data,2026-08-28,2026-08-28T06:30:00+00:00
IE1000001703,Helix Emerging Markets UCITS ETF,Helix Funds,Helix Funds,Equity,Emerging Markets,Core,Emerging Markets Broad,IE,EUR,9369.67,EUR,2016-08-08,10.1,Physical,Accumulating,0.38,Deutsche Börse Xetra,XETR,HE1701,EUR,2017-05-16,DE,Helix Market Files,2026-08-28,2026-08-28T06:30:00+00:00
IE1000001703,Helix Emerging Markets UCITS ETF,Helix Funds,Helix Funds,Equity,Emerging Markets,Core,Emerging Markets Broad,IE,EUR,9456.45,EUR,2016-08-08,10.1,Physical,Accumulating,0.38,Bolsa de Madrid,XMAD,HE1706,EUR,2017-11-07,ES,Helix Market Files,2026-08-28,2026-08-28T06:30:00+00:00
IE1000001711,Meridian Defensive Allocation UCITS ETF,Meridian ETFs,Meridian ETFs,Multi-Asset,Defensive Allocation,Allocation,Global 30/70,LU,USD,1252.82,USD,2021-09-16,4.9,Sampling,Distributing,0.47,Euronext Paris,XPAR,ME1712,EUR,2023-08-02,FR,Meridian Data Service,2026-08-28,2026-08-28T06:30:00+00:00
IE1000001711,Meridian Defensive Allocation UCITS ETF,Meridian ETFs,Meridian ETFs,Multi-Asset,Defensive Allocation,Allocation,Global 30/70,LU,USD,1247.94,USD,2021-09-16,4.9,Sampling,Distributing,0.47,London Stock Exchange,XLON,ME1710,GBP,2021-10-24,GB,Meridian Data Service,2026-08-28,2026-08-28T06:30:00+00:00
IE1000001729,Aperture Technology UCITS ETF,Aperture Index,Aperture Index,Equity,Technology,Thematic,Global Technology Leaders,LU,EUR,141.79,EUR,2021-05-12,5.3,Physical,Distributing,0.72,Euronext Amsterdam,XAMS,AP1725,EUR,2022-09-23,NL,Aperture Public Feed,2026-08-28,2026-08-28T06:30:00+00:00
IE1000001729,Aperture Technology UCITS ETF,Aperture Index,Aperture Index,Equity,Technology,Thematic,Global Technology Leaders,LU,EUR,134.06,EUR,2021-05-12,5.3,Physical,Distributing,0.72,SIX Swiss Exchange,XSWX,AP1724,USD,2022-04-27,CH,Aperture Public Feed,2026-08-28,2026-08-28T06:30:00+00:00
IE1000001737,Cedar Short Duration Screened UCITS ETF,Cedar Capital,Cedar Capital,Fixed Income,Short Duration,Defensive,EUR Corporate 1-3Y,IE,CHF,510.79,CHF,2014-11-23,11.8,Synthetic,Accumulating,0.21,Bolsa de Madrid,XMAD,CE1736,EUR,2016-04-25,ES,Cedar Fund Data,2026-08-28,2026-08-28T06:30:00+00:00
IE1000001737,Cedar Short Duration Screened UCITS ETF,Cedar Capital,Cedar Capital,Fixed Income,Short Duration,Defensive,EUR Corporate 1-3Y,IE,CHF,492.48,CHF,2014-11-23,11.8,Synthetic,Accumulating,0.21,Deutsche Börse Xetra,XETR,CE1731,EUR,2016-05-24,DE,Cedar Fund Data,2026-08-28,2026-08-28T06:30:00+00:00
IE1000001737,Cedar Short Duration Screened UCITS ETF,Cedar Capital,Cedar Capital,Fixed Income,Short Duration,Defensive,EUR Corporate 1-3Y,IE,CHF,516.88,CHF,2014-11-23,11.8,Synthetic,Accumulating,0.21,Euronext Amsterdam,XAMS,CE1735,EUR,2016-03-24,NL,Cedar Fund Data,2026-08-28,2026-08-28T06:30:00+00:00
IE1000001745,Quarry Gold Enhanced ETF,Quarry Investments,Quarry Investments,Commodity,Gold,Single commodity,Physical Gold Reference,LU,USD,35.84,USD,2025-06-24,1.2,Physical,Accumulating,0.47,London Stock Exchange,XLON,QU1740,USD,2025-07-22,GB,Quarry Product Feed,2026-08-28,2026-08-28T06:30:00+00:00
IE1000001745,Quarry Gold Enhanced ETF,Quarry Investments,Quarry Investments,Commodity,Gold,Single commodity,Physical Gold Reference,LU,USD,35.4,USD,2025-06-24,1.2,Physical,Accumulating,0.47,Borsa Italiana,XMIL,QU1743,EUR,2026-10-28,IT,Quarry Product Feed,2026-08-28,2026-08-28T06:30:00+00:00
IE1000001745,Quarry Gold Enhanced ETF,Quarry Investments,Quarry Investments,Commodity,Gold,Single commodity,Physical Gold Reference,LU,USD,36.06,USD,2025-06-24,1.2,Physical,Accumulating,0.47,Bolsa de Madrid,XMAD,QU1746,EUR,2027-08-12,ES,Quarry Product Feed,2026-08-28,2026-08-28T06:30:00+00:00
IE1000001752,Vela European Equity UCITS ETF,Vela Asset Management,Vela Asset Management,Equity,European Equity,Core,Europe 600,IE,GBP,84.77,GBP,2012-01-23,14.6,Physical,Distributing,0.41,London Stock Exchange,XLON,VE1750,GBP,2013-04-24,GB,Vela Fund Files,2026-08-28,2026-08-28T06:30:00+00:00
IE1000001760,Atlas Global Large Cap Index ETF,Atlas Index,Atlas Index,Equity,Global Large Cap,Core,Global Developed 1000,IE,EUR,1395.11,EUR,2021-05-25,5.3,Physical,Accumulating,0.54,Euronext Amsterdam,XAMS,AT1765,EUR,2023-02-04,NL,Atlas Data Feed,2026-08-28,2026-08-28T06:30:00+00:00
IE1000001760,Atlas Global Large Cap Index ETF,Atlas Index,Atlas Index,Equity,Global Large Cap,Core,Global Developed 1000,IE,EUR,1424.65,EUR,2021-05-25,5.3,Physical,Accumulating,0.54,Euronext Paris,XPAR,AT1762,EUR,2023-02-18,FR,Atlas Data Feed,2026-08-28,2026-08-28T06:30:00+00:00
IE1000001778,Northstar Short Duration Enhanced ETF,Northstar Asset Management,Northstar Asset Management,Fixed Income,Short Duration,Defensive,EUR Corporate 1-3Y,IE,USD,381.62,USD,2020-09-03,6.0,Sampling,Accumulating,0.72,London Stock Exchange,XLON,NO1770,USD,2022-12-09,GB,Northstar Public Data,2026-08-28,2026-08-28T06:30:00+00:00
IE1000001778,Northstar Short Duration Enhanced ETF,Northstar Asset Management,Northstar Asset Management,Fixed Income,Short Duration,Defensive,EUR Corporate 1-3Y,IE,USD,394.32,USD,2020-09-03,6.0,Sampling,Accumulating,0.72,Euronext Amsterdam,XAMS,NO1775,EUR,2021-07-11,NL,Northstar Public Data,2026-08-28,2026-08-28T06:30:00+00:00
IE1000001786,Helix Broad Commodities Enhanced ETF,Helix Funds,Helix Funds,Commodity,Broad Commodities,Broad,Diversified Commodity,LU,USD,2895.65,USD,2006-08-18,20.0,Physical,Distributing,0.22,Deutsche Börse Xetra,XETR,HE1781,EUR,2007-02-24,DE,Helix Market Files,2026-08-28,2026-08-28T06:30:00+00:00
IE1000001786,Helix Broad Commodities Enhanced ETF,Helix Funds,Helix Funds,Commodity,Broad Commodities,Broad,Diversified Commodity,LU,USD,2937.83,USD,2006-08-18,20.0,Physical,Distributing,0.22,London Stock Exchange,XLON,HE1780,USD,2008-06-08,GB,Helix Market Files,2026-08-28,2026-08-28T06:30:00+00:00
IE1000001786,Helix Broad Commodities Enhanced ETF,Helix Funds,Helix Funds,Commodity,Broad Commodities,Broad,Diversified Commodity,LU,USD,3015.07,USD,2006-08-18,20.0,Physical,Distributing,0.22,Bolsa de Madrid,XMAD,HE1786,EUR,2007-01-12,ES,Helix Market Files,2026-08-28,2026-08-28T06:30:00+00:00
IE1000001794,Meridian Defensive Allocation Index ETF,Meridian ETFs,Meridian ETFs,Multi-Asset,Defensive Allocation,Allocation,Global 30/70,LU,USD,75.73,USD,2024-12-30,1.7,Physical,Distributing,0.11,Euronext Amsterdam,XAMS,ME1795,EUR,2025-10-11,NL,Meridian Data Service,2026-08-28,2026-08-28T06:30:00+00:00
IE1000001794,Meridian Defensive Allocation Index ETF,Meridian ETFs,Meridian ETFs,Multi-Asset,Defensive Allocation,Allocation,Global 30/70,LU,USD,72.93,USD,2024-12-30,1.7,Physical,Distributing,0.11,London Stock Exchange,XLON,ME1790,GBP,2026-12-16,GB,Meridian Data Service,2026-08-28,2026-08-28T06:30:00+00:00
IE1000001794,Meridian Defensive Allocation Index ETF,Meridian ETFs,Meridian ETFs,Multi-Asset,Defensive Allocation,Allocation,Global 30/70,LU,USD,76.99,USD,2024-12-30,1.7,Physical,Distributing,0.11,SIX Swiss Exchange,XSWX,ME1794,USD,2026-03-17,CH,Meridian Data Service,2026-08-28,2026-08-28T06:30:00+00:00
IE1000001802,Aperture Technology Index ETF,Aperture Index,Aperture Index,Equity,Technology,Thematic,Global Technology Leaders,LU,EUR,5247.3,EUR,2007-04-06,19.4,Physical,Accumulating,0.48,Borsa Italiana,XMIL,AP1803,EUR,2007-10-04,IT,Aperture Public Feed,2026-08-28,2026-08-28T06:30:00+00:00
IE1000001802,Aperture Technology Index ETF,Aperture Index,Aperture Index,Equity,Technology,Thematic,Global Technology Leaders,LU,EUR,5284.34,EUR,2007-04-06,19.4,Physical,Accumulating,0.48,London Stock Exchange,XLON,AP1800,GBP,2008-01-22,GB,Aperture Public Feed,2026-08-28,2026-08-28T06:30:00+00:00
IE1000001802,Aperture Technology Index ETF,Aperture Index,Aperture Index,Equity,Technology,Thematic,Global Technology Leaders,LU,EUR,5169.34,EUR,2007-04-06,19.4,Physical,Accumulating,0.48,Euronext Amsterdam,XAMS,AP1805,EUR,2008-01-26,NL,Aperture Public Feed,2026-08-28,2026-08-28T06:30:00+00:00
IE1000001810,Cedar Euro Government Bond UCITS ETF,Cedar Capital,Cedar Capital,Fixed Income,Euro Government Bond,Duration,Euro Sovereign 7-10Y,IE,CHF,9175.77,CHF,2018-07-05,8.1,Physical,Distributing,0.37,Borsa Italiana,XMIL,CE1813,EUR,2020-09-08,IT,Cedar Fund Data,2026-08-28,2026-08-28T06:30:00+00:00
IE1000001810,Cedar Euro Government Bond UCITS ETF,Cedar Capital,Cedar Capital,Fixed Income,Euro Government Bond,Duration,Euro Sovereign 7-10Y,IE,CHF,9766.96,CHF,2018-07-05,8.1,Physical,Distributing,0.37,SIX Swiss Exchange,XSWX,CE1814,CHF,2018-12-14,CH,Cedar Fund Data,2026-08-28,2026-08-28T06:30:00+00:00
IE1000001828,Quarry Broad Commodities Index ETF,Quarry Investments,Quarry Investments,Commodity,Broad Commodities,Broad,Diversified Commodity,LU,EUR,1807.98,EUR,2011-11-13,14.8,Physical,Distributing,0.46,Euronext Paris,XPAR,QU1822,EUR,2013-10-31,FR,Quarry Product Feed,2026-08-28,2026-08-28T06:30:00+00:00
IE1000001828,Quarry Broad Commodities Index ETF,Quarry Investments,Quarry Investments,Commodity,Broad Commodities,Broad,Diversified Commodity,LU,EUR,1773.51,EUR,2011-11-13,14.8,Physical,Distributing,0.46,Deutsche Börse Xetra,XETR,QU1821,EUR,2013-11-15,DE,Quarry Product Feed,2026-08-28,2026-08-28T06:30:00+00:00
IE1000001836,Vela Balanced Enhanced ETF,Vela Asset Management,Vela Asset Management,Multi-Asset,Balanced,Allocation,Global 60/40,LU,USD,134.89,USD,2024-01-23,2.6,Synthetic,Accumulating,0.2,SIX Swiss Exchange,XSWX,VE1834,CHF,2025-04-08,CH,Vela Fund Files,2026-08-28,2026-08-28T06:30:00+00:00
IE1000001836,Vela Balanced Enhanced ETF,Vela Asset Management,Vela Asset Management,Multi-Asset,Balanced,Allocation,Global 60/40,LU,USD,138.33,USD,2024-01-23,2.6,Synthetic,Accumulating,0.2,Bolsa de Madrid,XMAD,VE1836,EUR,2026-01-03,ES,Vela Fund Files,2026-08-28,2026-08-28T06:30:00+00:00
IE1000001836,Vela Balanced Enhanced ETF,Vela Asset Management,Vela Asset Management,Multi-Asset,Balanced,Allocation,Global 60/40,LU,USD,136.06,USD,2024-01-23,2.6,Synthetic,Accumulating,0.2,Deutsche Börse Xetra,XETR,VE1831,EUR,2025-10-25,DE,Vela Fund Files,2026-08-28,2026-08-28T06:30:00+00:00
IE1000001844,Atlas Global Large Cap Enhanced ETF,Atlas Index,Atlas Index,Equity,Global Large Cap,Core,Global Developed 1000,LU,EUR,2549.98,EUR,2007-12-09,18.7,Physical,Accumulating,0.51,Bolsa de Madrid,XMAD,AT1846,EUR,2010-01-21,ES,Atlas Data Feed,2026-08-28,2026-08-28T06:30:00+00:00
IE1000001851,Northstar Emerging Markets Screened UCITS ETF,Northstar Asset Management,Northstar Asset Management,Equity,Emerging Markets,Core,Emerging Markets Broad,LU,EUR,314.82,EUR,2016-12-04,9.7,Physical,Accumulating,0.45,Deutsche Börse Xetra,XETR,NO1851,EUR,2017-10-08,DE,Northstar Public Data,2026-08-28,2026-08-28T06:30:00+00:00
IE1000001869,Helix Gold Enhanced ETF,Helix Funds,Helix Funds,Commodity,Gold,Single commodity,Physical Gold Reference,LU,USD,2550.52,USD,2016-01-14,10.6,Physical,Accumulating,0.61,Euronext Amsterdam,XAMS,HE1865,EUR,2016-11-30,NL,Helix Market Files,2026-08-28,2026-08-28T06:30:00+00:00
IE1000001877,Meridian Balanced UCITS ETF,Meridian ETFs,Meridian ETFs,Multi-Asset,Balanced,Allocation,Global 60/40,LU,USD,129.09,USD,2021-07-18,5.1,Physical,Accumulating,0.5,SIX Swiss Exchange,XSWX,ME1874,CHF,2023-01-10,CH,Meridian Data Service,2026-08-28,2026-08-28T06:30:00+00:00
IE1000001877,Meridian Balanced UCITS ETF,Meridian ETFs,Meridian ETFs,Multi-Asset,Balanced,Allocation,Global 60/40,LU,USD,131.87,USD,2021-07-18,5.1,Physical,Accumulating,0.5,London Stock Exchange,XLON,ME1870,GBP,2021-12-28,GB,Meridian Data Service,2026-08-28,2026-08-28T06:30:00+00:00
IE1000001877,Meridian Balanced UCITS ETF,Meridian ETFs,Meridian ETFs,Multi-Asset,Balanced,Allocation,Global 60/40,LU,USD,132.0,USD,2021-07-18,5.1,Physical,Accumulating,0.5,Bolsa de Madrid,XMAD,ME1876,EUR,2021-08-25,ES,Meridian Data Service,2026-08-28,2026-08-28T06:30:00+00:00
IE1000001877,Meridian Balanced UCITS ETF,Meridian ETFs,Meridian ETFs,Multi-Asset,Balanced,Allocation,Global 60/40,LU,USD,130.82,USD,2021-07-18,5.1,Physical,Accumulating,0.5,Borsa Italiana,XMIL,ME1873,EUR,2023-07-05,IT,Meridian Data Service,2026-08-28,2026-08-28T06:30:00+00:00
IE1000001885,Aperture US Equity Enhanced ETF,Aperture Index,Aperture Index,Equity,US Equity,Core,US Large Cap 500,LU,GBP,325.21,GBP,2018-12-13,7.7,Physical,Distributing,0.66,Borsa Italiana,XMIL,AP1883,EUR,2020-11-05,IT,Aperture Public Feed,2026-08-28,2026-08-28T06:30:00+00:00
IE1000001885,Aperture US Equity Enhanced ETF,Aperture Index,Aperture Index,Equity,US Equity,Core,US Large Cap 500,LU,GBP,332.43,GBP,2018-12-13,7.7,Physical,Distributing,0.66,Euronext Amsterdam,XAMS,AP1885,EUR,2020-03-30,NL,Aperture Public Feed,2026-08-28,2026-08-28T06:30:00+00:00
IE1000001885,Aperture US Equity Enhanced ETF,Aperture Index,Aperture Index,Equity,US Equity,Core,US Large Cap 500,LU,GBP,323.71,GBP,2018-12-13,7.7,Physical,Distributing,0.66,London Stock Exchange,XLON,AP1880,GBP,2019-09-09,GB,Aperture Public Feed,2026-08-28,2026-08-28T06:30:00+00:00
IE1000001885,Aperture US Equity Enhanced ETF,Aperture Index,Aperture Index,Equity,US Equity,Core,US Large Cap 500,LU,GBP,312.03,GBP,2018-12-13,7.7,Physical,Distributing,0.66,Euronext Paris,XPAR,AP1882,EUR,2021-01-01,FR,Aperture Public Feed,2026-08-28,2026-08-28T06:30:00+00:00
IE1000001893,Cedar Corporate Bond Enhanced ETF,Cedar Capital,Cedar Capital,Fixed Income,Corporate Bond,Income,Global Corporate Bond,LU,USD,87.6,USD,2010-01-12,16.6,Sampling,Distributing,0.42,Deutsche Börse Xetra,XETR,CE1891,EUR,2011-07-23,DE,Cedar Fund Data,2026-08-28,2026-08-28T06:30:00+00:00
IE1000001893,Cedar Corporate Bond Enhanced ETF,Cedar Capital,Cedar Capital,Fixed Income,Corporate Bond,Income,Global Corporate Bond,LU,USD,90.31,USD,2010-01-12,16.6,Sampling,Distributing,0.42,Euronext Paris,XPAR,CE1892,EUR,2011-06-27,FR,Cedar Fund Data,2026-08-28,2026-08-28T06:30:00+00:00
IE1000001893,Cedar Corporate Bond Enhanced ETF,Cedar Capital,Cedar Capital,Fixed Income,Corporate Bond,Income,Global Corporate Bond,LU,USD,86.5,USD,2010-01-12,16.6,Sampling,Distributing,0.42,Euronext Amsterdam,XAMS,CE1895,EUR,2011-08-05,NL,Cedar Fund Data,2026-08-28,2026-08-28T06:30:00+00:00
IE1000001901,Quarry Technology Screened UCITS ETF,Quarry Investments,Quarry Investments,Equity,Technology,Thematic,Global Technology Leaders,IE,USD,1420.12,USD,2017-03-14,9.5,Physical,Accumulating,0.7,London Stock Exchange,XLON,QU1900,GBP,2018-05-31,GB,Quarry Product Feed,2026-08-28,2026-08-28T06:30:00+00:00
IE1000001901,Quarry Technology Screened UCITS ETF,Quarry Investments,Quarry Investments,Equity,Technology,Thematic,Global Technology Leaders,IE,USD,1465.67,USD,2017-03-14,9.5,Physical,Accumulating,0.7,Deutsche Börse Xetra,XETR,QU1901,EUR,2017-06-30,DE,Quarry Product Feed,2026-08-28,2026-08-28T06:30:00+00:00
IE1000001919,Vela Defensive Allocation Index ETF,Vela Asset Management,Vela Asset Management,Multi-Asset,Defensive Allocation,Allocation,Global 30/70,IE,USD,147.87,USD,2014-01-27,12.6,Physical,Accumulating,0.3,Euronext Paris,XPAR,VE1912,EUR,2016-01-05,FR,Vela Fund Files,2026-08-28,2026-08-28T06:30:00+00:00
IE1000001927,Atlas US Equity Index ETF,Atlas Index,Atlas Index,Equity,US Equity,Core,US Large Cap 500,IE,EUR,2067.12,EUR,2011-03-17,15.4,Physical,Distributing,0.32,Bolsa de Madrid,XMAD,AT1926,EUR,2012-10-30,ES,Atlas Data Feed,2026-08-28,2026-08-28T06:30:00+00:00
IE1000001935,Northstar Short Duration Index ETF,Northstar Asset Management,Northstar Asset Management,Fixed Income,Short Duration,Defensive,EUR Corporate 1-3Y,IE,EUR,60.83,EUR,2016-02-04,10.6,Synthetic,Distributing,0.72,Borsa Italiana,XMIL,NO1933,EUR,2017-12-16,IT,Northstar Public Data,2026-08-28,2026-08-28T06:30:00+00:00
IE1000001935,Northstar Short Duration Index ETF,Northstar Asset Management,Northstar Asset Management,Fixed Income,Short Duration,Defensive,EUR Corporate 1-3Y,IE,EUR,59.38,EUR,2016-02-04,10.6,Synthetic,Distributing,0.72,Bolsa de Madrid,XMAD,NO1936,EUR,2017-08-31,ES,Northstar Public Data,2026-08-28,2026-08-28T06:30:00+00:00
IE1000001943,Helix Gold Enhanced ETF,Helix Funds,Helix Funds,Commodity,Gold,Single commodity,Physical Gold Reference,LU,EUR,15167.93,EUR,2006-09-27,19.9,Physical,Accumulating,0.59,Bolsa de Madrid,XMAD,HE1946,EUR,2007-07-21,ES,Helix Market Files,2026-08-28,2026-08-28T06:30:00+00:00
IE1000001943,Helix Gold Enhanced ETF,Helix Funds,Helix Funds,Commodity,Gold,Single commodity,Physical Gold Reference,LU,EUR,15827.54,EUR,2006-09-27,19.9,Physical,Accumulating,0.59,Euronext Amsterdam,XAMS,HE1945,EUR,2008-12-04,NL,Helix Market Files,2026-08-28,2026-08-28T06:30:00+00:00
IE1000001943,Helix Gold Enhanced ETF,Helix Funds,Helix Funds,Commodity,Gold,Single commodity,Physical Gold Reference,LU,EUR,15753.02,EUR,2006-09-27,19.9,Physical,Accumulating,0.59,Euronext Paris,XPAR,HE1942,EUR,2008-03-15,FR,Helix Market Files,2026-08-28,2026-08-28T06:30:00+00:00
IE1000001943,Helix Gold Enhanced ETF,Helix Funds,Helix Funds,Commodity,Gold,Single commodity,Physical Gold Reference,LU,EUR,15659.71,EUR,2006-09-27,19.9,Physical,Accumulating,0.59,Deutsche Börse Xetra,XETR,HE1941,EUR,2006-12-14,DE,Helix Market Files,2026-08-28,2026-08-28T06:30:00+00:00
IE1000001950,Meridian European Equity Enhanced ETF,Meridian ETFs,Meridian ETFs,Equity,European Equity,Core,Europe 600,LU,USD,3293.94,USD,2013-08-16,13.0,Physical,Accumulating,0.11,Borsa Italiana,XMIL,ME1953,EUR,2013-08-29,IT,Meridian Data Service,2026-08-28,2026-08-28T06:30:00+00:00
IE1000001950,Meridian European Equity Enhanced ETF,Meridian ETFs,Meridian ETFs,Equity,European Equity,Core,Europe 600,LU,USD,3233.0,USD,2013-08-16,13.0,Physical,Accumulating,0.11,SIX Swiss Exchange,XSWX,ME1954,CHF,2015-01-12,CH,Meridian Data Service,2026-08-28,2026-08-28T06:30:00+00:00
IE1000001968,Aperture US Equity Index ETF,Aperture Index,Aperture Index,Equity,US Equity,Core,US Large Cap 500,LU,USD,102.55,USD,2011-11-28,14.7,Physical,Accumulating,0.55,Deutsche Börse Xetra,XETR,AP1961,EUR,2011-12-11,DE,Aperture Public Feed,2026-08-28,2026-08-28T06:30:00+00:00
IE1000001976,Cedar Euro Government Bond Screened UCITS ETF,Cedar Capital,Cedar Capital,Fixed Income,Euro Government Bond,Duration,Euro Sovereign 7-10Y,IE,EUR,3143.94,EUR,2011-03-09,15.5,Sampling,Accumulating,0.24,Deutsche Börse Xetra,XETR,CE1971,EUR,2013-06-04,DE,Cedar Fund Data,2026-08-28,2026-08-28T06:30:00+00:00
IE1000001976,Cedar Euro Government Bond Screened UCITS ETF,Cedar Capital,Cedar Capital,Fixed Income,Euro Government Bond,Duration,Euro Sovereign 7-10Y,IE,EUR,3150.68,EUR,2011-03-09,15.5,Sampling,Accumulating,0.24,Bolsa de Madrid,XMAD,CE1976,EUR,2011-10-02,ES,Cedar Fund Data,2026-08-28,2026-08-28T06:30:00+00:00
IE1000001976,Cedar Euro Government Bond Screened UCITS ETF,Cedar Capital,Cedar Capital,Fixed Income,Euro Government Bond,Duration,Euro Sovereign 7-10Y,IE,EUR,3154.07,EUR,2011-03-09,15.5,Sampling,Accumulating,0.24,Euronext Amsterdam,XAMS,CE1975,EUR,2012-03-06,NL,Cedar Fund Data,2026-08-28,2026-08-28T06:30:00+00:00
IE1000001976,Cedar Euro Government Bond Screened UCITS ETF,Cedar Capital,Cedar Capital,Fixed Income,Euro Government Bond,Duration,Euro Sovereign 7-10Y,IE,EUR,3137.03,EUR,2011-03-09,15.5,Sampling,Accumulating,0.24,Borsa Italiana,XMIL,CE1973,EUR,2013-03-20,IT,Cedar Fund Data,2026-08-28,2026-08-28T06:30:00+00:00
IE1000001984,Quarry Gold Screened UCITS ETF,Quarry Investments,Quarry Investments,Commodity,Gold,Single commodity,Physical Gold Reference,IE,EUR,217.72,EUR,2016-01-30,10.6,Physical,Accumulating,0.14,Deutsche Börse Xetra,XETR,QU1981,EUR,2016-03-22,DE,Quarry Product Feed,2026-08-28,2026-08-28T06:30:00+00:00
IE1000001992,Vela Defensive Allocation Enhanced ETF,Vela Asset Management,Vela Asset Management,Multi-Asset,Defensive Allocation,Allocation,Global 30/70,IE,EUR,103.05,EUR,2023-12-13,2.7,Sampling,Distributing,0.66,Euronext Paris,XPAR,VE1992,EUR,2025-09-25,FR,Vela Fund Files,2026-08-28,2026-08-28T06:30:00+00:00
IE1000001992,Vela Defensive Allocation Enhanced ETF,Vela Asset Management,Vela Asset Management,Multi-Asset,Defensive Allocation,Allocation,Global 30/70,IE,EUR,101.19,EUR,2023-12-13,2.7,Sampling,Distributing,0.66,London Stock Exchange,XLON,VE1990,USD,2024-04-08,GB,Vela Fund Files,2026-08-28,2026-08-28T06:30:00+00:00
IE1000002008,Atlas Climate Transition Screened UCITS ETF,Atlas Index,Atlas Index,Equity,Climate Transition,ESG,Global Climate Transition,LU,USD,2631.43,USD,2023-06-03,3.2,Physical,Accumulating,0.5,London Stock Exchange,XLON,AT2000,GBP,2024-08-14,GB,Atlas Data Feed,2026-08-28,2026-08-28T06:30:00+00:00
IE1000002016,Northstar Corporate Bond Index ETF,Northstar Asset Management,Northstar Asset Management,Fixed Income,Corporate Bond,Income,Global Corporate Bond,IE,EUR,416.85,EUR,2011-03-05,15.5,Physical,Accumulating,0.15,Bolsa de Madrid,XMAD,NO2016,EUR,2012-12-10,ES,Northstar Public Data,2026-08-28,2026-08-28T06:30:00+00:00
IE1000002016,Northstar Corporate Bond Index ETF,Northstar Asset Management,Northstar Asset Management,Fixed Income,Corporate Bond,Income,Global Corporate Bond,IE,EUR,432.52,EUR,2011-03-05,15.5,Physical,Accumulating,0.15,Deutsche Börse Xetra,XETR,NO2011,EUR,2012-08-08,DE,Northstar Public Data,2026-08-28,2026-08-28T06:30:00+00:00
IE1000002024,Helix Gold Screened UCITS ETF,Helix Funds,Helix Funds,Commodity,Gold,Single commodity,Physical Gold Reference,IE,EUR,3081.71,EUR,2014-05-15,12.3,Physical,Distributing,0.39,Bolsa de Madrid,XMAD,HE2026,EUR,2016-04-20,ES,Helix Market Files,2026-08-28,2026-08-28T06:30:00+00:00
IE1000002032,Meridian Balanced Index ETF,Meridian ETFs,Meridian ETFs,Multi-Asset,Balanced,Allocation,Global 60/40,IE,GBP,311.79,GBP,2014-10-02,11.9,Sampling,Accumulating,0.37,Euronext Paris,XPAR,ME2032,EUR,2016-07-30,FR,Meridian Data Service,2026-08-28,2026-08-28T06:30:00+00:00
IE1000002032,Meridian Balanced Index ETF,Meridian ETFs,Meridian ETFs,Multi-Asset,Balanced,Allocation,Global 60/40,IE,GBP,322.02,GBP,2014-10-02,11.9,Sampling,Accumulating,0.37,Deutsche Börse Xetra,XETR,ME2031,EUR,2016-07-12,DE,Meridian Data Service,2026-08-28,2026-08-28T06:30:00+00:00
IE1000002040,Aperture Global Large Cap Index ETF,Aperture Index,Aperture Index,Equity,Global Large Cap,Core,Global Developed 1000,LU,EUR,159.83,EUR,2008-07-29,18.1,Synthetic,Distributing,0.34,Borsa Italiana,XMIL,AP2043,EUR,2008-12-05,IT,Aperture Public Feed,2026-08-28,2026-08-28T06:30:00+00:00
IE1000002040,Aperture Global Large Cap Index ETF,Aperture Index,Aperture Index,Equity,Global Large Cap,Core,Global Developed 1000,LU,EUR,150.74,EUR,2008-07-29,18.1,Synthetic,Distributing,0.34,London Stock Exchange,XLON,AP2040,USD,2009-09-25,GB,Aperture Public Feed,2026-08-28,2026-08-28T06:30:00+00:00
IE1000002040,Aperture Global Large Cap Index ETF,Aperture Index,Aperture Index,Equity,Global Large Cap,Core,Global Developed 1000,LU,EUR,149.79,EUR,2008-07-29,18.1,Synthetic,Distributing,0.34,Deutsche Börse Xetra,XETR,AP2041,EUR,2010-11-30,DE,Aperture Public Feed,2026-08-28,2026-08-28T06:30:00+00:00
IE1000002057,Cedar Emerging Markets Screened UCITS ETF,Cedar Capital,Cedar Capital,Equity,Emerging Markets,Core,Emerging Markets Broad,IE,EUR,35.09,EUR,2012-10-19,13.9,Sampling,Distributing,0.74,London Stock Exchange,XLON,CE2050,USD,2014-08-30,GB,Cedar Fund Data,2026-08-28,2026-08-28T06:30:00+00:00
IE1000002057,Cedar Emerging Markets Screened UCITS ETF,Cedar Capital,Cedar Capital,Equity,Emerging Markets,Core,Emerging Markets Broad,IE,EUR,34.45,EUR,2012-10-19,13.9,Sampling,Distributing,0.74,Euronext Paris,XPAR,CE2052,EUR,2013-10-25,FR,Cedar Fund Data,2026-08-28,2026-08-28T06:30:00+00:00
IE1000002065,Quarry Gold UCITS ETF,Quarry Investments,Quarry Investments,Commodity,Gold,Single commodity,Physical Gold Reference,LU,EUR,15959.45,EUR,2020-10-30,5.8,Physical,Distributing,0.48,Deutsche Börse Xetra,XETR,QU2061,EUR,2023-02-01,DE,Quarry Product Feed,2026-08-28,2026-08-28T06:30:00+00:00
IE1000002065,Quarry Gold UCITS ETF,Quarry Investments,Quarry Investments,Commodity,Gold,Single commodity,Physical Gold Reference,LU,EUR,15853.32,EUR,2020-10-30,5.8,Physical,Distributing,0.48,Bolsa de Madrid,XMAD,QU2066,EUR,2022-08-11,ES,Quarry Product Feed,2026-08-28,2026-08-28T06:30:00+00:00
IE1000002073,Vela Balanced Screened UCITS ETF,Vela Asset Management,Vela Asset Management,Multi-Asset,Balanced,Allocation,Global 60/40,LU,USD,236.3,USD,2009-12-01,16.7,Synthetic,Distributing,0.15,Bolsa de Madrid,XMAD,VE2076,EUR,2011-08-07,ES,Vela Fund Files,2026-08-28,2026-08-28T06:30:00+00:00
IE1000002073,Vela Balanced Screened UCITS ETF,Vela Asset Management,Vela Asset Management,Multi-Asset,Balanced,Allocation,Global 60/40,LU,USD,235.62,USD,2009-12-01,16.7,Synthetic,Distributing,0.15,Euronext Amsterdam,XAMS,VE2075,EUR,2011-12-24,NL,Vela Fund Files,2026-08-28,2026-08-28T06:30:00+00:00
IE1000002081,Atlas European Equity UCITS ETF,Atlas Index,Atlas Index,Equity,European Equity,Core,Europe 600,LU,CHF,236.62,CHF,2022-11-09,3.8,Sampling,Distributing,0.74,Deutsche Börse Xetra,XETR,AT2081,EUR,2023-01-29,DE,Atlas Data Feed,2026-08-28,2026-08-28T06:30:00+00:00
IE1000002099,Northstar Short Duration Enhanced ETF,Northstar Asset Management,Northstar Asset Management,Fixed Income,Short Duration,Defensive,EUR Corporate 1-3Y,IE,EUR,306.07,EUR,2007-09-21,18.9,Physical,Accumulating,0.64,Borsa Italiana,XMIL,NO2093,EUR,2008-07-13,IT,Northstar Public Data,2026-08-28,2026-08-28T06:30:00+00:00
IE1000002107,Helix Climate Transition Screened UCITS ETF,Helix Funds,Helix Funds,Equity,Climate Transition,ESG,Global Climate Transition,IE,EUR,572.0,EUR,2006-09-22,19.9,Physical,Accumulating,0.52,London Stock Exchange,XLON,HE2100,USD,2008-11-11,GB,Helix Market Files,2026-08-28,2026-08-28T06:30:00+00:00
IE1000002107,Helix Climate Transition Screened UCITS ETF,Helix Funds,Helix Funds,Equity,Climate Transition,ESG,Global Climate Transition,IE,EUR,560.98,EUR,2006-09-22,19.9,Physical,Accumulating,0.52,Bolsa de Madrid,XMAD,HE2106,EUR,2007-01-14,ES,Helix Market Files,2026-08-28,2026-08-28T06:30:00+00:00
IE1000002115,Meridian Defensive Allocation Enhanced ETF,Meridian ETFs,Meridian ETFs,Multi-Asset,Defensive Allocation,Allocation,Global 30/70,IE,CHF,57.78,CHF,2011-10-12,14.9,Sampling,Accumulating,0.73,London Stock Exchange,XLON,ME2110,USD,2011-12-10,GB,Meridian Data Service,2026-08-28,2026-08-28T06:30:00+00:00
IE1000002115,Meridian Defensive Allocation Enhanced ETF,Meridian ETFs,Meridian ETFs,Multi-Asset,Defensive Allocation,Allocation,Global 30/70,IE,CHF,55.63,CHF,2011-10-12,14.9,Sampling,Accumulating,0.73,Borsa Italiana,XMIL,ME2113,EUR,2012-09-15,IT,Meridian Data Service,2026-08-28,2026-08-28T06:30:00+00:00
IE1000002123,Aperture Climate Transition UCITS ETF,Aperture Index,Aperture Index,Equity,Climate Transition,ESG,Global Climate Transition,LU,EUR,2497.2,EUR,2008-11-11,17.8,Physical,Accumulating,0.66,Deutsche Börse Xetra,XETR,AP2121,EUR,2010-04-21,DE,Aperture Public Feed,2026-08-28,2026-08-28T06:30:00+00:00
IE1000002123,Aperture Climate Transition UCITS ETF,Aperture Index,Aperture Index,Equity,Climate Transition,ESG,Global Climate Transition,LU,EUR,2449.48,EUR,2008-11-11,17.8,Physical,Accumulating,0.66,Bolsa de Madrid,XMAD,AP2126,EUR,2008-11-22,ES,Aperture Public Feed,2026-08-28,2026-08-28T06:30:00+00:00
IE1000002131,Cedar Corporate Bond UCITS ETF,Cedar Capital,Cedar Capital,Fixed Income,Corporate Bond,Income,Global Corporate Bond,LU,EUR,5801.39,EUR,2009-06-30,17.2,Sampling,Accumulating,0.15,Euronext Paris,XPAR,CE2132,EUR,2011-04-17,FR,Cedar Fund Data,2026-08-28,2026-08-28T06:30:00+00:00
IE1000002131,Cedar Corporate Bond UCITS ETF,Cedar Capital,Cedar Capital,Fixed Income,Corporate Bond,Income,Global Corporate Bond,LU,EUR,5760.05,EUR,2009-06-30,17.2,Sampling,Accumulating,0.15,Deutsche Börse Xetra,XETR,CE2131,EUR,2010-02-18,DE,Cedar Fund Data,2026-08-28,2026-08-28T06:30:00+00:00
IE1000002131,Cedar Corporate Bond UCITS ETF,Cedar Capital,Cedar Capital,Fixed Income,Corporate Bond,Income,Global Corporate Bond,LU,EUR,5794.23,EUR,2009-06-30,17.2,Sampling,Accumulating,0.15,London Stock Exchange,XLON,CE2130,GBP,2009-11-08,GB,Cedar Fund Data,2026-08-28,2026-08-28T06:30:00+00:00
IE1000002149,Quarry Broad Commodities UCITS ETF,Quarry Investments,Quarry Investments,Commodity,Broad Commodities,Broad,Diversified Commodity,IE,GBP,86.72,GBP,2006-09-08,20.0,Physical,Distributing,0.43,Borsa Italiana,XMIL,QU2143,EUR,2006-10-06,IT,Quarry Product Feed,2026-08-28,2026-08-28T06:30:00+00:00
IE1000002149,Quarry Broad Commodities UCITS ETF,Quarry Investments,Quarry Investments,Commodity,Broad Commodities,Broad,Diversified Commodity,IE,GBP,84.85,GBP,2006-09-08,20.0,Physical,Distributing,0.43,Euronext Amsterdam,XAMS,QU2145,EUR,2007-08-08,NL,Quarry Product Feed,2026-08-28,2026-08-28T06:30:00+00:00
IE1000002156,Vela Emerging Markets Index ETF,Vela Asset Management,Vela Asset Management,Equity,Emerging Markets,Core,Emerging Markets Broad,LU,EUR,5445.02,EUR,2016-04-13,10.4,Physical,Distributing,0.15,Bolsa de Madrid,XMAD,VE2156,EUR,2018-07-30,ES,Vela Fund Files,2026-08-28,2026-08-28T06:30:00+00:00
IE1000002156,Vela Emerging Markets Index ETF,Vela Asset Management,Vela Asset Management,Equity,Emerging Markets,Core,Emerging Markets Broad,LU,EUR,5422.64,EUR,2016-04-13,10.4,Physical,Distributing,0.15,London Stock Exchange,XLON,VE2150,USD,2017-06-16,GB,Vela Fund Files,2026-08-28,2026-08-28T06:30:00+00:00
IE1000002156,Vela Emerging Markets Index ETF,Vela Asset Management,Vela Asset Management,Equity,Emerging Markets,Core,Emerging Markets Broad,LU,EUR,5352.81,EUR,2016-04-13,10.4,Physical,Distributing,0.15,Borsa Italiana,XMIL,VE2153,EUR,2016-04-18,IT,Vela Fund Files,2026-08-28,2026-08-28T06:30:00+00:00
IE1000002164,Atlas Global Large Cap Index ETF,Atlas Index,Atlas Index,Equity,Global Large Cap,Core,Global Developed 1000,IE,EUR,3817.88,EUR,2022-08-25,4.0,Physical,Distributing,0.22,Bolsa de Madrid,XMAD,AT2166,EUR,2023-04-23,ES,Atlas Data Feed,2026-08-28,2026-08-28T06:30:00+00:00
IE1000002172,Northstar Euro Government Bond UCITS ETF,Northstar Asset Management,Northstar Asset Management,Fixed Income,Euro Government Bond,Duration,Euro Sovereign 7-10Y,IE,USD,147.09,USD,2015-07-29,11.1,Physical,Distributing,0.54,Euronext Paris,XPAR,NO2172,EUR,2017-09-09,FR,Northstar Public Data,2026-08-28,2026-08-28T06:30:00+00:00
IE1000002172,Northstar Euro Government Bond UCITS ETF,Northstar Asset Management,Northstar Asset Management,Fixed Income,Euro Government Bond,Duration,Euro Sovereign 7-10Y,IE,USD,156.61,USD,2015-07-29,11.1,Physical,Distributing,0.54,Bolsa de Madrid,XMAD,NO2176,EUR,2016-09-02,ES,Northstar Public Data,2026-08-28,2026-08-28T06:30:00+00:00
IE1000002180,Helix Broad Commodities UCITS ETF,Helix Funds,Helix Funds,Commodity,Broad Commodities,Broad,Diversified Commodity,LU,EUR,18438.43,EUR,2019-08-25,7.0,Sampling,Distributing,0.45,London Stock Exchange,XLON,HE2180,GBP,2021-11-01,GB,Helix Market Files,2026-08-28,2026-08-28T06:30:00+00:00
IE1000002180,Helix Broad Commodities UCITS ETF,Helix Funds,Helix Funds,Commodity,Broad Commodities,Broad,Diversified Commodity,LU,EUR,18964.66,EUR,2019-08-25,7.0,Sampling,Distributing,0.45,Bolsa de Madrid,XMAD,HE2186,EUR,2020-01-24,ES,Helix Market Files,2026-08-28,2026-08-28T06:30:00+00:00
IE1000002198,Meridian Defensive Allocation Enhanced ETF,Meridian ETFs,Meridian ETFs,Multi-Asset,Defensive Allocation,Allocation,Global 30/70,LU,USD,14129.67,USD,2012-01-31,14.6,Physical,Accumulating,0.25,SIX Swiss Exchange,XSWX,ME2194,CHF,2013-11-06,CH,Meridian Data Service,2026-08-28,2026-08-28T06:30:00+00:00
IE1000002198,Meridian Defensive Allocation Enhanced ETF,Meridian ETFs,Meridian ETFs,Multi-Asset,Defensive Allocation,Allocation,Global 30/70,LU,USD,13626.9,USD,2012-01-31,14.6,Physical,Accumulating,0.25,Deutsche Börse Xetra,XETR,ME2191,EUR,2013-12-24,DE,Meridian Data Service,2026-08-28,2026-08-28T06:30:00+00:00
IE1000002206,Aperture US Equity Index ETF,Aperture Index,Aperture Index,Equity,US Equity,Core,US Large Cap 500,LU,EUR,681.64,EUR,2010-06-11,16.2,Physical,Accumulating,0.59,London Stock Exchange,XLON,AP2200,USD,2011-06-11,GB,Aperture Public Feed,2026-08-28,2026-08-28T06:30:00+00:00
IE1000002214,Cedar Global Aggregate Bond UCITS ETF,Cedar Capital,Cedar Capital,Fixed Income,Global Aggregate Bond,Core,Global Aggregate Bond,LU,USD,1858.04,USD,2016-11-15,9.8,Physical,Distributing,0.4,Euronext Paris,XPAR,CE2212,EUR,2018-11-16,FR,Cedar Fund Data,2026-08-28,2026-08-28T06:30:00+00:00
IE1000002214,Cedar Global Aggregate Bond UCITS ETF,Cedar Capital,Cedar Capital,Fixed Income,Global Aggregate Bond,Core,Global Aggregate Bond,LU,USD,1874.38,USD,2016-11-15,9.8,Physical,Distributing,0.4,SIX Swiss Exchange,XSWX,CE2214,CHF,2019-04-01,CH,Cedar Fund Data,2026-08-28,2026-08-28T06:30:00+00:00
IE1000002222,Quarry Broad Commodities UCITS ETF,Quarry Investments,Quarry Investments,Commodity,Broad Commodities,Broad,Diversified Commodity,IE,USD,150.25,USD,2009-08-14,17.0,Synthetic,Distributing,0.2,Euronext Paris,XPAR,QU2222,EUR,2010-02-09,FR,Quarry Product Feed,2026-08-28,2026-08-28T06:30:00+00:00
IE1000002222,Quarry Broad Commodities UCITS ETF,Quarry Investments,Quarry Investments,Commodity,Broad Commodities,Broad,Diversified Commodity,IE,USD,154.16,USD,2009-08-14,17.0,Synthetic,Distributing,0.2,Borsa Italiana,XMIL,QU2223,EUR,2010-12-02,IT,Quarry Product Feed,2026-08-28,2026-08-28T06:30:00+00:00
IE1000002230,Vela Balanced UCITS ETF,Vela Asset Management,Vela Asset Management,Multi-Asset,Balanced,Allocation,Global 60/40,IE,USD,33.17,USD,2018-07-19,8.1,Physical,Accumulating,0.3,Borsa Italiana,XMIL,VE2233,EUR,2019-04-15,IT,Vela Fund Files,2026-08-28,2026-08-28T06:30:00+00:00
IE1000002230,Vela Balanced UCITS ETF,Vela Asset Management,Vela Asset Management,Multi-Asset,Balanced,Allocation,Global 60/40,IE,USD,32.13,USD,2018-07-19,8.1,Physical,Accumulating,0.3,Euronext Paris,XPAR,VE2232,EUR,2020-10-17,FR,Vela Fund Files,2026-08-28,2026-08-28T06:30:00+00:00
IE1000002230,Vela Balanced UCITS ETF,Vela Asset Management,Vela Asset Management,Multi-Asset,Balanced,Allocation,Global 60/40,IE,USD,33.36,USD,2018-07-19,8.1,Physical,Accumulating,0.3,SIX Swiss Exchange,XSWX,VE2234,USD,2019-02-04,CH,Vela Fund Files,2026-08-28,2026-08-28T06:30:00+00:00
IE1000002248,Atlas European Equity UCITS ETF,Atlas Index,Atlas Index,Equity,European Equity,Core,Europe 600,LU,USD,32.75,USD,2010-08-27,16.0,Physical,Distributing,0.71,SIX Swiss Exchange,XSWX,AT2244,CHF,2010-10-25,CH,Atlas Data Feed,2026-08-28,2026-08-28T06:30:00+00:00
IE1000002248,Atlas European Equity UCITS ETF,Atlas Index,Atlas Index,Equity,European Equity,Core,Europe 600,LU,USD,33.21,USD,2010-08-27,16.0,Physical,Distributing,0.71,Bolsa de Madrid,XMAD,AT2246,EUR,2012-08-17,ES,Atlas Data Feed,2026-08-28,2026-08-28T06:30:00+00:00
IE1000002248,Atlas European Equity UCITS ETF,Atlas Index,Atlas Index,Equity,European Equity,Core,Europe 600,LU,USD,32.56,USD,2010-08-27,16.0,Physical,Distributing,0.71,Deutsche Börse Xetra,XETR,AT2241,EUR,2010-10-26,DE,Atlas Data Feed,2026-08-28,2026-08-28T06:30:00+00:00
IE1000002255,Northstar US Equity Screened UCITS ETF,Northstar Asset Management,Northstar Asset Management,Equity,US Equity,Core,US Large Cap 500,LU,USD,31.85,USD,2014-12-03,11.7,Physical,Accumulating,0.3,Deutsche Börse Xetra,XETR,NO2251,EUR,2015-02-04,DE,Northstar Public Data,2026-08-28,2026-08-28T06:30:00+00:00
IE1000002255,Northstar US Equity Screened UCITS ETF,Northstar Asset Management,Northstar Asset Management,Equity,US Equity,Core,US Large Cap 500,LU,USD,31.89,USD,2014-12-03,11.7,Physical,Accumulating,0.3,Euronext Paris,XPAR,NO2252,EUR,2015-04-06,FR,Northstar Public Data,2026-08-28,2026-08-28T06:30:00+00:00
IE1000002255,Northstar US Equity Screened UCITS ETF,Northstar Asset Management,Northstar Asset Management,Equity,US Equity,Core,US Large Cap 500,LU,USD,32.83,USD,2014-12-03,11.7,Physical,Accumulating,0.3,London Stock Exchange,XLON,NO2250,USD,2015-04-20,GB,Northstar Public Data,2026-08-28,2026-08-28T06:30:00+00:00
IE1000002255,Northstar US Equity Screened UCITS ETF,Northstar Asset Management,Northstar Asset Management,Equity,US Equity,Core,US Large Cap 500,LU,USD,33.27,USD,2014-12-03,11.7,Physical,Accumulating,0.3,Borsa Italiana,XMIL,NO2253,EUR,2016-08-11,IT,Northstar Public Data,2026-08-28,2026-08-28T06:30:00+00:00
IE1000002263,Helix Gold Screened UCITS ETF,Helix Funds,Helix Funds,Commodity,Gold,Single commodity,Physical Gold Reference,IE,EUR,6811.14,EUR,2024-06-25,2.2,Synthetic,Accumulating,0.29,SIX Swiss Exchange,XSWX,HE2264,CHF,2026-09-26,CH,Helix Market Files,2026-08-28,2026-08-28T06:30:00+00:00
IE1000002263,Helix Gold Screened UCITS ETF,Helix Funds,Helix Funds,Commodity,Gold,Single commodity,Physical Gold Reference,IE,EUR,7092.66,EUR,2024-06-25,2.2,Synthetic,Accumulating,0.29,London Stock Exchange,XLON,HE2260,USD,2025-07-03,GB,Helix Market Files,2026-08-28,2026-08-28T06:30:00+00:00
IE1000002271,Meridian Balanced Screened UCITS ETF,Meridian ETFs,Meridian ETFs,Multi-Asset,Balanced,Allocation,Global 60/40,IE,GBP,5058.7,GBP,2011-06-27,15.2,Physical,Accumulating,0.69,Bolsa de Madrid,XMAD,ME2276,EUR,2013-08-01,ES,Meridian Data Service,2026-08-28,2026-08-28T06:30:00+00:00
IE1000002271,Meridian Balanced Screened UCITS ETF,Meridian ETFs,Meridian ETFs,Multi-Asset,Balanced,Allocation,Global 60/40,IE,GBP,5155.7,GBP,2011-06-27,15.2,Physical,Accumulating,0.69,SIX Swiss Exchange,XSWX,ME2274,USD,2012-02-09,CH,Meridian Data Service,2026-08-28,2026-08-28T06:30:00+00:00
IE1000002289,Aperture Technology Index ETF,Aperture Index,Aperture Index,Equity,Technology,Thematic,Global Technology Leaders,IE,EUR,290.35,EUR,2020-05-04,6.3,Physical,Distributing,0.68,Bolsa de Madrid,XMAD,AP2286,EUR,2022-05-29,ES,Aperture Public Feed,2026-08-28,2026-08-28T06:30:00+00:00
IE1000002297,Cedar Global Aggregate Bond Enhanced ETF,Cedar Capital,Cedar Capital,Fixed Income,Global Aggregate Bond,Core,Global Aggregate Bond,LU,EUR,4821.27,EUR,2015-07-24,11.1,Physical,Accumulating,0.69,Euronext Amsterdam,XAMS,CE2295,EUR,2016-03-28,NL,Cedar Fund Data,2026-08-28,2026-08-28T06:30:00+00:00
IE1000002297,Cedar Global Aggregate Bond Enhanced ETF,Cedar Capital,Cedar Capital,Fixed Income,Global Aggregate Bond,Core,Global Aggregate Bond,LU,EUR,4829.07,EUR,2015-07-24,11.1,Physical,Accumulating,0.69,Borsa Italiana,XMIL,CE2293,EUR,2017-01-17,IT,Cedar Fund Data,2026-08-28,2026-08-28T06:30:00+00:00
IE1000002305,Quarry Climate Transition Screened UCITS ETF,Quarry Investments,Quarry Investments,Equity,Climate Transition,ESG,Global Climate Transition,LU,USD,93.37,USD,2016-02-29,10.5,Physical,Distributing,0.22,Deutsche Börse Xetra,XETR,QU2301,EUR,2017-03-01,DE,Quarry Product Feed,2026-08-28,2026-08-28T06:30:00+00:00
IE1000002305,Quarry Climate Transition Screened UCITS ETF,Quarry Investments,Quarry Investments,Equity,Climate Transition,ESG,Global Climate Transition,LU,USD,95.47,USD,2016-02-29,10.5,Physical,Distributing,0.22,SIX Swiss Exchange,XSWX,QU2304,CHF,2016-08-18,CH,Quarry Product Feed,2026-08-28,2026-08-28T06:30:00+00:00
IE1000002305,Quarry Climate Transition Screened UCITS ETF,Quarry Investments,Quarry Investments,Equity,Climate Transition,ESG,Global Climate Transition,LU,USD,94.01,USD,2016-02-29,10.5,Physical,Distributing,0.22,London Stock Exchange,XLON,QU2300,GBP,2016-12-03,GB,Quarry Product Feed,2026-08-28,2026-08-28T06:30:00+00:00
IE1000002305,Quarry Climate Transition Screened UCITS ETF,Quarry Investments,Quarry Investments,Equity,Climate Transition,ESG,Global Climate Transition,LU,USD,92.45,USD,2016-02-29,10.5,Physical,Distributing,0.22,Borsa Italiana,XMIL,QU2303,EUR,2016-06-02,IT,Quarry Product Feed,2026-08-28,2026-08-28T06:30:00+00:00
IE1000002313,Vela Balanced UCITS ETF,Vela Asset Management,Vela Asset Management,Multi-Asset,Balanced,Allocation,Global 60/40,LU,CHF,16527.08,CHF,2024-05-29,2.2,Physical,Distributing,0.12,Borsa Italiana,XMIL,VE2313,EUR,2026-07-05,IT,Vela Fund Files,2026-08-28,2026-08-28T06:30:00+00:00
IE1000002313,Vela Balanced UCITS ETF,Vela Asset Management,Vela Asset Management,Multi-Asset,Balanced,Allocation,Global 60/40,LU,CHF,16972.04,CHF,2024-05-29,2.2,Physical,Distributing,0.12,Euronext Paris,XPAR,VE2312,EUR,2026-07-18,FR,Vela Fund Files,2026-08-28,2026-08-28T06:30:00+00:00
IE1000002313,Vela Balanced UCITS ETF,Vela Asset Management,Vela Asset Management,Multi-Asset,Balanced,Allocation,Global 60/40,LU,CHF,16149.49,CHF,2024-05-29,2.2,Physical,Distributing,0.12,Bolsa de Madrid,XMAD,VE2316,EUR,2025-03-14,ES,Vela Fund Files,2026-08-28,2026-08-28T06:30:00+00:00
IE1000002321,Atlas European Equity Index ETF,Atlas Index,Atlas Index,Equity,European Equity,Core,Europe 600,LU,GBP,34.9,GBP,2021-02-15,5.5,Physical,Distributing,0.59,Euronext Amsterdam,XAMS,AT2325,EUR,2022-05-12,NL,Atlas Data Feed,2026-08-28,2026-08-28T06:30:00+00:00
IE1000002339,Northstar Corporate Bond Enhanced ETF,Northstar Asset Management,Northstar Asset Management,Fixed Income,Corporate Bond,Income,Global Corporate Bond,IE,USD,2293.93,USD,2025-01-28,1.6,Physical,Distributing,0.49,Bolsa de Madrid,XMAD,NO2336,EUR,2026-10-10,ES,Northstar Public Data,2026-08-28,2026-08-28T06:30:00+00:00
IE1000002339,Northstar Corporate Bond Enhanced ETF,Northstar Asset Management,Northstar Asset Management,Fixed Income,Corporate Bond,Income,Global Corporate Bond,IE,USD,2227.03,USD,2025-01-28,1.6,Physical,Distributing,0.49,Euronext Amsterdam,XAMS,NO2335,EUR,2025-10-01,NL,Northstar Public Data,2026-08-28,2026-08-28T06:30:00+00:00
IE1000002347,Helix Broad Commodities UCITS ETF,Helix Funds,Helix Funds,Commodity,Broad Commodities,Broad,Diversified Commodity,IE,USD,5477.15,USD,2017-02-20,9.5,Physical,Accumulating,0.46,Euronext Amsterdam,XAMS,HE2345,EUR,2017-03-31,NL,Helix Market Files,2026-08-28,2026-08-28T06:30:00+00:00
IE1000002347,Helix Broad Commodities UCITS ETF,Helix Funds,Helix Funds,Commodity,Broad Commodities,Broad,Diversified Commodity,IE,USD,5478.92,USD,2017-02-20,9.5,Physical,Accumulating,0.46,Bolsa de Madrid,XMAD,HE2346,EUR,2019-06-15,ES,Helix Market Files,2026-08-28,2026-08-28T06:30:00+00:00
IE1000002354,Meridian Global Large Cap UCITS ETF,Meridian ETFs,Meridian ETFs,Equity,Global Large Cap,Core,Global Developed 1000,LU,USD,62.72,USD,2007-02-25,19.5,Physical,Distributing,0.34,Bolsa de Madrid,XMAD,ME2356,EUR,2009-06-24,ES,Meridian Data Service,2026-08-28,2026-08-28T06:30:00+00:00
IE1000002354,Meridian Global Large Cap UCITS ETF,Meridian ETFs,Meridian ETFs,Equity,Global Large Cap,Core,Global Developed 1000,LU,USD,64.23,USD,2007-02-25,19.5,Physical,Distributing,0.34,Borsa Italiana,XMIL,ME2353,EUR,2007-12-28,IT,Meridian Data Service,2026-08-28,2026-08-28T06:30:00+00:00
IE1000002362,Aperture Climate Transition Enhanced ETF,Aperture Index,Aperture Index,Equity,Climate Transition,ESG,Global Climate Transition,IE,EUR,1383.88,EUR,2023-09-23,2.9,Sampling,Accumulating,0.09,SIX Swiss Exchange,XSWX,AP2364,CHF,2026-01-18,CH,Aperture Public Feed,2026-08-28,2026-08-28T06:30:00+00:00
IE1000002362,Aperture Climate Transition Enhanced ETF,Aperture Index,Aperture Index,Equity,Climate Transition,ESG,Global Climate Transition,IE,EUR,1412.89,EUR,2023-09-23,2.9,Sampling,Accumulating,0.09,Deutsche Börse Xetra,XETR,AP2361,EUR,2023-12-16,DE,Aperture Public Feed,2026-08-28,2026-08-28T06:30:00+00:00
IE1000002370,Cedar Euro Government Bond Index ETF,Cedar Capital,Cedar Capital,Fixed Income,Euro Government Bond,Duration,Euro Sovereign 7-10Y,LU,USD,94.57,USD,2015-06-09,11.2,Sampling,Accumulating,0.18,Borsa Italiana,XMIL,CE2373,EUR,2017-04-16,IT,Cedar Fund Data,2026-08-28,2026-08-28T06:30:00+00:00
IE1000002370,Cedar Euro Government Bond Index ETF,Cedar Capital,Cedar Capital,Fixed Income,Euro Government Bond,Duration,Euro Sovereign 7-10Y,LU,USD,99.69,USD,2015-06-09,11.2,Sampling,Accumulating,0.18,SIX Swiss Exchange,XSWX,CE2374,CHF,2017-07-28,CH,Cedar Fund Data,2026-08-28,2026-08-28T06:30:00+00:00
IE1000002370,Cedar Euro Government Bond Index ETF,Cedar Capital,Cedar Capital,Fixed Income,Euro Government Bond,Duration,Euro Sovereign 7-10Y,LU,USD,95.76,USD,2015-06-09,11.2,Sampling,Accumulating,0.18,Euronext Amsterdam,XAMS,CE2375,EUR,2015-10-22,NL,Cedar Fund Data,2026-08-28,2026-08-28T06:30:00+00:00
IE1000002388,Quarry Broad Commodities Index ETF,Quarry Investments,Quarry Investments,Commodity,Broad Commodities,Broad,Diversified Commodity,LU,EUR,51.22,EUR,2008-09-24,17.9,Synthetic,Distributing,0.42,Euronext Paris,XPAR,QU2382,EUR,2010-07-07,FR,Quarry Product Feed,2026-08-28,2026-08-28T06:30:00+00:00
IE1000002388,Quarry Broad Commodities Index ETF,Quarry Investments,Quarry Investments,Commodity,Broad Commodities,Broad,Diversified Commodity,LU,EUR,52.67,EUR,2008-09-24,17.9,Synthetic,Distributing,0.42,Deutsche Börse Xetra,XETR,QU2381,EUR,2009-10-18,DE,Quarry Product Feed,2026-08-28,2026-08-28T06:30:00+00:00
IE1000000192,Meridian Balanced Screened UCITS ETF,Meridian ETFs,Meridian ETFs,Multi-Asset,Balanced,Allocation,Global 60/40,LU,USD,1592.75,USD,2008-05-20,18.3,Synthetic,Distributing,0.26,SIX Swiss Exchange,XSWX,ME0194,CHF,2008-07-22,CH,Meridian Data Service,2026-08-28,2026-08-28T06:30:00+00:00
