isin,name,issuer,fund_family,asset_class,category,strategy,benchmark,domicile,fund_currency,aum_millions,aum_currency,inception_date,age_years,replication_method,distribution_policy,ter,exchange,exchange_code,ticker,trading_currency,listing_date,country,provider,snapshot_date,retrieved_at
IE1000000002,Atlas European Equity Enhanced ETF,Atlas Index,Atlas Index,Equity,European Equity,Core,Europe 600,IE,EUR,1824.41,EUR,2013-05-24,13.2,Physical,Distributing,0.24,Euronext Paris,XPAR,AT0002,EUR,2015-04-13,FR,Atlas Data Feed,2026-08-14,2026-08-14T06:30:00+00:00
IE1000000002,Atlas European Equity Enhanced ETF,Atlas Index,Atlas Index,Equity,European Equity,Core,Europe 600,IE,EUR,1824.41,EUR,2013-05-24,13.2,Physical,Distributing,0.24,Deutsche Börse Xetra,XETR,AT0001,EUR,2013-06-27,DE,Atlas Data Feed,2026-08-14,2026-08-14T06:30:00+00:00
IE1000000002,Atlas European Equity Enhanced ETF,Atlas Index,Atlas Index,Equity,European Equity,Core,Europe 600,IE,EUR,1824.41,EUR,2013-05-24,13.2,Physical,Distributing,0.24,Bolsa de Madrid,XMAD,AT0006,EUR,2014-03-03,ES,Atlas Data Feed,2026-08-14,2026-08-14T06:30:00+00:00
IE1000000002,Atlas European Equity Enhanced ETF,Atlas Index,Atlas Index,Equity,European Equity,Core,Europe 600,IE,EUR,1824.41,EUR,2013-05-24,13.2,Physical,Distributing,0.24,Borsa Italiana,XMIL,AT0003,EUR,2015-01-11,IT,Atlas Data Feed,2026-08-14,2026-08-14T06:30:00+00:00
IE1000000010,Northstar Corporate Bond UCITS ETF,Northstar Asset Management,Northstar Asset Management,Fixed Income,Corporate Bond,Income,Global Corporate Bond,IE,EUR,3419.36,EUR,2018-09-18,7.9,Sampling,Accumulating,0.48,SIX Swiss Exchange,XSWX,NO0014,USD,2020-08-21,CH,Northstar Public Data,2026-08-14,2026-08-14T06:30:00+00:00
IE1000000010,Northstar Corporate Bond UCITS ETF,Northstar Asset Management,Northstar Asset Management,Fixed Income,Corporate Bond,Income,Global Corporate Bond,IE,EUR,3419.36,EUR,2018-09-18,7.9,Sampling,Accumulating,0.48,Deutsche Börse Xetra,XETR,NO0011,EUR,2020-12-12,DE,Northstar Public Data,2026-08-14,2026-08-14T06:30:00+00:00
IE1000000010,Northstar Corporate Bond UCITS ETF,Northstar Asset Management,Northstar Asset Management,Fixed Income,Corporate Bond,Income,Global Corporate Bond,IE,EUR,3419.36,EUR,2018-09-18,7.9,Sampling,Accumulating,0.48,Bolsa de Madrid,XMAD,NO0016,EUR,2019-07-21,ES,Northstar Public Data,2026-08-14,2026-08-14T06:30:00+00:00
IE1000000028,Helix Gold Screened UCITS ETF,Helix Funds,Helix Funds,Commodity,Gold,Single commodity,Physical Gold Reference,IE,USD,2444.52,USD,2011-06-26,15.1,Sampling,Accumulating,0.06,Euronext Amsterdam,XAMS,HE0025,EUR,2013-09-08,NL,Helix Market Files,2026-08-14,2026-08-14T06:30:00+00:00
IE1000000028,Helix Gold Screened UCITS ETF,Helix Funds,Helix Funds,Commodity,Gold,Single commodity,Physical Gold Reference,IE,USD,2444.52,USD,2011-06-26,15.1,Sampling,Accumulating,0.06,London Stock Exchange,XLON,HE0020,GBP,2012-05-16,GB,Helix Market Files,2026-08-14,2026-08-14T06:30:00+00:00
IE1000000028,Helix Gold Screened UCITS ETF,Helix Funds,Helix Funds,Commodity,Gold,Single commodity,Physical Gold Reference,IE,USD,2444.52,USD,2011-06-26,15.1,Sampling,Accumulating,0.06,Bolsa de Madrid,XMAD,HE0026,EUR,2011-09-29,ES,Helix Market Files,2026-08-14,2026-08-14T06:30:00+00:00
IE1000000036,Meridian Defensive Allocation UCITS ETF,Meridian ETFs,Meridian ETFs,Multi-Asset,Defensive Allocation,Allocation,Global 30/70,IE,EUR,33.23,EUR,2013-01-06,13.6,Sampling,Accumulating,0.08,London Stock Exchange,XLON,ME0030,GBP,2015-06-09,GB,Meridian Data Service,2026-08-14,2026-08-14T06:30:00+00:00
IE1000000036,Meridian Defensive Allocation UCITS ETF,Meridian ETFs,Meridian ETFs,Multi-Asset,Defensive Allocation,Allocation,Global 30/70,IE,EUR,33.23,EUR,2013-01-06,13.6,Sampling,Accumulating,0.08,Bolsa de Madrid,XMAD,ME0036,EUR,2015-05-11,ES,Meridian Data Service,2026-08-14,2026-08-14T06:30:00+00:00
IE1000000036,Meridian Defensive Allocation UCITS ETF,Meridian ETFs,Meridian ETFs,Multi-Asset,Defensive Allocation,Allocation,Global 30/70,IE,EUR,33.23,EUR,2013-01-06,13.6,Sampling,Accumulating,0.08,Euronext Amsterdam,XAMS,ME0035,EUR,2014-01-19,NL,Meridian Data Service,2026-08-14,2026-08-14T06:30:00+00:00
IE1000000044,Aperture Climate Transition Index ETF,Aperture Index,Aperture Index,Equity,Climate Transition,ESG,Global Climate Transition,LU,GBP,5578.56,GBP,2008-08-12,18.0,Physical,Accumulating,0.59,SIX Swiss Exchange,XSWX,AP0044,CHF,2010-07-19,CH,Aperture Public Feed,2026-08-14,2026-08-14T06:30:00+00:00
IE1000000044,Aperture Climate Transition Index ETF,Aperture Index,Aperture Index,Equity,Climate Transition,ESG,Global Climate Transition,LU,GBP,5578.56,GBP,2008-08-12,18.0,Physical,Accumulating,0.59,Borsa Italiana,XMIL,AP0043,EUR,2010-01-04,IT,Aperture Public Feed,2026-08-14,2026-08-14T06:30:00+00:00
IE1000000044,Aperture Climate Transition Index ETF,Aperture Index,Aperture Index,Equity,Climate Transition,ESG,Global Climate Transition,LU,GBP,5578.56,GBP,2008-08-12,18.0,Physical,Accumulating,0.59,Euronext Amsterdam,XAMS,AP0045,EUR,2010-05-26,NL,Aperture Public Feed,2026-08-14,2026-08-14T06:30:00+00:00
IE1000000051,Cedar Technology UCITS ETF,Cedar Capital,Cedar Capital,Equity,Technology,Thematic,Global Technology Leaders,IE,EUR,2567.93,EUR,2016-04-14,10.3,Physical,Accumulating,0.49,Deutsche Börse Xetra,XETR,CE0051,EUR,2016-06-15,DE,Cedar Fund Data,2026-08-14,2026-08-14T06:30:00+00:00
IE1000000051,Cedar Technology UCITS ETF,Cedar Capital,Cedar Capital,Equity,Technology,Thematic,Global Technology Leaders,IE,EUR,2567.93,EUR,2016-04-14,10.3,Physical,Accumulating,0.49,Euronext Paris,XPAR,CE0052,EUR,2016-12-19,FR,Cedar Fund Data,2026-08-14,2026-08-14T06:30:00+00:00
IE1000000051,Cedar Technology UCITS ETF,Cedar Capital,Cedar Capital,Equity,Technology,Thematic,Global Technology Leaders,IE,EUR,2567.93,EUR,2016-04-14,10.3,Physical,Accumulating,0.49,Euronext Amsterdam,XAMS,CE0055,EUR,2017-08-15,NL,Cedar Fund Data,2026-08-14,2026-08-14T06:30:00+00:00
IE1000000069,Quarry Gold Index ETF,Quarry Investments,Quarry Investments,Commodity,Gold,Single commodity,Physical Gold Reference,LU,USD,135.09,USD,2007-04-01,19.4,Physical,Distributing,0.07,Borsa Italiana,XMIL,QU0063,EUR,2008-11-25,IT,Quarry Product Feed,2026-08-14,2026-08-14T06:30:00+00:00
IE1000000069,Quarry Gold Index ETF,Quarry Investments,Quarry Investments,Commodity,Gold,Single commodity,Physical Gold Reference,LU,USD,135.09,USD,2007-04-01,19.4,Physical,Distributing,0.07,SIX Swiss Exchange,XSWX,QU0064,CHF,2008-07-18,CH,Quarry Product Feed,2026-08-14,2026-08-14T06:30:00+00:00
IE1000000077,Vela Defensive Allocation Screened UCITS ETF,Vela Asset Management,Vela Asset Management,Multi-Asset,Defensive Allocation,Allocation,Global 30/70,LU,EUR,0.0,EUR,2008-12-05,17.7,Physical,Accumulating,0.07,Bolsa de Madrid,XMAD,VE0076,EUR,2009-06-06,ES,Vela Fund Files,2026-08-14,2026-08-14T06:30:00+00:00
IE1000000077,Vela Defensive Allocation Screened UCITS ETF,Vela Asset Management,Vela Asset Management,Multi-Asset,Defensive Allocation,Allocation,Global 30/70,LU,EUR,0.0,EUR,2008-12-05,17.7,Physical,Accumulating,0.07,Euronext Amsterdam,XAMS,VE0075,EUR,2009-09-18,NL,Vela Fund Files,2026-08-14,2026-08-14T06:30:00+00:00
IE1000000085,Atlas Emerging Markets Screened UCITS ETF,Atlas Index,Atlas Index,Equity,Emerging Markets,Core,Emerging Markets Broad,IE,EUR,68.71,EUR,2010-08-09,16.0,Physical,Distributing,0.24,Borsa Italiana,XMIL,AT0083,EUR,2012-12-23,IT,Atlas Data Feed,2026-08-14,2026-08-14T06:30:00+00:00
IE1000000085,Atlas Emerging Markets Screened UCITS ETF,Atlas Index,Atlas Index,Equity,Emerging Markets,Core,Emerging Markets Broad,IE,EUR,68.71,EUR,2010-08-09,16.0,Physical,Distributing,0.24,Deutsche Börse Xetra,XETR,AT0081,EUR,2012-08-24,DE,Atlas Data Feed,2026-08-14,2026-08-14T06:30:00+00:00
IE1000000085,Atlas Emerging Markets Screened UCITS ETF,Atlas Index,Atlas Index,Equity,Emerging Markets,Core,Emerging Markets Broad,IE,EUR,68.71,EUR,2010-08-09,16.0,Physical,Distributing,0.24,SIX Swiss Exchange,XSWX,AT0084,CHF,2011-08-20,CH,Atlas Data Feed,2026-08-14,2026-08-14T06:30:00+00:00
IE1000000093,Northstar Global Aggregate Bond Index ETF,Northstar Asset Management,Northstar Asset Management,Fixed Income,Global Aggregate Bond,Core,Global Aggregate Bond,IE,EUR,951.89,EUR,2025-08-02,1.0,Synthetic,Distributing,0.73,Bolsa de Madrid,XMAD,NO0096,EUR,2025-12-13,ES,Northstar Public Data,2026-08-14,2026-08-14T06:30:00+00:00
IE1000000093,Northstar Global Aggregate Bond Index ETF,Northstar Asset Management,Northstar Asset Management,Fixed Income,Global Aggregate Bond,Core,Global Aggregate Bond,IE,EUR,951.89,EUR,2025-08-02,1.0,Synthetic,Distributing,0.73,Borsa Italiana,XMIL,NO0093,EUR,2027-10-25,IT,Northstar Public Data,2026-08-14,2026-08-14T06:30:00+00:00
IE1000000101,Helix Climate Transition Index ETF,Helix Funds,Helix Funds,Equity,Climate Transition,ESG,Global Climate Transition,IE,EUR,6532.7,EUR,2025-02-10,1.5,Sampling,Accumulating,0.6,Euronext Paris,XPAR,HE0102,EUR,2026-11-10,FR,Helix Market Files,2026-08-14,2026-08-14T06:30:00+00:00
IE1000000119,Meridian Defensive Allocation Screened UCITS ETF,Meridian ETFs,Meridian ETFs,Multi-Asset,Defensive Allocation,Allocation,Global 30/70,IE,EUR,1290.44,EUR,2007-06-26,19.1,Physical,Distributing,0.48,Euronext Paris,XPAR,ME0112,EUR,2009-05-24,FR,Meridian Data Service,2026-08-14,2026-08-14T06:30:00+00:00
IE1000000119,Meridian Defensive Allocation Screened UCITS ETF,Meridian ETFs,Meridian ETFs,Multi-Asset,Defensive Allocation,Allocation,Global 30/70,IE,EUR,1290.44,EUR,2007-06-26,19.1,Physical,Distributing,0.48,SIX Swiss Exchange,XSWX,ME0114,CHF,2009-02-23,CH,Meridian Data Service,2026-08-14,2026-08-14T06:30:00+00:00
IE1000000127,Aperture Technology UCITS ETF,Aperture Index,Aperture Index,Equity,Technology,Thematic,Global Technology Leaders,LU,EUR,2776.17,EUR,2018-04-28,8.3,Physical,Distributing,0.67,SIX Swiss Exchange,XSWX,AP0124,USD,2018-12-06,CH,Aperture Public Feed,2026-08-14,2026-08-14T06:30:00+00:00
IE1000000127,Aperture Technology UCITS ETF,Aperture Index,Aperture Index,Equity,Technology,Thematic,Global Technology Leaders,LU,EUR,2776.17,EUR,2018-04-28,8.3,Physical,Distributing,0.67,Euronext Paris,XPAR,AP0122,EUR,2019-10-29,FR,Aperture Public Feed,2026-08-14,2026-08-14T06:30:00+00:00
IE1000000135,Cedar Global Aggregate Bond Screened UCITS ETF,Cedar Capital,Cedar Capital,Fixed Income,Global Aggregate Bond,Core,Global Aggregate Bond,IE,USD,227.03,USD,2017-09-01,9.0,Physical,Accumulating,0.06,Bolsa de Madrid,XMAD,CE0136,EUR,2019-03-07,ES,Cedar Fund Data,2026-08-14,2026-08-14T06:30:00+00:00
IE1000000135,Cedar Global Aggregate Bond Screened UCITS ETF,Cedar Capital,Cedar Capital,Fixed Income,Global Aggregate Bond,Core,Global Aggregate Bond,IE,USD,227.03,USD,2017-09-01,9.0,Physical,Accumulating,0.06,London Stock Exchange,XLON,CE0130,USD,2019-04-10,GB,Cedar Fund Data,2026-08-14,2026-08-14T06:30:00+00:00
IE1000000143,Quarry Gold Enhanced ETF,Quarry Investments,Quarry Investments,Commodity,Gold,Single commodity,Physical Gold Reference,IE,USD,147.01,USD,2020-07-04,6.1,Synthetic,Distributing,0.53,Euronext Amsterdam,XAMS,QU0145,EUR,2022-09-06,NL,Quarry Product Feed,2026-08-14,2026-08-14T06:30:00+00:00
IE1000000143,Quarry Gold Enhanced ETF,Quarry Investments,Quarry Investments,Commodity,Gold,Single commodity,Physical Gold Reference,IE,USD,147.01,USD,2020-07-04,6.1,Synthetic,Distributing,0.53,Deutsche Börse Xetra,XETR,QU0141,EUR,2022-06-06,DE,Quarry Product Feed,2026-08-14,2026-08-14T06:30:00+00:00
IE1000000150,Vela Emerging Markets Enhanced ETF,Vela Asset Management,Vela Asset Management,Equity,Emerging Markets,Core,Emerging Markets Broad,LU,EUR,67.91,EUR,2023-04-12,3.3,Physical,Accumulating,0.28,Borsa Italiana,XMIL,VE0153,EUR,2024-01-25,IT,Vela Fund Files,2026-08-14,2026-08-14T06:30:00+00:00
IE1000000150,Vela Emerging Markets Enhanced ETF,Vela Asset Management,Vela Asset Management,Equity,Emerging Markets,Core,Emerging Markets Broad,LU,EUR,67.91,EUR,2023-04-12,3.3,Physical,Accumulating,0.28,Deutsche Börse Xetra,XETR,VE0151,EUR,2024-03-23,DE,Vela Fund Files,2026-08-14,2026-08-14T06:30:00+00:00
IE1000000168,Atlas Global Large Cap Screened UCITS ETF,Atlas Index,Atlas Index,Equity,Global Large Cap,Core,Global Developed 1000,IE,CHF,174.95,CHF,2014-04-10,12.3,Sampling,Distributing,0.27,Euronext Paris,XPAR,AT0162,EUR,2015-03-10,FR,Atlas Data Feed,2026-08-14,2026-08-14T06:30:00+00:00
IE1000000168,Atlas Global Large Cap Screened UCITS ETF,Atlas Index,Atlas Index,Equity,Global Large Cap,Core,Global Developed 1000,IE,CHF,174.95,CHF,2014-04-10,12.3,Sampling,Distributing,0.27,Bolsa de Madrid,XMAD,AT0166,EUR,2016-07-10,ES,Atlas Data Feed,2026-08-14,2026-08-14T06:30:00+00:00
IE1000000168,Atlas Global Large Cap Screened UCITS ETF,Atlas Index,Atlas Index,Equity,Global Large Cap,Core,Global Developed 1000,IE,CHF,174.95,CHF,2014-04-10,12.3,Sampling,Distributing,0.27,Deutsche Börse Xetra,XETR,AT0161,EUR,2016-04-23,DE,Atlas Data Feed,2026-08-14,2026-08-14T06:30:00+00:00
IE1000000168,Atlas Global Large Cap Screened UCITS ETF,Atlas Index,Atlas Index,Equity,Global Large Cap,Core,Global Developed 1000,IE,CHF,174.95,CHF,2014-04-10,12.3,Sampling,Distributing,0.27,Borsa Italiana,XMIL,AT0163,EUR,2015-07-29,IT,Atlas Data Feed,2026-08-14,2026-08-14T06:30:00+00:00
IE1000000176,Northstar Global Aggregate Bond Index ETF,Northstar Asset Management,Northstar Asset Management,Fixed Income,Global Aggregate Bond,Core,Global Aggregate Bond,LU,EUR,2644.14,EUR,2023-11-24,2.7,Physical,Distributing,0.58,Euronext Paris,XPAR,NO0172,EUR,2025-03-04,FR,Northstar Public Data,2026-08-14,2026-08-14T06:30:00+00:00
IE1000000176,Northstar Global Aggregate Bond Index ETF,Northstar Asset Management,Northstar Asset Management,Fixed Income,Global Aggregate Bond,Core,Global Aggregate Bond,LU,EUR,2644.14,EUR,2023-11-24,2.7,Physical,Distributing,0.58,SIX Swiss Exchange,XSWX,NO0174,CHF,2025-07-29,CH,Northstar Public Data,2026-08-14,2026-08-14T06:30:00+00:00
IE1000000184,Helix Gold Enhanced ETF,Helix Funds,Helix Funds,Commodity,Gold,Single commodity,Physical Gold Reference,IE,USD,232.49,USD,2016-07-20,10.1,Physical,Distributing,0.1,SIX Swiss Exchange,XSWX,HE0184,USD,2016-09-28,CH,Helix Market Files,2026-08-14,2026-08-14T06:30:00+00:00
IE1000000192,Meridian Balanced Screened UCITS ETF,Meridian ETFs,Meridian ETFs,Multi-Asset,Balanced,Allocation,Global 60/40,LU,USD,1521.76,USD,2008-05-20,18.2,Synthetic,Distributing,0.26,SIX Swiss Exchange,XSWX,ME0194,USD,2009-04-23,CH,Meridian Data Service,2026-08-14,2026-08-14T06:30:00+00:00
IE1000000192,Meridian Balanced Screened UCITS ETF,Meridian ETFs,Meridian ETFs,Multi-Asset,Balanced,Allocation,Global 60/40,LU,USD,1521.76,USD,2008-05-20,18.2,Synthetic,Distributing,0.26,Euronext Paris,XPAR,ME0192,EUR,2008-12-31,FR,Meridian Data Service,2026-08-14,2026-08-14T06:30:00+00:00
IE1000000200,Aperture Emerging Markets Enhanced ETF,Aperture Index,Aperture Index,Equity,Emerging Markets,Core,Emerging Markets Broad,IE,USD,19.36,USD,2010-10-30,15.8,Physical,Distributing,0.61,SIX Swiss Exchange,XSWX,AP0204,CHF,2012-06-06,CH,Aperture Public Feed,2026-08-14,2026-08-14T06:30:00+00:00
IE1000000218,Cedar Corporate Bond Enhanced ETF,Cedar Capital,Cedar Capital,Fixed Income,Corporate Bond,Income,Global Corporate Bond,IE,CHF,104.9,CHF,2024-04-17,2.3,Physical,Distributing,0.65,Bolsa de Madrid,XMAD,CE0216,EUR,2025-03-31,ES,Cedar Fund Data,2026-08-14,2026-08-14T06:30:00+00:00
IE1000000218,Cedar Corporate Bond Enhanced ETF,Cedar Capital,Cedar Capital,Fixed Income,Corporate Bond,Income,Global Corporate Bond,IE,CHF,104.9,CHF,2024-04-17,2.3,Physical,Distributing,0.65,Borsa Italiana,XMIL,CE0213,EUR,2026-10-02,IT,Cedar Fund Data,2026-08-14,2026-08-14T06:30:00+00:00
IE1000000226,Quarry Broad Commodities Index ETF,Quarry Investments,Quarry Investments,Commodity,Broad Commodities,Broad,Diversified Commodity,IE,EUR,4977.59,EUR,2010-10-09,15.8,Physical,Accumulating,0.31,London Stock Exchange,XLON,QU0220,USD,2012-12-18,GB,Quarry Product Feed,2026-08-14,2026-08-14T06:30:00+00:00
IE1000000226,Quarry Broad Commodities Index ETF,Quarry Investments,Quarry Investments,Commodity,Broad Commodities,Broad,Diversified Commodity,IE,EUR,4977.59,EUR,2010-10-09,15.8,Physical,Accumulating,0.31,Euronext Paris,XPAR,QU0222,EUR,2013-03-14,FR,Quarry Product Feed,2026-08-14,2026-08-14T06:30:00+00:00
IE1000000234,Vela Balanced UCITS ETF,Vela Asset Management,Vela Asset Management,Multi-Asset,Balanced,Allocation,Global 60/40,LU,EUR,,EUR,2011-12-23,14.6,Sampling,Distributing,0.15,SIX Swiss Exchange,XSWX,VE0234,CHF,2014-04-09,CH,Vela Fund Files,2026-08-14,2026-08-14T06:30:00+00:00
IE1000000234,Vela Balanced UCITS ETF,Vela Asset Management,Vela Asset Management,Multi-Asset,Balanced,Allocation,Global 60/40,LU,EUR,,EUR,2011-12-23,14.6,Sampling,Distributing,0.15,Deutsche Börse Xetra,XETR,VE0231,EUR,2013-12-21,DE,Vela Fund Files,2026-08-14,2026-08-14T06:30:00+00:00
IE1000000242,Atlas Global Large Cap UCITS ETF,Atlas Index,Atlas Index,Equity,Global Large Cap,Core,Global Developed 1000,IE,CHF,67.23,CHF,2008-04-18,18.3,Physical,Accumulating,0.45,Deutsche Börse Xetra,XETR,AT0241,EUR,2009-01-17,DE,Atlas Data Feed,2026-08-14,2026-08-14T06:30:00+00:00
IE1000000242,Atlas Global Large Cap UCITS ETF,Atlas Index,Atlas Index,Equity,Global Large Cap,Core,Global Developed 1000,IE,CHF,67.23,CHF,2008-04-18,18.3,Physical,Accumulating,0.45,Euronext Paris,XPAR,AT0242,EUR,2010-09-06,FR,Atlas Data Feed,2026-08-14,2026-08-14T06:30:00+00:00
IE1000000259,Northstar Technology UCITS ETF,Northstar Asset Management,Northstar Asset Management,Equity,Technology,Thematic,Global Technology Leaders,IE,CHF,38.65,CHF,2025-02-19,1.5,Synthetic,Accumulating,0.61,London Stock Exchange,XLON,NO0250,GBP,2025-09-07,GB,Northstar Public Data,2026-08-14,2026-08-14T06:30:00+00:00
IE1000000259,Northstar Technology UCITS ETF,Northstar Asset Management,Northstar Asset Management,Equity,Technology,Thematic,Global Technology Leaders,IE,CHF,38.65,CHF,2025-02-19,1.5,Synthetic,Accumulating,0.61,Bolsa de Madrid,XMAD,NO0256,EUR,2026-09-28,ES,Northstar Public Data,2026-08-14,2026-08-14T06:30:00+00:00
IE1000000267,Helix Broad Commodities UCITS ETF,Helix Funds,Helix Funds,Commodity,Broad Commodities,Broad,Diversified Commodity,IE,EUR,2289.94,EUR,2021-06-05,5.2,Physical,Accumulating,0.35,London Stock Exchange,XLON,HE0260,GBP,2022-07-12,GB,Helix Market Files,2026-08-14,2026-08-14T06:30:00+00:00
IE1000000275,Meridian Balanced Enhanced ETF,Meridian ETFs,Meridian ETFs,Multi-Asset,Balanced,Allocation,Global 60/40,IE,EUR,1129.27,EUR,2019-04-22,7.3,Synthetic,Distributing,0.13,London Stock Exchange,XLON,ME0270,GBP,2020-07-18,GB,Meridian Data Service,2026-08-14,2026-08-14T06:30:00+00:00
IE1000000283,Aperture US Equity Screened UCITS ETF,Aperture Index,Aperture Index,Equity,US Equity,Core,US Large Cap 500,IE,EUR,619.03,EUR,2022-04-21,4.3,Physical,Accumulating,0.63,Bolsa de Madrid,XMAD,AP0286,EUR,2024-07-23,ES,Aperture Public Feed,2026-08-14,2026-08-14T06:30:00+00:00
IE1000000283,Aperture US Equity Screened UCITS ETF,Aperture Index,Aperture Index,Equity,US Equity,Core,US Large Cap 500,IE,EUR,619.03,EUR,2022-04-21,4.3,Physical,Accumulating,0.63,London Stock Exchange,XLON,AP0280,USD,2023-12-24,GB,Aperture Public Feed,2026-08-14,2026-08-14T06:30:00+00:00
IE1000000283,Aperture US Equity Screened UCITS ETF,Aperture Index,Aperture Index,Equity,US Equity,Core,US Large Cap 500,IE,EUR,619.03,EUR,2022-04-21,4.3,Physical,Accumulating,0.63,Deutsche Börse Xetra,XETR,AP0281,EUR,2023-12-30,DE,Aperture Public Feed,2026-08-14,2026-08-14T06:30:00+00:00
IE1000000291,Cedar Short Duration Screened UCITS ETF,Cedar Capital,Cedar Capital,Fixed Income,Short Duration,Defensive,EUR Corporate 1-3Y,IE,GBP,383.84,GBP,2016-10-18,9.8,Sampling,Accumulating,0.74,Borsa Italiana,XMIL,CE0293,EUR,2018-11-06,IT,Cedar Fund Data,2026-08-14,2026-08-14T06:30:00+00:00
IE1000000291,Cedar Short Duration Screened UCITS ETF,Cedar Capital,Cedar Capital,Fixed Income,Short Duration,Defensive,EUR Corporate 1-3Y,IE,GBP,383.84,GBP,2016-10-18,9.8,Sampling,Accumulating,0.74,Deutsche Börse Xetra,XETR,CE0291,EUR,2018-03-31,DE,Cedar Fund Data,2026-08-14,2026-08-14T06:30:00+00:00
IE1000000309,Quarry US Equity Index ETF,Quarry Investments,Quarry Investments,Equity,US Equity,Core,US Large Cap 500,IE,EUR,449.27,EUR,2021-01-25,5.5,Physical,Accumulating,0.66,Bolsa de Madrid,XMAD,QU0306,EUR,2022-09-01,ES,Quarry Product Feed,2026-08-14,2026-08-14T06:30:00+00:00
IE1000000309,Quarry US Equity Index ETF,Quarry Investments,Quarry Investments,Equity,US Equity,Core,US Large Cap 500,IE,EUR,449.27,EUR,2021-01-25,5.5,Physical,Accumulating,0.66,Borsa Italiana,XMIL,QU0303,EUR,2022-06-06,IT,Quarry Product Feed,2026-08-14,2026-08-14T06:30:00+00:00
IE1000000317,Vela Balanced Enhanced ETF,Vela Asset Management,Vela Asset Management,Multi-Asset,Balanced,Allocation,Global 60/40,IE,EUR,14241.69,EUR,2010-01-18,16.6,Physical,Accumulating,0.22,Bolsa de Madrid,XMAD,VE0316,EUR,2010-09-09,ES,Vela Fund Files,2026-08-14,2026-08-14T06:30:00+00:00
IE1000000317,Vela Balanced Enhanced ETF,Vela Asset Management,Vela Asset Management,Multi-Asset,Balanced,Allocation,Global 60/40,IE,EUR,14241.69,EUR,2010-01-18,16.6,Physical,Accumulating,0.22,Euronext Amsterdam,XAMS,VE0315,EUR,2010-06-16,NL,Vela Fund Files,2026-08-14,2026-08-14T06:30:00+00:00
IE1000000325,Atlas US Equity Screened UCITS ETF,Atlas Index,Atlas Index,Equity,US Equity,Core,US Large Cap 500,IE,USD,141.78,USD,2025-08-21,1.0,Sampling,Distributing,0.07,SIX Swiss Exchange,XSWX,AT0324,CHF,2026-12-15,CH,Atlas Data Feed,2026-08-14,2026-08-14T06:30:00+00:00
IE1000000325,Atlas US Equity Screened UCITS ETF,Atlas Index,Atlas Index,Equity,US Equity,Core,US Large Cap 500,IE,USD,141.78,USD,2025-08-21,1.0,Sampling,Distributing,0.07,Bolsa de Madrid,XMAD,AT0326,EUR,2027-04-17,ES,Atlas Data Feed,2026-08-14,2026-08-14T06:30:00+00:00
IE1000000325,Atlas US Equity Screened UCITS ETF,Atlas Index,Atlas Index,Equity,US Equity,Core,US Large Cap 500,IE,USD,141.78,USD,2025-08-21,1.0,Sampling,Distributing,0.07,Deutsche Börse Xetra,XETR,AT0321,EUR,2028-02-02,DE,Atlas Data Feed,2026-08-14,2026-08-14T06:30:00+00:00
IE1000000333,Northstar Euro Government Bond UCITS ETF,Northstar Asset Management,Northstar Asset Management,Fixed Income,Euro Government Bond,Duration,Euro Sovereign 7-10Y,IE,EUR,16463.76,EUR,2022-05-04,4.3,Sampling,Accumulating,0.48,Borsa Italiana,XMIL,NO0333,EUR,2022-11-04,IT,Northstar Public Data,2026-08-14,2026-08-14T06:30:00+00:00
IE1000000333,Northstar Euro Government Bond UCITS ETF,Northstar Asset Management,Northstar Asset Management,Fixed Income,Euro Government Bond,Duration,Euro Sovereign 7-10Y,IE,EUR,16463.76,EUR,2022-05-04,4.3,Sampling,Accumulating,0.48,Bolsa de Madrid,XMAD,NO0336,EUR,2023-01-16,ES,Northstar Public Data,2026-08-14,2026-08-14T06:30:00+00:00
IE1000000341,Helix Broad Commodities Enhanced ETF,Helix Funds,Helix Funds,Commodity,Broad Commodities,Broad,Diversified Commodity,LU,USD,3996.75,USD,2023-02-16,3.5,Physical,Accumulating,0.55,Euronext Paris,XPAR,HE0342,EUR,2023-05-08,FR,Helix Market Files,2026-08-14,2026-08-14T06:30:00+00:00
IE1000000341,Helix Broad Commodities Enhanced ETF,Helix Funds,Helix Funds,Commodity,Broad Commodities,Broad,Diversified Commodity,LU,USD,3996.75,USD,2023-02-16,3.5,Physical,Accumulating,0.55,Bolsa de Madrid,XMAD,HE0346,EUR,2023-03-15,ES,Helix Market Files,2026-08-14,2026-08-14T06:30:00+00:00
IE1000000341,Helix Broad Commodities Enhanced ETF,Helix Funds,Helix Funds,Commodity,Broad Commodities,Broad,Diversified Commodity,LU,USD,3996.75,USD,2023-02-16,3.5,Physical,Accumulating,0.55,Euronext Amsterdam,XAMS,HE0345,EUR,2024-08-30,NL,Helix Market Files,2026-08-14,2026-08-14T06:30:00+00:00
IE1000000358,Meridian Emerging Markets UCITS ETF,Meridian ETFs,Meridian ETFs,Equity,Emerging Markets,Core,Emerging Markets Broad,LU,EUR,96.46,EUR,2024-11-12,1.8,Physical,Accumulating,0.06,Deutsche Börse Xetra,XETR,ME0351,EUR,2026-08-05,DE,Meridian Data Service,2026-08-14,2026-08-14T06:30:00+00:00
IE1000000358,Meridian Emerging Markets UCITS ETF,Meridian ETFs,Meridian ETFs,Equity,Emerging Markets,Core,Emerging Markets Broad,LU,EUR,96.46,EUR,2024-11-12,1.8,Physical,Accumulating,0.06,SIX Swiss Exchange,XSWX,ME0354,USD,2027-01-07,CH,Meridian Data Service,2026-08-14,2026-08-14T06:30:00+00:00
IE1000000366,Aperture Global Large Cap Enhanced ETF,Aperture Index,Aperture Index,Equity,Global Large Cap,Core,Global Developed 1000,IE,EUR,5306.61,EUR,2012-05-28,14.2,Sampling,Distributing,0.65,Euronext Amsterdam,XAMS,AP0365,EUR,2014-11-06,NL,Aperture Public Feed,2026-08-14,2026-08-14T06:30:00+00:00
IE1000000366,Aperture Global Large Cap Enhanced ETF,Aperture Index,Aperture Index,Equity,Global Large Cap,Core,Global Developed 1000,IE,EUR,5306.61,EUR,2012-05-28,14.2,Sampling,Distributing,0.65,Borsa Italiana,XMIL,AP0363,EUR,2014-07-20,IT,Aperture Public Feed,2026-08-14,2026-08-14T06:30:00+00:00
IE1000000366,Aperture Global Large Cap Enhanced ETF,Aperture Index,Aperture Index,Equity,Global Large Cap,Core,Global Developed 1000,IE,EUR,5306.61,EUR,2012-05-28,14.2,Sampling,Distributing,0.65,SIX Swiss Exchange,XSWX,AP0364,USD,2012-07-22,CH,Aperture Public Feed,2026-08-14,2026-08-14T06:30:00+00:00
IE1000000374,Cedar Global Aggregate Bond Screened UCITS ETF,Cedar Capital,Cedar Capital,Fixed Income,Global Aggregate Bond,Core,Global Aggregate Bond,LU,CHF,381.66,CHF,2022-07-01,4.1,Physical,Accumulating,0.44,London Stock Exchange,XLON,CE0370,USD,2022-07-20,GB,Cedar Fund Data,2026-08-14,2026-08-14T06:30:00+00:00
IE1000000374,Cedar Global Aggregate Bond Screened UCITS ETF,Cedar Capital,Cedar Capital,Fixed Income,Global Aggregate Bond,Core,Global Aggregate Bond,LU,CHF,381.66,CHF,2022-07-01,4.1,Physical,Accumulating,0.44,Deutsche Börse Xetra,XETR,CE0371,EUR,2022-11-14,DE,Cedar Fund Data,2026-08-14,2026-08-14T06:30:00+00:00
IE1000000382,Quarry Broad Commodities Screened UCITS ETF,Quarry Investments,Quarry Investments,Commodity,Broad Commodities,Broad,Diversified Commodity,LU,EUR,104.32,EUR,2008-11-30,17.7,Physical,Distributing,0.55,Bolsa de Madrid,XMAD,QU0386,EUR,2010-12-09,ES,Quarry Product Feed,2026-08-14,2026-08-14T06:30:00+00:00
IE1000000382,Quarry Broad Commodities Screened UCITS ETF,Quarry Investments,Quarry Investments,Commodity,Broad Commodities,Broad,Diversified Commodity,LU,EUR,104.32,EUR,2008-11-30,17.7,Physical,Distributing,0.55,SIX Swiss Exchange,XSWX,QU0384,USD,2010-12-28,CH,Quarry Product Feed,2026-08-14,2026-08-14T06:30:00+00:00
IE1000000382,Quarry Broad Commodities Screened UCITS ETF,Quarry Investments,Quarry Investments,Commodity,Broad Commodities,Broad,Diversified Commodity,LU,EUR,104.32,EUR,2008-11-30,17.7,Physical,Distributing,0.55,London Stock Exchange,XLON,QU0380,GBP,2010-03-02,GB,Quarry Product Feed,2026-08-14,2026-08-14T06:30:00+00:00
IE1000000390,Vela Balanced Enhanced ETF,Vela Asset Management,Vela Asset Management,Multi-Asset,Balanced,Allocation,Global 60/40,IE,EUR,1531.03,EUR,2022-02-27,4.5,Physical,Accumulating,0.27,SIX Swiss Exchange,XSWX,VE0394,USD,2024-07-29,CH,Vela Fund Files,2026-08-14,2026-08-14T06:30:00+00:00
IE1000000390,Vela Balanced Enhanced ETF,Vela Asset Management,Vela Asset Management,Multi-Asset,Balanced,Allocation,Global 60/40,IE,EUR,1531.03,EUR,2022-02-27,4.5,Physical,Accumulating,0.27,London Stock Exchange,XLON,VE0390,USD,2022-10-09,GB,Vela Fund Files,2026-08-14,2026-08-14T06:30:00+00:00
IE1000000408,Atlas Technology UCITS ETF,Atlas Index,Atlas Index,Equity,Technology,Thematic,Global Technology Leaders,IE,GBP,36.21,GBP,2024-05-05,2.3,Physical,Accumulating,0.61,London Stock Exchange,XLON,AT0400,GBP,2026-05-11,GB,Atlas Data Feed,2026-08-14,2026-08-14T06:30:00+00:00
IE1000000408,Atlas Technology UCITS ETF,Atlas Index,Atlas Index,Equity,Technology,Thematic,Global Technology Leaders,IE,GBP,36.21,GBP,2024-05-05,2.3,Physical,Accumulating,0.61,Borsa Italiana,XMIL,AT0403,EUR,2026-05-17,IT,Atlas Data Feed,2026-08-14,2026-08-14T06:30:00+00:00
IE1000000416,Northstar Corporate Bond Index ETF,Northstar Asset Management,Northstar Asset Management,Fixed Income,Corporate Bond,Income,Global Corporate Bond,IE,EUR,28.65,EUR,2019-07-06,7.1,Sampling,Accumulating,0.14,Deutsche Börse Xetra,XETR,NO0411,EUR,2021-09-23,DE,Northstar Public Data,2026-08-14,2026-08-14T06:30:00+00:00
IE1000000416,Northstar Corporate Bond Index ETF,Northstar Asset Management,Northstar Asset Management,Fixed Income,Corporate Bond,Income,Global Corporate Bond,IE,EUR,28.65,EUR,2019-07-06,7.1,Sampling,Accumulating,0.14,SIX Swiss Exchange,XSWX,NO0414,CHF,2020-05-27,CH,Northstar Public Data,2026-08-14,2026-08-14T06:30:00+00:00
IE1000000416,Northstar Corporate Bond Index ETF,Northstar Asset Management,Northstar Asset Management,Fixed Income,Corporate Bond,Income,Global Corporate Bond,IE,EUR,28.65,EUR,2019-07-06,7.1,Sampling,Accumulating,0.14,London Stock Exchange,XLON,NO0410,GBP,2021-05-22,GB,Northstar Public Data,2026-08-14,2026-08-14T06:30:00+00:00
IE1000000424,Helix Gold UCITS ETF,Helix Funds,Helix Funds,Commodity,Gold,Single commodity,Physical Gold Reference,LU,EUR,216.75,EUR,2015-11-18,10.7,Physical,Distributing,0.74,Deutsche Börse Xetra,XETR,HE0421,EUR,2016-11-10,DE,Helix Market Files,2026-08-14,2026-08-14T06:30:00+00:00
IE1000000432,Meridian Defensive Allocation Enhanced ETF,Meridian ETFs,Meridian ETFs,Multi-Asset,Defensive Allocation,Allocation,Global 30/70,IE,USD,2821.92,USD,2006-08-09,20.0,Sampling,Distributing,0.51,Euronext Paris,XPAR,ME0432,EUR,2008-12-16,FR,Meridian Data Service,2026-08-14,2026-08-14T06:30:00+00:00
IE1000000432,Meridian Defensive Allocation Enhanced ETF,Meridian ETFs,Meridian ETFs,Multi-Asset,Defensive Allocation,Allocation,Global 30/70,IE,USD,2821.92,USD,2006-08-09,20.0,Sampling,Distributing,0.51,SIX Swiss Exchange,XSWX,ME0434,CHF,2008-12-23,CH,Meridian Data Service,2026-08-14,2026-08-14T06:30:00+00:00
IE1000000432,Meridian Defensive Allocation Enhanced ETF,Meridian ETFs,Meridian ETFs,Multi-Asset,Defensive Allocation,Allocation,Global 30/70,IE,USD,2821.92,USD,2006-08-09,20.0,Sampling,Distributing,0.51,Deutsche Börse Xetra,XETR,ME0431,EUR,2008-10-07,DE,Meridian Data Service,2026-08-14,2026-08-14T06:30:00+00:00
IE1000000440,Aperture Emerging Markets Screened UCITS ETF,Aperture Index,Aperture Index,Equity,Emerging Markets,Core,Emerging Markets Broad,IE,EUR,532.34,EUR,2015-12-22,10.6,Physical,Accumulating,0.25,Borsa Italiana,XMIL,AP0443,EUR,2016-12-29,IT,Aperture Public Feed,2026-08-14,2026-08-14T06:30:00+00:00
IE1000000440,Aperture Emerging Markets Screened UCITS ETF,Aperture Index,Aperture Index,Equity,Emerging Markets,Core,Emerging Markets Broad,IE,EUR,532.34,EUR,2015-12-22,10.6,Physical,Accumulating,0.25,Deutsche Börse Xetra,XETR,AP0441,EUR,2016-07-26,DE,Aperture Public Feed,2026-08-14,2026-08-14T06:30:00+00:00
IE1000000440,Aperture Emerging Markets Screened UCITS ETF,Aperture Index,Aperture Index,Equity,Emerging Markets,Core,Emerging Markets Broad,IE,EUR,532.34,EUR,2015-12-22,10.6,Physical,Accumulating,0.25,London Stock Exchange,XLON,AP0440,GBP,2017-02-20,GB,Aperture Public Feed,2026-08-14,2026-08-14T06:30:00+00:00
IE1000000457,Cedar Climate Transition UCITS ETF,Cedar Capital,Cedar Capital,Equity,Climate Transition,ESG,Global Climate Transition,LU,EUR,298.47,EUR,2014-08-16,12.0,Synthetic,Distributing,0.62,Bolsa de Madrid,XMAD,CE0456,EUR,2014-09-06,ES,Cedar Fund Data,2026-08-14,2026-08-14T06:30:00+00:00
IE1000000457,Cedar Climate Transition UCITS ETF,Cedar Capital,Cedar Capital,Equity,Climate Transition,ESG,Global Climate Transition,LU,EUR,298.47,EUR,2014-08-16,12.0,Synthetic,Distributing,0.62,Borsa Italiana,XMIL,CE0453,EUR,2016-06-17,IT,Cedar Fund Data,2026-08-14,2026-08-14T06:30:00+00:00
IE1000000457,Cedar Climate Transition UCITS ETF,Cedar Capital,Cedar Capital,Equity,Climate Transition,ESG,Global Climate Transition,LU,EUR,298.47,EUR,2014-08-16,12.0,Synthetic,Distributing,0.62,SIX Swiss Exchange,XSWX,CE0454,USD,2015-11-19,CH,Cedar Fund Data,2026-08-14,2026-08-14T06:30:00+00:00
IE1000000465,Quarry Broad Commodities Enhanced ETF,Quarry Investments,Quarry Investments,Commodity,Broad Commodities,Broad,Diversified Commodity,IE,EUR,98.04,EUR,2011-08-07,15.0,Physical,Accumulating,0.29,SIX Swiss Exchange,XSWX,QU0464,CHF,2011-12-30,CH,Quarry Product Feed,2026-08-14,2026-08-14T06:30:00+00:00
IE1000000465,Quarry Broad Commodities Enhanced ETF,Quarry Investments,Quarry Investments,Commodity,Broad Commodities,Broad,Diversified Commodity,IE,EUR,98.04,EUR,2011-08-07,15.0,Physical,Accumulating,0.29,Euronext Amsterdam,XAMS,QU0465,EUR,2012-06-01,NL,Quarry Product Feed,2026-08-14,2026-08-14T06:30:00+00:00
IE1000000473,Vela Balanced Screened UCITS ETF,Vela Asset Management,Vela Asset Management,Multi-Asset,Balanced,Allocation,Global 60/40,LU,GBP,23.14,GBP,2006-04-19,20.3,Physical,Distributing,0.33,London Stock Exchange,XLON,VE0470,GBP,2007-06-14,GB,Vela Fund Files,2026-08-14,2026-08-14T06:30:00+00:00
IE1000000481,Atlas Global Large Cap Screened UCITS ETF,Atlas Index,Atlas Index,Equity,Global Large Cap,Core,Global Developed 1000,IE,USD,927.07,USD,2022-12-08,3.7,Physical,Accumulating,0.38,London Stock Exchange,XLON,AT0480,USD,2023-06-11,GB,Atlas Data Feed,2026-08-14,2026-08-14T06:30:00+00:00
IE1000000481,Atlas Global Large Cap Screened UCITS ETF,Atlas Index,Atlas Index,Equity,Global Large Cap,Core,Global Developed 1000,IE,USD,927.07,USD,2022-12-08,3.7,Physical,Accumulating,0.38,Euronext Amsterdam,XAMS,AT0485,EUR,2023-08-21,NL,Atlas Data Feed,2026-08-14,2026-08-14T06:30:00+00:00
IE1000000499,Northstar Short Duration Index ETF,Northstar Asset Management,Northstar Asset Management,Fixed Income,Short Duration,Defensive,EUR Corporate 1-3Y,LU,USD,35.76,USD,2018-02-26,8.5,Sampling,Accumulating,0.75,SIX Swiss Exchange,XSWX,NO0494,USD,2018-03-16,CH,Northstar Public Data,2026-08-14,2026-08-14T06:30:00+00:00
IE1000000499,Northstar Short Duration Index ETF,Northstar Asset Management,Northstar Asset Management,Fixed Income,Short Duration,Defensive,EUR Corporate 1-3Y,LU,USD,35.76,USD,2018-02-26,8.5,Sampling,Accumulating,0.75,Deutsche Börse Xetra,XETR,NO0491,EUR,2018-04-09,DE,Northstar Public Data,2026-08-14,2026-08-14T06:30:00+00:00
IE1000000507,Helix US Equity Enhanced ETF,Helix Funds,Helix Funds,Equity,US Equity,Core,US Large Cap 500,LU,EUR,2221.45,EUR,2007-09-21,18.9,Sampling,Distributing,0.19,Borsa Italiana,XMIL,HE0503,EUR,2007-11-23,IT,Helix Market Files,2026-08-14,2026-08-14T06:30:00+00:00
IE1000000507,Helix US Equity Enhanced ETF,Helix Funds,Helix Funds,Equity,US Equity,Core,US Large Cap 500,LU,EUR,2221.45,EUR,2007-09-21,18.9,Sampling,Distributing,0.19,Bolsa de Madrid,XMAD,HE0506,EUR,2008-09-08,ES,Helix Market Files,2026-08-14,2026-08-14T06:30:00+00:00
IE1000000515,Meridian Defensive Allocation Enhanced ETF,Meridian ETFs,Meridian ETFs,Multi-Asset,Defensive Allocation,Allocation,Global 30/70,LU,EUR,6811.34,EUR,2007-05-05,19.3,Physical,Accumulating,0.35,Bolsa de Madrid,XMAD,ME0516,EUR,2008-09-01,ES,Meridian Data Service,2026-08-14,2026-08-14T06:30:00+00:00
IE1000000515,Meridian Defensive Allocation Enhanced ETF,Meridian ETFs,Meridian ETFs,Multi-Asset,Defensive Allocation,Allocation,Global 30/70,LU,EUR,6811.34,EUR,2007-05-05,19.3,Physical,Accumulating,0.35,Deutsche Börse Xetra,XETR,ME0511,EUR,2007-08-19,DE,Meridian Data Service,2026-08-14,2026-08-14T06:30:00+00:00
IE1000000523,Aperture Global Large Cap Index ETF,Aperture Index,Aperture Index,Equity,Global Large Cap,Core,Global Developed 1000,IE,EUR,13884.23,EUR,2010-12-23,15.6,Physical,Accumulating,0.21,SIX Swiss Exchange,XSWX,AP0524,USD,2011-06-30,CH,Aperture Public Feed,2026-08-14,2026-08-14T06:30:00+00:00
IE1000000531,Cedar Global Aggregate Bond Enhanced ETF,Cedar Capital,Cedar Capital,Fixed Income,Global Aggregate Bond,Core,Global Aggregate Bond,LU,EUR,81.57,EUR,2018-10-04,7.9,Physical,Accumulating,0.67,Borsa Italiana,XMIL,CE0533,EUR,2020-11-26,IT,Cedar Fund Data,2026-08-14,2026-08-14T06:30:00+00:00
IE1000000531,Cedar Global Aggregate Bond Enhanced ETF,Cedar Capital,Cedar Capital,Fixed Income,Global Aggregate Bond,Core,Global Aggregate Bond,LU,EUR,81.57,EUR,2018-10-04,7.9,Physical,Accumulating,0.67,Euronext Amsterdam,XAMS,CE0535,EUR,2019-05-07,NL,Cedar Fund Data,2026-08-14,2026-08-14T06:30:00+00:00
IE1000000531,Cedar Global Aggregate Bond Enhanced ETF,Cedar Capital,Cedar Capital,Fixed Income,Global Aggregate Bond,Core,Global Aggregate Bond,LU,EUR,81.57,EUR,2018-10-04,7.9,Physical,Accumulating,0.67,SIX Swiss Exchange,XSWX,CE0534,USD,2018-12-09,CH,Cedar Fund Data,2026-08-14,2026-08-14T06:30:00+00:00
IE1000000531,Cedar Global Aggregate Bond Enhanced ETF,Cedar Capital,Cedar Capital,Fixed Income,Global Aggregate Bond,Core,Global Aggregate Bond,LU,EUR,81.57,EUR,2018-10-04,7.9,Physical,Accumulating,0.67,Euronext Paris,XPAR,CE0532,EUR,2021-03-06,FR,Cedar Fund Data,2026-08-14,2026-08-14T06:30:00+00:00
IE1000000549,Quarry Broad Commodities Index ETF,Quarry Investments,Quarry Investments,Commodity,Broad Commodities,Broad,Diversified Commodity,IE,EUR,133.9,EUR,2008-07-25,18.1,Sampling,Distributing,0.32,London Stock Exchange,XLON,QU0540,USD,2009-05-02,GB,Quarry Product Feed,2026-08-14,2026-08-14T06:30:00+00:00
IE1000000549,Quarry Broad Commodities Index ETF,Quarry Investments,Quarry Investments,Commodity,Broad Commodities,Broad,Diversified Commodity,IE,EUR,133.9,EUR,2008-07-25,18.1,Sampling,Distributing,0.32,Deutsche Börse Xetra,XETR,QU0541,EUR,2008-11-22,DE,Quarry Product Feed,2026-08-14,2026-08-14T06:30:00+00:00
IE1000000556,Vela Global Large Cap UCITS ETF,Vela Asset Management,Vela Asset Management,Equity,Global Large Cap,Core,Global Developed 1000,LU,USD,36.83,USD,2018-11-16,7.7,Physical,Accumulating,0.32,Euronext Amsterdam,XAMS,VE0555,EUR,2019-01-03,NL,Vela Fund Files,2026-08-14,2026-08-14T06:30:00+00:00
IE1000000556,Vela Global Large Cap UCITS ETF,Vela Asset Management,Vela Asset Management,Equity,Global Large Cap,Core,Global Developed 1000,LU,USD,36.83,USD,2018-11-16,7.7,Physical,Accumulating,0.32,Bolsa de Madrid,XMAD,VE0556,EUR,2019-09-14,ES,Vela Fund Files,2026-08-14,2026-08-14T06:30:00+00:00
IE1000000564,Atlas Global Large Cap UCITS ETF,Atlas Index,Atlas Index,Equity,Global Large Cap,Core,Global Developed 1000,IE,EUR,4503.42,EUR,2012-01-04,14.6,Sampling,Distributing,0.18,Deutsche Börse Xetra,XETR,AT0561,EUR,2012-03-15,DE,Atlas Data Feed,2026-08-14,2026-08-14T06:30:00+00:00
IE1000000564,Atlas Global Large Cap UCITS ETF,Atlas Index,Atlas Index,Equity,Global Large Cap,Core,Global Developed 1000,IE,EUR,4503.42,EUR,2012-01-04,14.6,Sampling,Distributing,0.18,SIX Swiss Exchange,XSWX,AT0564,CHF,2012-05-05,CH,Atlas Data Feed,2026-08-14,2026-08-14T06:30:00+00:00
IE1000000564,Atlas Global Large Cap UCITS ETF,Atlas Index,Atlas Index,Equity,Global Large Cap,Core,Global Developed 1000,IE,EUR,4503.42,EUR,2012-01-04,14.6,Sampling,Distributing,0.18,Euronext Amsterdam,XAMS,AT0565,EUR,2012-11-01,NL,Atlas Data Feed,2026-08-14,2026-08-14T06:30:00+00:00
IE1000000572,Northstar Euro Government Bond Screened UCITS ETF,Northstar Asset Management,Northstar Asset Management,Fixed Income,Euro Government Bond,Duration,Euro Sovereign 7-10Y,IE,USD,372.0,USD,2024-09-29,1.9,Synthetic,Accumulating,0.22,Euronext Paris,XPAR,NO0572,EUR,2026-05-14,FR,Northstar Public Data,2026-08-14,2026-08-14T06:30:00+00:00
IE1000000572,Northstar Euro Government Bond Screened UCITS ETF,Northstar Asset Management,Northstar Asset Management,Fixed Income,Euro Government Bond,Duration,Euro Sovereign 7-10Y,IE,USD,372.0,USD,2024-09-29,1.9,Synthetic,Accumulating,0.22,London Stock Exchange,XLON,NO0570,USD,2025-01-18,GB,Northstar Public Data,2026-08-14,2026-08-14T06:30:00+00:00
IE1000000580,Helix Broad Commodities UCITS ETF,Helix Funds,Helix Funds,Commodity,Broad Commodities,Broad,Diversified Commodity,LU,EUR,3092.31,EUR,2022-02-16,4.5,Physical,Accumulating,0.27,Deutsche Börse Xetra,XETR,HE0581,EUR,2024-03-20,DE,Helix Market Files,2026-08-14,2026-08-14T06:30:00+00:00
IE1000000580,Helix Broad Commodities UCITS ETF,Helix Funds,Helix Funds,Commodity,Broad Commodities,Broad,Diversified Commodity,LU,EUR,3092.31,EUR,2022-02-16,4.5,Physical,Accumulating,0.27,Borsa Italiana,XMIL,HE0583,EUR,2022-03-18,IT,Helix Market Files,2026-08-14,2026-08-14T06:30:00+00:00
IE1000000598,Meridian Defensive Allocation Screened UCITS ETF,Meridian ETFs,Meridian ETFs,Multi-Asset,Defensive Allocation,Allocation,Global 30/70,LU,CHF,86.66,CHF,2006-04-24,20.3,Physical,Distributing,0.45,Bolsa de Madrid,XMAD,ME0596,EUR,2006-10-30,ES,Meridian Data Service,2026-08-14,2026-08-14T06:30:00+00:00
IE1000000598,Meridian Defensive Allocation Screened UCITS ETF,Meridian ETFs,Meridian ETFs,Multi-Asset,Defensive Allocation,Allocation,Global 30/70,LU,CHF,86.66,CHF,2006-04-24,20.3,Physical,Distributing,0.45,SIX Swiss Exchange,XSWX,ME0594,CHF,2008-05-18,CH,Meridian Data Service,2026-08-14,2026-08-14T06:30:00+00:00
IE1000000598,Meridian Defensive Allocation Screened UCITS ETF,Meridian ETFs,Meridian ETFs,Multi-Asset,Defensive Allocation,Allocation,Global 30/70,LU,CHF,86.66,CHF,2006-04-24,20.3,Physical,Distributing,0.45,Euronext Paris,XPAR,ME0592,EUR,2008-01-19,FR,Meridian Data Service,2026-08-14,2026-08-14T06:30:00+00:00
IE1000000606,Aperture Emerging Markets Index ETF,Aperture Index,Aperture Index,Equity,Emerging Markets,Core,Emerging Markets Broad,LU,EUR,564.77,EUR,2008-04-08,18.3,Sampling,Accumulating,0.4,Deutsche Börse Xetra,XETR,AP0601,EUR,2009-08-24,DE,Aperture Public Feed,2026-08-14,2026-08-14T06:30:00+00:00
IE1000000606,Aperture Emerging Markets Index ETF,Aperture Index,Aperture Index,Equity,Emerging Markets,Core,Emerging Markets Broad,LU,EUR,564.77,EUR,2008-04-08,18.3,Sampling,Accumulating,0.4,Bolsa de Madrid,XMAD,AP0606,EUR,2009-05-16,ES,Aperture Public Feed,2026-08-14,2026-08-14T06:30:00+00:00
IE1000000606,Aperture Emerging Markets Index ETF,Aperture Index,Aperture Index,Equity,Emerging Markets,Core,Emerging Markets Broad,LU,EUR,564.77,EUR,2008-04-08,18.3,Sampling,Accumulating,0.4,London Stock Exchange,XLON,AP0600,GBP,2009-05-20,GB,Aperture Public Feed,2026-08-14,2026-08-14T06:30:00+00:00
IE1000000606,Aperture Emerging Markets Index ETF,Aperture Index,Aperture Index,Equity,Emerging Markets,Core,Emerging Markets Broad,LU,EUR,564.77,EUR,2008-04-08,18.3,Sampling,Accumulating,0.4,SIX Swiss Exchange,XSWX,AP0604,USD,2008-09-25,CH,Aperture Public Feed,2026-08-14,2026-08-14T06:30:00+00:00
IE1000000614,Cedar Corporate Bond UCITS ETF,Cedar Capital,Cedar Capital,Fixed Income,Corporate Bond,Income,Global Corporate Bond,IE,GBP,22.33,GBP,2006-03-17,20.4,Synthetic,Accumulating,0.64,Euronext Amsterdam,XAMS,CE0615,EUR,2007-10-25,NL,Cedar Fund Data,2026-08-14,2026-08-14T06:30:00+00:00
IE1000000614,Cedar Corporate Bond UCITS ETF,Cedar Capital,Cedar Capital,Fixed Income,Corporate Bond,Income,Global Corporate Bond,IE,GBP,22.33,GBP,2006-03-17,20.4,Synthetic,Accumulating,0.64,Borsa Italiana,XMIL,CE0613,EUR,2007-08-14,IT,Cedar Fund Data,2026-08-14,2026-08-14T06:30:00+00:00
IE1000000622,Quarry Gold Enhanced ETF,Quarry Investments,Quarry Investments,Commodity,Gold,Single commodity,Physical Gold Reference,IE,USD,2690.16,USD,2016-02-09,10.5,Physical,Distributing,0.08,Euronext Paris,XPAR,QU0622,EUR,2018-03-18,FR,Quarry Product Feed,2026-08-14,2026-08-14T06:30:00+00:00
IE1000000622,Quarry Gold Enhanced ETF,Quarry Investments,Quarry Investments,Commodity,Gold,Single commodity,Physical Gold Reference,IE,USD,2690.16,USD,2016-02-09,10.5,Physical,Distributing,0.08,Euronext Amsterdam,XAMS,QU0625,EUR,2017-01-23,NL,Quarry Product Feed,2026-08-14,2026-08-14T06:30:00+00:00
IE1000000630,Vela Defensive Allocation Enhanced ETF,Vela Asset Management,Vela Asset Management,Multi-Asset,Defensive Allocation,Allocation,Global 30/70,IE,USD,19.64,USD,2013-07-09,13.1,Sampling,Accumulating,0.06,Bolsa de Madrid,XMAD,VE0636,EUR,2013-09-08,ES,Vela Fund Files,2026-08-14,2026-08-14T06:30:00+00:00
IE1000000648,Atlas US Equity UCITS ETF,Atlas Index,Atlas Index,Equity,US Equity,Core,US Large Cap 500,LU,EUR,178.66,EUR,2024-01-06,2.6,Physical,Accumulating,0.59,Euronext Paris,XPAR,AT0642,EUR,2025-05-26,FR,Atlas Data Feed,2026-08-14,2026-08-14T06:30:00+00:00
IE1000000648,Atlas US Equity UCITS ETF,Atlas Index,Atlas Index,Equity,US Equity,Core,US Large Cap 500,LU,EUR,178.66,EUR,2024-01-06,2.6,Physical,Accumulating,0.59,Borsa Italiana,XMIL,AT0643,EUR,2025-01-29,IT,Atlas Data Feed,2026-08-14,2026-08-14T06:30:00+00:00
IE1000000648,Atlas US Equity UCITS ETF,Atlas Index,Atlas Index,Equity,US Equity,Core,US Large Cap 500,LU,EUR,178.66,EUR,2024-01-06,2.6,Physical,Accumulating,0.59,Deutsche Börse Xetra,XETR,AT0641,EUR,2025-04-29,DE,Atlas Data Feed,2026-08-14,2026-08-14T06:30:00+00:00
IE1000000655,Northstar Emerging Markets Index ETF,Northstar Asset Management,Northstar Asset Management,Equity,Emerging Markets,Core,Emerging Markets Broad,IE,EUR,7384.63,EUR,2020-11-04,5.8,Physical,Accumulating,0.47,Deutsche Börse Xetra,XETR,NO0651,EUR,2020-11-21,DE,Northstar Public Data,2026-08-14,2026-08-14T06:30:00+00:00
IE1000000655,Northstar Emerging Markets Index ETF,Northstar Asset Management,Northstar Asset Management,Equity,Emerging Markets,Core,Emerging Markets Broad,IE,EUR,7384.63,EUR,2020-11-04,5.8,Physical,Accumulating,0.47,Borsa Italiana,XMIL,NO0653,EUR,2020-11-25,IT,Northstar Public Data,2026-08-14,2026-08-14T06:30:00+00:00
IE1000000663,Helix Broad Commodities Screened UCITS ETF,Helix Funds,Helix Funds,Commodity,Broad Commodities,Broad,Diversified Commodity,IE,EUR,17984.22,EUR,2017-05-12,9.3,Physical,Accumulating,0.33,Euronext Paris,XPAR,HE0662,EUR,2018-12-11,FR,Helix Market Files,2026-08-14,2026-08-14T06:30:00+00:00
IE1000000671,Meridian Balanced Index ETF,Meridian ETFs,Meridian ETFs,Multi-Asset,Balanced,Allocation,Global 60/40,LU,EUR,15021.86,EUR,2009-08-22,17.0,Physical,Accumulating,0.55,Borsa Italiana,XMIL,ME0673,EUR,2011-01-21,IT,Meridian Data Service,2026-08-14,2026-08-14T06:30:00+00:00
IE1000000671,Meridian Balanced Index ETF,Meridian ETFs,Meridian ETFs,Multi-Asset,Balanced,Allocation,Global 60/40,LU,EUR,15021.86,EUR,2009-08-22,17.0,Physical,Accumulating,0.55,Euronext Amsterdam,XAMS,ME0675,EUR,2011-04-03,NL,Meridian Data Service,2026-08-14,2026-08-14T06:30:00+00:00
IE1000000671,Meridian Balanced Index ETF,Meridian ETFs,Meridian ETFs,Multi-Asset,Balanced,Allocation,Global 60/40,LU,EUR,15021.86,EUR,2009-08-22,17.0,Physical,Accumulating,0.55,Euronext Paris,XPAR,ME0672,EUR,2011-05-04,FR,Meridian Data Service,2026-08-14,2026-08-14T06:30:00+00:00
IE1000000689,Aperture Global Large Cap Screened UCITS ETF,Aperture Index,Aperture Index,Equity,Global Large Cap,Core,Global Developed 1000,IE,USD,19.51,USD,2011-03-10,15.4,Physical,Accumulating,0.63,Euronext Amsterdam,XAMS,AP0685,EUR,2011-03-18,NL,Aperture Public Feed,2026-08-14,2026-08-14T06:30:00+00:00
IE1000000697,Cedar Euro Government Bond Enhanced ETF,Cedar Capital,Cedar Capital,Fixed Income,Euro Government Bond,Duration,Euro Sovereign 7-10Y,LU,EUR,1113.78,EUR,2021-11-28,4.7,Sampling,Accumulating,0.19,Euronext Amsterdam,XAMS,CE0695,EUR,2022-05-18,NL,Cedar Fund Data,2026-08-14,2026-08-14T06:30:00+00:00
IE1000000697,Cedar Euro Government Bond Enhanced ETF,Cedar Capital,Cedar Capital,Fixed Income,Euro Government Bond,Duration,Euro Sovereign 7-10Y,LU,EUR,1113.78,EUR,2021-11-28,4.7,Sampling,Accumulating,0.19,London Stock Exchange,XLON,CE0690,GBP,2023-04-22,GB,Cedar Fund Data,2026-08-14,2026-08-14T06:30:00+00:00
IE1000000705,Quarry Climate Transition Screened UCITS ETF,Quarry Investments,Quarry Investments,Equity,Climate Transition,ESG,Global Climate Transition,IE,USD,69.29,USD,2022-07-02,4.1,Sampling,Distributing,0.61,London Stock Exchange,XLON,QU0700,GBP,2024-02-02,GB,Quarry Product Feed,2026-08-14,2026-08-14T06:30:00+00:00
IE1000000705,Quarry Climate Transition Screened UCITS ETF,Quarry Investments,Quarry Investments,Equity,Climate Transition,ESG,Global Climate Transition,IE,USD,69.29,USD,2022-07-02,4.1,Sampling,Distributing,0.61,Deutsche Börse Xetra,XETR,QU0701,EUR,2024-04-12,DE,Quarry Product Feed,2026-08-14,2026-08-14T06:30:00+00:00
IE1000000705,Quarry Climate Transition Screened UCITS ETF,Quarry Investments,Quarry Investments,Equity,Climate Transition,ESG,Global Climate Transition,IE,USD,69.29,USD,2022-07-02,4.1,Sampling,Distributing,0.61,SIX Swiss Exchange,XSWX,QU0704,CHF,2024-10-04,CH,Quarry Product Feed,2026-08-14,2026-08-14T06:30:00+00:00
IE1000000713,Vela Defensive Allocation Screened UCITS ETF,Vela Asset Management,Vela Asset Management,Multi-Asset,Defensive Allocation,Allocation,Global 30/70,IE,USD,3718.69,USD,2010-04-27,16.3,Sampling,Distributing,0.37,Bolsa de Madrid,XMAD,VE0716,EUR,2011-02-13,ES,Vela Fund Files,2026-08-14,2026-08-14T06:30:00+00:00
IE1000000713,Vela Defensive Allocation Screened UCITS ETF,Vela Asset Management,Vela Asset Management,Multi-Asset,Defensive Allocation,Allocation,Global 30/70,IE,USD,3718.69,USD,2010-04-27,16.3,Sampling,Distributing,0.37,Borsa Italiana,XMIL,VE0713,EUR,2010-11-22,IT,Vela Fund Files,2026-08-14,2026-08-14T06:30:00+00:00
IE1000000713,Vela Defensive Allocation Screened UCITS ETF,Vela Asset Management,Vela Asset Management,Multi-Asset,Defensive Allocation,Allocation,Global 30/70,IE,USD,3718.69,USD,2010-04-27,16.3,Sampling,Distributing,0.37,SIX Swiss Exchange,XSWX,VE0714,CHF,2011-05-17,CH,Vela Fund Files,2026-08-14,2026-08-14T06:30:00+00:00
IE1000000721,Atlas Technology Index ETF,Atlas Index,Atlas Index,Equity,Technology,Thematic,Global Technology Leaders,IE,EUR,3932.6,EUR,2015-06-24,11.1,Physical,Accumulating,0.21,Euronext Paris,XPAR,AT0722,EUR,2017-06-19,FR,Atlas Data Feed,2026-08-14,2026-08-14T06:30:00+00:00
IE1000000721,Atlas Technology Index ETF,Atlas Index,Atlas Index,Equity,Technology,Thematic,Global Technology Leaders,IE,EUR,3932.6,EUR,2015-06-24,11.1,Physical,Accumulating,0.21,Euronext Amsterdam,XAMS,AT0725,EUR,2017-03-13,NL,Atlas Data Feed,2026-08-14,2026-08-14T06:30:00+00:00
IE1000000721,Atlas Technology Index ETF,Atlas Index,Atlas Index,Equity,Technology,Thematic,Global Technology Leaders,IE,EUR,3932.6,EUR,2015-06-24,11.1,Physical,Accumulating,0.21,SIX Swiss Exchange,XSWX,AT0724,USD,2017-08-07,CH,Atlas Data Feed,2026-08-14,2026-08-14T06:30:00+00:00
IE1000000739,Northstar Corporate Bond Screened UCITS ETF,Northstar Asset Management,Northstar Asset Management,Fixed Income,Corporate Bond,Income,Global Corporate Bond,LU,USD,1148.5,USD,2011-03-27,15.4,Physical,Distributing,0.25,Borsa Italiana,XMIL,NO0733,EUR,2011-11-28,IT,Northstar Public Data,2026-08-14,2026-08-14T06:30:00+00:00
IE1000000739,Northstar Corporate Bond Screened UCITS ETF,Northstar Asset Management,Northstar Asset Management,Fixed Income,Corporate Bond,Income,Global Corporate Bond,LU,USD,1148.5,USD,2011-03-27,15.4,Physical,Distributing,0.25,SIX Swiss Exchange,XSWX,NO0734,CHF,2011-06-19,CH,Northstar Public Data,2026-08-14,2026-08-14T06:30:00+00:00
IE1000000747,Helix Gold Enhanced ETF,Helix Funds,Helix Funds,Commodity,Gold,Single commodity,Physical Gold Reference,LU,EUR,98.9,EUR,2021-02-03,5.5,Physical,Distributing,0.67,Deutsche Börse Xetra,XETR,HE0741,EUR,2022-10-17,DE,Helix Market Files,2026-08-14,2026-08-14T06:30:00+00:00
IE1000000747,Helix Gold Enhanced ETF,Helix Funds,Helix Funds,Commodity,Gold,Single commodity,Physical Gold Reference,LU,EUR,98.9,EUR,2021-02-03,5.5,Physical,Distributing,0.67,Euronext Amsterdam,XAMS,HE0745,EUR,2023-05-05,NL,Helix Market Files,2026-08-14,2026-08-14T06:30:00+00:00
IE1000000747,Helix Gold Enhanced ETF,Helix Funds,Helix Funds,Commodity,Gold,Single commodity,Physical Gold Reference,LU,EUR,98.9,EUR,2021-02-03,5.5,Physical,Distributing,0.67,Euronext Paris,XPAR,HE0742,EUR,2021-11-22,FR,Helix Market Files,2026-08-14,2026-08-14T06:30:00+00:00
IE1000000754,Meridian European Equity UCITS ETF,Meridian ETFs,Meridian ETFs,Equity,European Equity,Core,Europe 600,IE,USD,145.58,USD,2017-12-08,8.7,Physical,Distributing,0.39,Borsa Italiana,XMIL,ME0753,EUR,2018-10-18,IT,Meridian Data Service,2026-08-14,2026-08-14T06:30:00+00:00
IE1000000754,Meridian European Equity UCITS ETF,Meridian ETFs,Meridian ETFs,Equity,European Equity,Core,Europe 600,IE,USD,145.58,USD,2017-12-08,8.7,Physical,Distributing,0.39,Deutsche Börse Xetra,XETR,ME0751,EUR,2020-04-27,DE,Meridian Data Service,2026-08-14,2026-08-14T06:30:00+00:00
IE1000000762,Aperture European Equity Enhanced ETF,Aperture Index,Aperture Index,Equity,European Equity,Core,Europe 600,LU,EUR,89.08,EUR,2014-07-04,12.1,Sampling,Distributing,0.71,London Stock Exchange,XLON,AP0760,USD,2016-06-19,GB,Aperture Public Feed,2026-08-14,2026-08-14T06:30:00+00:00
IE1000000762,Aperture European Equity Enhanced ETF,Aperture Index,Aperture Index,Equity,European Equity,Core,Europe 600,LU,EUR,89.08,EUR,2014-07-04,12.1,Sampling,Distributing,0.71,Deutsche Börse Xetra,XETR,AP0761,EUR,2015-08-01,DE,Aperture Public Feed,2026-08-14,2026-08-14T06:30:00+00:00
IE1000000770,Cedar Global Aggregate Bond UCITS ETF,Cedar Capital,Cedar Capital,Fixed Income,Global Aggregate Bond,Core,Global Aggregate Bond,LU,EUR,2948.79,EUR,2009-02-22,17.5,Physical,Accumulating,0.37,SIX Swiss Exchange,XSWX,CE0774,USD,2011-05-13,CH,Cedar Fund Data,2026-08-14,2026-08-14T06:30:00+00:00
IE1000000770,Cedar Global Aggregate Bond UCITS ETF,Cedar Capital,Cedar Capital,Fixed Income,Global Aggregate Bond,Core,Global Aggregate Bond,LU,EUR,2948.79,EUR,2009-02-22,17.5,Physical,Accumulating,0.37,Euronext Paris,XPAR,CE0772,EUR,2009-06-14,FR,Cedar Fund Data,2026-08-14,2026-08-14T06:30:00+00:00
IE1000000788,Quarry Broad Commodities Index ETF,Quarry Investments,Quarry Investments,Commodity,Broad Commodities,Broad,Diversified Commodity,IE,EUR,7545.03,EUR,2023-06-08,3.2,Physical,Accumulating,0.37,Euronext Paris,XPAR,QU0782,EUR,2023-12-21,FR,Quarry Product Feed,2026-08-14,2026-08-14T06:30:00+00:00
IE1000000788,Quarry Broad Commodities Index ETF,Quarry Investments,Quarry Investments,Commodity,Broad Commodities,Broad,Diversified Commodity,IE,EUR,7545.03,EUR,2023-06-08,3.2,Physical,Accumulating,0.37,Borsa Italiana,XMIL,QU0783,EUR,2025-08-16,IT,Quarry Product Feed,2026-08-14,2026-08-14T06:30:00+00:00
IE1000000788,Quarry Broad Commodities Index ETF,Quarry Investments,Quarry Investments,Commodity,Broad Commodities,Broad,Diversified Commodity,IE,EUR,7545.03,EUR,2023-06-08,3.2,Physical,Accumulating,0.37,Deutsche Börse Xetra,XETR,QU0781,EUR,2025-11-24,DE,Quarry Product Feed,2026-08-14,2026-08-14T06:30:00+00:00
IE1000000796,Vela Defensive Allocation UCITS ETF,Vela Asset Management,Vela Asset Management,Multi-Asset,Defensive Allocation,Allocation,Global 30/70,LU,CHF,1968.26,CHF,2007-12-05,18.7,Physical,Distributing,0.48,Deutsche Börse Xetra,XETR,VE0791,EUR,2010-04-16,DE,Vela Fund Files,2026-08-14,2026-08-14T06:30:00+00:00
IE1000000796,Vela Defensive Allocation UCITS ETF,Vela Asset Management,Vela Asset Management,Multi-Asset,Defensive Allocation,Allocation,Global 30/70,LU,CHF,1968.26,CHF,2007-12-05,18.7,Physical,Distributing,0.48,Borsa Italiana,XMIL,VE0793,EUR,2009-11-04,IT,Vela Fund Files,2026-08-14,2026-08-14T06:30:00+00:00
IE1000000796,Vela Defensive Allocation UCITS ETF,Vela Asset Management,Vela Asset Management,Multi-Asset,Defensive Allocation,Allocation,Global 30/70,LU,CHF,1968.26,CHF,2007-12-05,18.7,Physical,Distributing,0.48,SIX Swiss Exchange,XSWX,VE0794,USD,2008-03-08,CH,Vela Fund Files,2026-08-14,2026-08-14T06:30:00+00:00
IE1000000804,Atlas Global Large Cap Enhanced ETF,Atlas Index,Atlas Index,Equity,Global Large Cap,Core,Global Developed 1000,LU,CHF,3107.04,CHF,2019-03-28,7.4,Physical,Distributing,0.54,Euronext Amsterdam,XAMS,AT0805,EUR,2021-09-11,NL,Atlas Data Feed,2026-08-14,2026-08-14T06:30:00+00:00
IE1000000812,Northstar Euro Government Bond UCITS ETF,Northstar Asset Management,Northstar Asset Management,Fixed Income,Euro Government Bond,Duration,Euro Sovereign 7-10Y,IE,USD,8265.64,USD,2025-05-10,1.3,Physical,Accumulating,0.27,SIX Swiss Exchange,XSWX,NO0814,CHF,2027-10-15,CH,Northstar Public Data,2026-08-14,2026-08-14T06:30:00+00:00
IE1000000820,Helix Gold UCITS ETF,Helix Funds,Helix Funds,Commodity,Gold,Single commodity,Physical Gold Reference,LU,EUR,4708.99,EUR,2014-02-28,12.5,Physical,Distributing,0.68,Euronext Amsterdam,XAMS,HE0825,EUR,2014-07-06,NL,Helix Market Files,2026-08-14,2026-08-14T06:30:00+00:00
IE1000000820,Helix Gold UCITS ETF,Helix Funds,Helix Funds,Commodity,Gold,Single commodity,Physical Gold Reference,LU,EUR,4708.99,EUR,2014-02-28,12.5,Physical,Distributing,0.68,London Stock Exchange,XLON,HE0820,USD,2015-01-20,GB,Helix Market Files,2026-08-14,2026-08-14T06:30:00+00:00
IE1000000820,Helix Gold UCITS ETF,Helix Funds,Helix Funds,Commodity,Gold,Single commodity,Physical Gold Reference,LU,EUR,4708.99,EUR,2014-02-28,12.5,Physical,Distributing,0.68,SIX Swiss Exchange,XSWX,HE0824,CHF,2015-05-18,CH,Helix Market Files,2026-08-14,2026-08-14T06:30:00+00:00
IE1000000838,Meridian Defensive Allocation Screened UCITS ETF,Meridian ETFs,Meridian ETFs,Multi-Asset,Defensive Allocation,Allocation,Global 30/70,IE,USD,527.76,USD,2020-10-25,5.8,Sampling,Distributing,0.15,SIX Swiss Exchange,XSWX,ME0834,USD,2021-12-04,CH,Meridian Data Service,2026-08-14,2026-08-14T06:30:00+00:00
IE1000000838,Meridian Defensive Allocation Screened UCITS ETF,Meridian ETFs,Meridian ETFs,Multi-Asset,Defensive Allocation,Allocation,Global 30/70,IE,USD,527.76,USD,2020-10-25,5.8,Sampling,Distributing,0.15,Borsa Italiana,XMIL,ME0833,EUR,2022-01-05,IT,Meridian Data Service,2026-08-14,2026-08-14T06:30:00+00:00
IE1000000838,Meridian Defensive Allocation Screened UCITS ETF,Meridian ETFs,Meridian ETFs,Multi-Asset,Defensive Allocation,Allocation,Global 30/70,IE,USD,527.76,USD,2020-10-25,5.8,Sampling,Distributing,0.15,Deutsche Börse Xetra,XETR,ME0831,EUR,2022-03-14,DE,Meridian Data Service,2026-08-14,2026-08-14T06:30:00+00:00
IE1000000846,Aperture European Equity Enhanced ETF,Aperture Index,Aperture Index,Equity,European Equity,Core,Europe 600,LU,GBP,2255.75,GBP,2007-11-10,18.8,Sampling,Accumulating,0.47,Euronext Paris,XPAR,AP0842,EUR,2008-02-07,FR,Aperture Public Feed,2026-08-14,2026-08-14T06:30:00+00:00
IE1000000853,Cedar Emerging Markets Screened UCITS ETF,Cedar Capital,Cedar Capital,Equity,Emerging Markets,Core,Emerging Markets Broad,LU,EUR,165.04,EUR,2014-04-18,12.3,Synthetic,Accumulating,0.36,Borsa Italiana,XMIL,CE0853,EUR,2015-12-30,IT,Cedar Fund Data,2026-08-14,2026-08-14T06:30:00+00:00
IE1000000853,Cedar Emerging Markets Screened UCITS ETF,Cedar Capital,Cedar Capital,Equity,Emerging Markets,Core,Emerging Markets Broad,LU,EUR,165.04,EUR,2014-04-18,12.3,Synthetic,Accumulating,0.36,Euronext Paris,XPAR,CE0852,EUR,2015-05-01,FR,Cedar Fund Data,2026-08-14,2026-08-14T06:30:00+00:00
IE1000000853,Cedar Emerging Markets Screened UCITS ETF,Cedar Capital,Cedar Capital,Equity,Emerging Markets,Core,Emerging Markets Broad,LU,EUR,165.04,EUR,2014-04-18,12.3,Synthetic,Accumulating,0.36,London Stock Exchange,XLON,CE0850,USD,2015-03-17,GB,Cedar Fund Data,2026-08-14,2026-08-14T06:30:00+00:00
IE1000000861,Quarry Gold Index ETF,Quarry Investments,Quarry Investments,Commodity,Gold,Single commodity,Physical Gold Reference,LU,EUR,50.87,EUR,2006-05-15,20.2,Physical,Distributing,0.53,Bolsa de Madrid,XMAD,QU0866,EUR,2006-06-05,ES,Quarry Product Feed,2026-08-14,2026-08-14T06:30:00+00:00
IE1000000861,Quarry Gold Index ETF,Quarry Investments,Quarry Investments,Commodity,Gold,Single commodity,Physical Gold Reference,LU,EUR,50.87,EUR,2006-05-15,20.2,Physical,Distributing,0.53,Deutsche Börse Xetra,XETR,QU0861,EUR,2006-10-21,DE,Quarry Product Feed,2026-08-14,2026-08-14T06:30:00+00:00
IE1000000861,Quarry Gold Index ETF,Quarry Investments,Quarry Investments,Commodity,Gold,Single commodity,Physical Gold Reference,LU,EUR,50.87,EUR,2006-05-15,20.2,Physical,Distributing,0.53,Borsa Italiana,XMIL,QU0863,EUR,2006-06-22,IT,Quarry Product Feed,2026-08-14,2026-08-14T06:30:00+00:00
IE1000000861,Quarry Gold Index ETF,Quarry Investments,Quarry Investments,Commodity,Gold,Single commodity,Physical Gold Reference,LU,EUR,50.87,EUR,2006-05-15,20.2,Physical,Distributing,0.53,SIX Swiss Exchange,XSWX,QU0864,USD,2006-07-03,CH,Quarry Product Feed,2026-08-14,2026-08-14T06:30:00+00:00
IE1000000879,Vela Defensive Allocation Enhanced ETF,Vela Asset Management,Vela Asset Management,Multi-Asset,Defensive Allocation,Allocation,Global 30/70,IE,EUR,310.34,EUR,2006-12-19,19.7,Sampling,Distributing,0.34,London Stock Exchange,XLON,VE0870,USD,2008-11-17,GB,Vela Fund Files,2026-08-14,2026-08-14T06:30:00+00:00
IE1000000879,Vela Defensive Allocation Enhanced ETF,Vela Asset Management,Vela Asset Management,Multi-Asset,Defensive Allocation,Allocation,Global 30/70,IE,EUR,310.34,EUR,2006-12-19,19.7,Sampling,Distributing,0.34,Deutsche Börse Xetra,XETR,VE0871,EUR,2008-02-26,DE,Vela Fund Files,2026-08-14,2026-08-14T06:30:00+00:00
IE1000000887,Atlas US Equity Enhanced ETF,Atlas Index,Atlas Index,Equity,US Equity,Core,US Large Cap 500,LU,USD,156.07,USD,2015-07-06,11.1,Synthetic,Distributing,0.33,Euronext Amsterdam,XAMS,AT0885,EUR,2016-08-17,NL,Atlas Data Feed,2026-08-14,2026-08-14T06:30:00+00:00
IE1000000887,Atlas US Equity Enhanced ETF,Atlas Index,Atlas Index,Equity,US Equity,Core,US Large Cap 500,LU,USD,156.07,USD,2015-07-06,11.1,Synthetic,Distributing,0.33,Bolsa de Madrid,XMAD,AT0886,EUR,2017-11-03,ES,Atlas Data Feed,2026-08-14,2026-08-14T06:30:00+00:00
IE1000000895,Northstar Global Aggregate Bond Screened UCITS ETF,Northstar Asset Management,Northstar Asset Management,Fixed Income,Global Aggregate Bond,Core,Global Aggregate Bond,LU,GBP,82.83,GBP,2014-08-17,12.0,Sampling,Accumulating,0.66,SIX Swiss Exchange,XSWX,NO0894,USD,2015-04-05,CH,Northstar Public Data,2026-08-14,2026-08-14T06:30:00+00:00
IE1000000895,Northstar Global Aggregate Bond Screened UCITS ETF,Northstar Asset Management,Northstar Asset Management,Fixed Income,Global Aggregate Bond,Core,Global Aggregate Bond,LU,GBP,82.83,GBP,2014-08-17,12.0,Sampling,Accumulating,0.66,Euronext Paris,XPAR,NO0892,EUR,2016-11-21,FR,Northstar Public Data,2026-08-14,2026-08-14T06:30:00+00:00
IE1000000903,Helix Emerging Markets UCITS ETF,Helix Funds,Helix Funds,Equity,Emerging Markets,Core,Emerging Markets Broad,LU,GBP,33.94,GBP,2014-03-22,12.4,Synthetic,Distributing,0.32,Euronext Amsterdam,XAMS,HE0905,EUR,2015-09-22,NL,Helix Market Files,2026-08-14,2026-08-14T06:30:00+00:00
IE1000000903,Helix Emerging Markets UCITS ETF,Helix Funds,Helix Funds,Equity,Emerging Markets,Core,Emerging Markets Broad,LU,GBP,33.94,GBP,2014-03-22,12.4,Synthetic,Distributing,0.32,Bolsa de Madrid,XMAD,HE0906,EUR,2014-07-17,ES,Helix Market Files,2026-08-14,2026-08-14T06:30:00+00:00
IE1000000911,Meridian Defensive Allocation UCITS ETF,Meridian ETFs,Meridian ETFs,Multi-Asset,Defensive Allocation,Allocation,Global 30/70,IE,EUR,11770.23,EUR,2022-08-30,4.0,Physical,Distributing,0.3,Borsa Italiana,XMIL,ME0913,EUR,2023-07-19,IT,Meridian Data Service,2026-08-14,2026-08-14T06:30:00+00:00
IE1000000911,Meridian Defensive Allocation UCITS ETF,Meridian ETFs,Meridian ETFs,Multi-Asset,Defensive Allocation,Allocation,Global 30/70,IE,EUR,11770.23,EUR,2022-08-30,4.0,Physical,Distributing,0.3,Euronext Amsterdam,XAMS,ME0915,EUR,2024-02-06,NL,Meridian Data Service,2026-08-14,2026-08-14T06:30:00+00:00
IE1000000929,Aperture Climate Transition Enhanced ETF,Aperture Index,Aperture Index,Equity,Climate Transition,ESG,Global Climate Transition,IE,USD,410.84,USD,2017-10-11,8.8,Physical,Accumulating,0.31,Euronext Amsterdam,XAMS,AP0925,EUR,2018-06-09,NL,Aperture Public Feed,2026-08-14,2026-08-14T06:30:00+00:00
IE1000000929,Aperture Climate Transition Enhanced ETF,Aperture Index,Aperture Index,Equity,Climate Transition,ESG,Global Climate Transition,IE,USD,410.84,USD,2017-10-11,8.8,Physical,Accumulating,0.31,SIX Swiss Exchange,XSWX,AP0924,CHF,2018-10-28,CH,Aperture Public Feed,2026-08-14,2026-08-14T06:30:00+00:00
IE1000000929,Aperture Climate Transition Enhanced ETF,Aperture Index,Aperture Index,Equity,Climate Transition,ESG,Global Climate Transition,IE,USD,410.84,USD,2017-10-11,8.8,Physical,Accumulating,0.31,Borsa Italiana,XMIL,AP0923,EUR,2019-04-28,IT,Aperture Public Feed,2026-08-14,2026-08-14T06:30:00+00:00
IE1000000929,Aperture Climate Transition Enhanced ETF,Aperture Index,Aperture Index,Equity,Climate Transition,ESG,Global Climate Transition,IE,USD,410.84,USD,2017-10-11,8.8,Physical,Accumulating,0.31,Bolsa de Madrid,XMAD,AP0926,EUR,2019-03-13,ES,Aperture Public Feed,2026-08-14,2026-08-14T06:30:00+00:00
IE1000000937,Cedar Euro Government Bond Enhanced ETF,Cedar Capital,Cedar Capital,Fixed Income,Euro Government Bond,Duration,Euro Sovereign 7-10Y,IE,EUR,1150.08,EUR,2024-04-21,2.3,Synthetic,Distributing,0.36,Euronext Amsterdam,XAMS,CE0935,EUR,2026-08-10,NL,Cedar Fund Data,2026-08-14,2026-08-14T06:30:00+00:00
IE1000000937,Cedar Euro Government Bond Enhanced ETF,Cedar Capital,Cedar Capital,Fixed Income,Euro Government Bond,Duration,Euro Sovereign 7-10Y,IE,EUR,1150.08,EUR,2024-04-21,2.3,Synthetic,Distributing,0.36,London Stock Exchange,XLON,CE0930,GBP,2025-07-02,GB,Cedar Fund Data,2026-08-14,2026-08-14T06:30:00+00:00
IE1000000945,Quarry Broad Commodities UCITS ETF,Quarry Investments,Quarry Investments,Commodity,Broad Commodities,Broad,Diversified Commodity,IE,EUR,333.23,EUR,2024-04-28,2.3,Physical,Distributing,0.25,Bolsa de Madrid,XMAD,QU0946,EUR,2025-02-14,ES,Quarry Product Feed,2026-08-14,2026-08-14T06:30:00+00:00
IE1000000945,Quarry Broad Commodities UCITS ETF,Quarry Investments,Quarry Investments,Commodity,Broad Commodities,Broad,Diversified Commodity,IE,EUR,333.23,EUR,2024-04-28,2.3,Physical,Distributing,0.25,Borsa Italiana,XMIL,QU0943,EUR,2026-02-12,IT,Quarry Product Feed,2026-08-14,2026-08-14T06:30:00+00:00
IE1000000952,Vela Technology Enhanced ETF,Vela Asset Management,Vela Asset Management,Equity,Technology,Thematic,Global Technology Leaders,LU,USD,34.91,USD,2013-10-24,12.8,Physical,Accumulating,0.68,Borsa Italiana,XMIL,VE0953,EUR,2014-06-29,IT,Vela Fund Files,2026-08-14,2026-08-14T06:30:00+00:00
IE1000000952,Vela Technology Enhanced ETF,Vela Asset Management,Vela Asset Management,Equity,Technology,Thematic,Global Technology Leaders,LU,USD,34.91,USD,2013-10-24,12.8,Physical,Accumulating,0.68,Bolsa de Madrid,XMAD,VE0956,EUR,2015-06-09,ES,Vela Fund Files,2026-08-14,2026-08-14T06:30:00+00:00
IE1000000952,Vela Technology Enhanced ETF,Vela Asset Management,Vela Asset Management,Equity,Technology,Thematic,Global Technology Leaders,LU,USD,34.91,USD,2013-10-24,12.8,Physical,Accumulating,0.68,SIX Swiss Exchange,XSWX,VE0954,USD,2015-12-22,CH,Vela Fund Files,2026-08-14,2026-08-14T06:30:00+00:00
IE1000000952,Vela Technology Enhanced ETF,Vela Asset Management,Vela Asset Management,Equity,Technology,Thematic,Global Technology Leaders,LU,USD,34.91,USD,2013-10-24,12.8,Physical,Accumulating,0.68,Deutsche Börse Xetra,XETR,VE0951,EUR,2014-10-11,DE,Vela Fund Files,2026-08-14,2026-08-14T06:30:00+00:00
IE1000000960,Atlas Technology Index ETF,Atlas Index,Atlas Index,Equity,Technology,Thematic,Global Technology Leaders,IE,EUR,42.36,EUR,2019-01-09,7.6,Physical,Distributing,0.29,Euronext Amsterdam,XAMS,AT0965,EUR,2019-11-28,NL,Atlas Data Feed,2026-08-14,2026-08-14T06:30:00+00:00
IE1000000960,Atlas Technology Index ETF,Atlas Index,Atlas Index,Equity,Technology,Thematic,Global Technology Leaders,IE,EUR,42.36,EUR,2019-01-09,7.6,Physical,Distributing,0.29,SIX Swiss Exchange,XSWX,AT0964,CHF,2020-10-24,CH,Atlas Data Feed,2026-08-14,2026-08-14T06:30:00+00:00
IE1000000960,Atlas Technology Index ETF,Atlas Index,Atlas Index,Equity,Technology,Thematic,Global Technology Leaders,IE,EUR,42.36,EUR,2019-01-09,7.6,Physical,Distributing,0.29,Borsa Italiana,XMIL,AT0963,EUR,2020-03-23,IT,Atlas Data Feed,2026-08-14,2026-08-14T06:30:00+00:00
IE1000000960,Atlas Technology Index ETF,Atlas Index,Atlas Index,Equity,Technology,Thematic,Global Technology Leaders,IE,EUR,42.36,EUR,2019-01-09,7.6,Physical,Distributing,0.29,Euronext Paris,XPAR,AT0962,EUR,2021-01-26,FR,Atlas Data Feed,2026-08-14,2026-08-14T06:30:00+00:00
IE1000000978,Northstar Euro Government Bond Enhanced ETF,Northstar Asset Management,Northstar Asset Management,Fixed Income,Euro Government Bond,Duration,Euro Sovereign 7-10Y,IE,CHF,149.26,CHF,2014-08-10,12.0,Physical,Accumulating,0.49,Bolsa de Madrid,XMAD,NO0976,EUR,2016-08-20,ES,Northstar Public Data,2026-08-14,2026-08-14T06:30:00+00:00
IE1000000978,Northstar Euro Government Bond Enhanced ETF,Northstar Asset Management,Northstar Asset Management,Fixed Income,Euro Government Bond,Duration,Euro Sovereign 7-10Y,IE,CHF,149.26,CHF,2014-08-10,12.0,Physical,Accumulating,0.49,SIX Swiss Exchange,XSWX,NO0974,USD,2015-12-28,CH,Northstar Public Data,2026-08-14,2026-08-14T06:30:00+00:00
IE1000000986,Helix Broad Commodities UCITS ETF,Helix Funds,Helix Funds,Commodity,Broad Commodities,Broad,Diversified Commodity,LU,GBP,2711.86,GBP,2015-07-06,11.1,Sampling,Distributing,0.39,Borsa Italiana,XMIL,HE0983,EUR,2015-11-20,IT,Helix Market Files,2026-08-14,2026-08-14T06:30:00+00:00
IE1000000994,Meridian Balanced Enhanced ETF,Meridian ETFs,Meridian ETFs,Multi-Asset,Balanced,Allocation,Global 60/40,LU,EUR,26.4,EUR,2016-12-19,9.7,Physical,Distributing,0.12,SIX Swiss Exchange,XSWX,ME0994,USD,2019-03-09,CH,Meridian Data Service,2026-08-14,2026-08-14T06:30:00+00:00
IE1000001000,Aperture Emerging Markets Enhanced ETF,Aperture Index,Aperture Index,Equity,Emerging Markets,Core,Emerging Markets Broad,LU,USD,4537.04,USD,2019-04-12,7.3,Physical,Distributing,0.72,Euronext Paris,XPAR,AP1002,EUR,2020-02-04,FR,Aperture Public Feed,2026-08-14,2026-08-14T06:30:00+00:00
IE1000001000,Aperture Emerging Markets Enhanced ETF,Aperture Index,Aperture Index,Equity,Emerging Markets,Core,Emerging Markets Broad,LU,USD,4537.04,USD,2019-04-12,7.3,Physical,Distributing,0.72,Bolsa de Madrid,XMAD,AP1006,EUR,2020-07-10,ES,Aperture Public Feed,2026-08-14,2026-08-14T06:30:00+00:00
IE1000001000,Aperture Emerging Markets Enhanced ETF,Aperture Index,Aperture Index,Equity,Emerging Markets,Core,Emerging Markets Broad,LU,USD,4537.04,USD,2019-04-12,7.3,Physical,Distributing,0.72,Borsa Italiana,XMIL,AP1003,EUR,2020-02-05,IT,Aperture Public Feed,2026-08-14,2026-08-14T06:30:00+00:00
IE1000001018,Cedar Short Duration Screened UCITS ETF,Cedar Capital,Cedar Capital,Fixed Income,Short Duration,Defensive,EUR Corporate 1-3Y,LU,EUR,10697.12,EUR,2015-11-13,10.8,Physical,Distributing,0.31,Bolsa de Madrid,XMAD,CE1016,EUR,2017-04-28,ES,Cedar Fund Data,2026-08-14,2026-08-14T06:30:00+00:00
IE1000001018,Cedar Short Duration Screened UCITS ETF,Cedar Capital,Cedar Capital,Fixed Income,Short Duration,Defensive,EUR Corporate 1-3Y,LU,EUR,10697.12,EUR,2015-11-13,10.8,Physical,Distributing,0.31,SIX Swiss Exchange,XSWX,CE1014,CHF,2016-04-21,CH,Cedar Fund Data,2026-08-14,2026-08-14T06:30:00+00:00
IE1000001026,Quarry Gold Index ETF,Quarry Investments,Quarry Investments,Commodity,Gold,Single commodity,Physical Gold Reference,IE,USD,294.18,USD,2009-05-31,17.2,Physical,Accumulating,0.41,SIX Swiss Exchange,XSWX,QU1024,CHF,2009-12-21,CH,Quarry Product Feed,2026-08-14,2026-08-14T06:30:00+00:00
IE1000001026,Quarry Gold Index ETF,Quarry Investments,Quarry Investments,Commodity,Gold,Single commodity,Physical Gold Reference,IE,USD,294.18,USD,2009-05-31,17.2,Physical,Accumulating,0.41,London Stock Exchange,XLON,QU1020,USD,2010-11-11,GB,Quarry Product Feed,2026-08-14,2026-08-14T06:30:00+00:00
IE1000001034,Vela Defensive Allocation UCITS ETF,Vela Asset Management,Vela Asset Management,Multi-Asset,Defensive Allocation,Allocation,Global 30/70,IE,GBP,112.38,GBP,2020-05-30,6.2,Synthetic,Accumulating,0.43,Euronext Amsterdam,XAMS,VE1035,EUR,2022-03-29,NL,Vela Fund Files,2026-08-14,2026-08-14T06:30:00+00:00
IE1000001034,Vela Defensive Allocation UCITS ETF,Vela Asset Management,Vela Asset Management,Multi-Asset,Defensive Allocation,Allocation,Global 30/70,IE,GBP,112.38,GBP,2020-05-30,6.2,Synthetic,Accumulating,0.43,London Stock Exchange,XLON,VE1030,GBP,2021-12-05,GB,Vela Fund Files,2026-08-14,2026-08-14T06:30:00+00:00
IE1000001034,Vela Defensive Allocation UCITS ETF,Vela Asset Management,Vela Asset Management,Multi-Asset,Defensive Allocation,Allocation,Global 30/70,IE,GBP,112.38,GBP,2020-05-30,6.2,Synthetic,Accumulating,0.43,Euronext Paris,XPAR,VE1032,EUR,2022-01-09,FR,Vela Fund Files,2026-08-14,2026-08-14T06:30:00+00:00
IE1000001042,Atlas Global Large Cap Index ETF,Atlas Index,Atlas Index,Equity,Global Large Cap,Core,Global Developed 1000,IE,USD,341.77,USD,2006-07-01,20.1,Sampling,Distributing,0.53,Euronext Amsterdam,XAMS,AT1045,EUR,2006-07-27,NL,Atlas Data Feed,2026-08-14,2026-08-14T06:30:00+00:00
IE1000001059,Northstar US Equity Screened UCITS ETF,Northstar Asset Management,Northstar Asset Management,Equity,US Equity,Core,US Large Cap 500,IE,EUR,2840.52,EUR,2025-01-13,1.6,Synthetic,Distributing,0.66,Deutsche Börse Xetra,XETR,NO1051,EUR,2027-02-07,DE,Northstar Public Data,2026-08-14,2026-08-14T06:30:00+00:00
IE1000001059,Northstar US Equity Screened UCITS ETF,Northstar Asset Management,Northstar Asset Management,Equity,US Equity,Core,US Large Cap 500,IE,EUR,2840.52,EUR,2025-01-13,1.6,Synthetic,Distributing,0.66,Euronext Paris,XPAR,NO1052,EUR,2026-08-15,FR,Northstar Public Data,2026-08-14,2026-08-14T06:30:00+00:00
IE1000001059,Northstar US Equity Screened UCITS ETF,Northstar Asset Management,Northstar Asset Management,Equity,US Equity,Core,US Large Cap 500,IE,EUR,2840.52,EUR,2025-01-13,1.6,Synthetic,Distributing,0.66,Euronext Amsterdam,XAMS,NO1055,EUR,2026-05-15,NL,Northstar Public Data,2026-08-14,2026-08-14T06:30:00+00:00
IE1000001067,Helix Gold Screened UCITS ETF,Helix Funds,Helix Funds,Commodity,Gold,Single commodity,Physical Gold Reference,IE,USD,11865.47,USD,2008-02-04,18.5,Sampling,Accumulating,0.55,SIX Swiss Exchange,XSWX,HE1064,CHF,2010-02-15,CH,Helix Market Files,2026-08-14,2026-08-14T06:30:00+00:00
IE1000001067,Helix Gold Screened UCITS ETF,Helix Funds,Helix Funds,Commodity,Gold,Single commodity,Physical Gold Reference,IE,USD,11865.47,USD,2008-02-04,18.5,Sampling,Accumulating,0.55,London Stock Exchange,XLON,HE1060,GBP,2009-01-15,GB,Helix Market Files,2026-08-14,2026-08-14T06:30:00+00:00
IE1000001067,Helix Gold Screened UCITS ETF,Helix Funds,Helix Funds,Commodity,Gold,Single commodity,Physical Gold Reference,IE,USD,11865.47,USD,2008-02-04,18.5,Sampling,Accumulating,0.55,Euronext Amsterdam,XAMS,HE1065,EUR,2010-03-20,NL,Helix Market Files,2026-08-14,2026-08-14T06:30:00+00:00
IE1000001067,Helix Gold Screened UCITS ETF,Helix Funds,Helix Funds,Commodity,Gold,Single commodity,Physical Gold Reference,IE,USD,11865.47,USD,2008-02-04,18.5,Sampling,Accumulating,0.55,Euronext Paris,XPAR,HE1062,EUR,2010-06-09,FR,Helix Market Files,2026-08-14,2026-08-14T06:30:00+00:00
IE1000001075,Meridian Defensive Allocation Index ETF,Meridian ETFs,Meridian ETFs,Multi-Asset,Defensive Allocation,Allocation,Global 30/70,LU,EUR,180.15,EUR,2022-02-23,4.5,Sampling,Accumulating,0.58,SIX Swiss Exchange,XSWX,ME1074,CHF,2023-10-30,CH,Meridian Data Service,2026-08-14,2026-08-14T06:30:00+00:00
IE1000001083,Aperture Climate Transition Screened UCITS ETF,Aperture Index,Aperture Index,Equity,Climate Transition,ESG,Global Climate Transition,LU,GBP,56.07,GBP,2012-07-24,14.1,Physical,Distributing,0.65,Euronext Amsterdam,XAMS,AP1085,EUR,2014-12-21,NL,Aperture Public Feed,2026-08-14,2026-08-14T06:30:00+00:00
IE1000001083,Aperture Climate Transition Screened UCITS ETF,Aperture Index,Aperture Index,Equity,Climate Transition,ESG,Global Climate Transition,LU,GBP,56.07,GBP,2012-07-24,14.1,Physical,Distributing,0.65,Borsa Italiana,XMIL,AP1083,EUR,2014-01-11,IT,Aperture Public Feed,2026-08-14,2026-08-14T06:30:00+00:00
IE1000001091,Cedar Short Duration Enhanced ETF,Cedar Capital,Cedar Capital,Fixed Income,Short Duration,Defensive,EUR Corporate 1-3Y,LU,EUR,32.92,EUR,2008-10-31,17.8,Physical,Accumulating,0.23,Euronext Paris,XPAR,CE1092,EUR,2009-06-29,FR,Cedar Fund Data,2026-08-14,2026-08-14T06:30:00+00:00
IE1000001109,Quarry Global Large Cap Index ETF,Quarry Investments,Quarry Investments,Equity,Global Large Cap,Core,Global Developed 1000,LU,EUR,212.02,EUR,2008-05-22,18.2,Synthetic,Accumulating,0.2,London Stock Exchange,XLON,QU1100,USD,2008-07-12,GB,Quarry Product Feed,2026-08-14,2026-08-14T06:30:00+00:00
IE1000001109,Quarry Global Large Cap Index ETF,Quarry Investments,Quarry Investments,Equity,Global Large Cap,Core,Global Developed 1000,LU,EUR,212.02,EUR,2008-05-22,18.2,Synthetic,Accumulating,0.2,Bolsa de Madrid,XMAD,QU1106,EUR,2010-08-21,ES,Quarry Product Feed,2026-08-14,2026-08-14T06:30:00+00:00
IE1000001117,Vela Balanced UCITS ETF,Vela Asset Management,Vela Asset Management,Multi-Asset,Balanced,Allocation,Global 60/40,LU,USD,4092.0,USD,2007-09-27,18.9,Sampling,Accumulating,0.27,Euronext Amsterdam,XAMS,VE1115,EUR,2009-06-18,NL,Vela Fund Files,2026-08-14,2026-08-14T06:30:00+00:00
IE1000001125,Atlas Emerging Markets Screened UCITS ETF,Atlas Index,Atlas Index,Equity,Emerging Markets,Core,Emerging Markets Broad,LU,GBP,16129.22,GBP,2007-04-17,19.3,Sampling,Distributing,0.64,Euronext Amsterdam,XAMS,AT1125,EUR,2007-05-25,NL,Atlas Data Feed,2026-08-14,2026-08-14T06:30:00+00:00
IE1000001133,Northstar Short Duration UCITS ETF,Northstar Asset Management,Northstar Asset Management,Fixed Income,Short Duration,Defensive,EUR Corporate 1-3Y,LU,EUR,139.23,EUR,2009-03-28,17.4,Physical,Accumulating,0.72,Bolsa de Madrid,XMAD,NO1136,EUR,2009-04-07,ES,Northstar Public Data,2026-08-14,2026-08-14T06:30:00+00:00
IE1000001133,Northstar Short Duration UCITS ETF,Northstar Asset Management,Northstar Asset Management,Fixed Income,Short Duration,Defensive,EUR Corporate 1-3Y,LU,EUR,139.23,EUR,2009-03-28,17.4,Physical,Accumulating,0.72,SIX Swiss Exchange,XSWX,NO1134,USD,2009-05-30,CH,Northstar Public Data,2026-08-14,2026-08-14T06:30:00+00:00
IE1000001141,Helix Broad Commodities UCITS ETF,Helix Funds,Helix Funds,Commodity,Broad Commodities,Broad,Diversified Commodity,LU,CHF,603.88,CHF,2007-01-14,19.6,Physical,Accumulating,0.32,Borsa Italiana,XMIL,HE1143,EUR,2007-06-15,IT,Helix Market Files,2026-08-14,2026-08-14T06:30:00+00:00
IE1000001141,Helix Broad Commodities UCITS ETF,Helix Funds,Helix Funds,Commodity,Broad Commodities,Broad,Diversified Commodity,LU,CHF,603.88,CHF,2007-01-14,19.6,Physical,Accumulating,0.32,Euronext Paris,XPAR,HE1142,EUR,2007-11-18,FR,Helix Market Files,2026-08-14,2026-08-14T06:30:00+00:00
IE1000001141,Helix Broad Commodities UCITS ETF,Helix Funds,Helix Funds,Commodity,Broad Commodities,Broad,Diversified Commodity,LU,CHF,603.88,CHF,2007-01-14,19.6,Physical,Accumulating,0.32,Deutsche Börse Xetra,XETR,HE1141,EUR,2007-05-28,DE,Helix Market Files,2026-08-14,2026-08-14T06:30:00+00:00
IE1000001141,Helix Broad Commodities UCITS ETF,Helix Funds,Helix Funds,Commodity,Broad Commodities,Broad,Diversified Commodity,LU,CHF,603.88,CHF,2007-01-14,19.6,Physical,Accumulating,0.32,Bolsa de Madrid,XMAD,HE1146,EUR,2009-01-17,ES,Helix Market Files,2026-08-14,2026-08-14T06:30:00+00:00
IE1000001158,Meridian US Equity UCITS ETF,Meridian ETFs,Meridian ETFs,Equity,US Equity,Core,US Large Cap 500,LU,EUR,2044.78,EUR,2023-07-26,3.1,Sampling,Accumulating,0.29,Bolsa de Madrid,XMAD,ME1156,EUR,2024-09-19,ES,Meridian Data Service,2026-08-14,2026-08-14T06:30:00+00:00
IE1000001166,Aperture Emerging Markets UCITS ETF,Aperture Index,Aperture Index,Equity,Emerging Markets,Core,Emerging Markets Broad,IE,GBP,926.41,GBP,2022-10-20,3.8,Physical,Accumulating,0.09,Deutsche Börse Xetra,XETR,AP1161,EUR,2025-02-16,DE,Aperture Public Feed,2026-08-14,2026-08-14T06:30:00+00:00
IE1000001166,Aperture Emerging Markets UCITS ETF,Aperture Index,Aperture Index,Equity,Emerging Markets,Core,Emerging Markets Broad,IE,GBP,926.41,GBP,2022-10-20,3.8,Physical,Accumulating,0.09,London Stock Exchange,XLON,AP1160,USD,2024-09-25,GB,Aperture Public Feed,2026-08-14,2026-08-14T06:30:00+00:00
IE1000001174,Cedar Global Aggregate Bond UCITS ETF,Cedar Capital,Cedar Capital,Fixed Income,Global Aggregate Bond,Core,Global Aggregate Bond,LU,USD,2259.14,USD,2017-09-13,8.9,Sampling,Accumulating,1.95,Euronext Amsterdam,XAMS,CE1175,EUR,2017-09-21,NL,Cedar Fund Data,2026-08-14,2026-08-14T06:30:00+00:00
IE1000001174,Cedar Global Aggregate Bond UCITS ETF,Cedar Capital,Cedar Capital,Fixed Income,Global Aggregate Bond,Core,Global Aggregate Bond,LU,USD,2259.14,USD,2017-09-13,8.9,Sampling,Accumulating,1.95,London Stock Exchange,XLON,CE1170,GBP,2018-08-31,GB,Cedar Fund Data,2026-08-14,2026-08-14T06:30:00+00:00
IE1000001182,Quarry Gold Enhanced ETF,Quarry Investments,Quarry Investments,Commodity,Gold,Single commodity,Physical Gold Reference,LU,GBP,77.58,GBP,2023-10-17,2.8,Physical,Distributing,0.34,SIX Swiss Exchange,XSWX,QU1184,USD,2024-08-04,CH,Quarry Product Feed,2026-08-14,2026-08-14T06:30:00+00:00
IE1000001182,Quarry Gold Enhanced ETF,Quarry Investments,Quarry Investments,Commodity,Gold,Single commodity,Physical Gold Reference,LU,GBP,77.58,GBP,2023-10-17,2.8,Physical,Distributing,0.34,Bolsa de Madrid,XMAD,QU1186,EUR,2026-02-13,ES,Quarry Product Feed,2026-08-14,2026-08-14T06:30:00+00:00
IE1000001190,Vela Balanced UCITS ETF,Vela Asset Management,Vela Asset Management,Multi-Asset,Balanced,Allocation,Global 60/40,LU,USD,64.38,USD,2010-07-21,16.1,Physical,Distributing,0.18,Euronext Amsterdam,XAMS,VE1195,EUR,2012-10-15,NL,Vela Fund Files,2026-08-14,2026-08-14T06:30:00+00:00
IE1000001190,Vela Balanced UCITS ETF,Vela Asset Management,Vela Asset Management,Multi-Asset,Balanced,Allocation,Global 60/40,LU,USD,64.38,USD,2010-07-21,16.1,Physical,Distributing,0.18,Euronext Paris,XPAR,VE1192,EUR,2011-02-27,FR,Vela Fund Files,2026-08-14,2026-08-14T06:30:00+00:00
IE1000001208,Atlas US Equity Screened UCITS ETF,Atlas Index,Atlas Index,Equity,US Equity,Core,US Large Cap 500,LU,CHF,100.42,CHF,2023-06-07,3.2,Sampling,Distributing,0.73,Euronext Amsterdam,XAMS,AT1205,EUR,2024-11-30,NL,Atlas Data Feed,2026-08-14,2026-08-14T06:30:00+00:00
IE1000001216,Northstar Short Duration UCITS ETF,Northstar Asset Management,Northstar Asset Management,Fixed Income,Short Duration,Defensive,EUR Corporate 1-3Y,LU,EUR,2630.89,EUR,2016-02-17,10.5,Physical,Accumulating,0.68,SIX Swiss Exchange,XSWX,NO1214,CHF,2016-05-14,CH,Northstar Public Data,2026-08-14,2026-08-14T06:30:00+00:00
IE1000001224,Helix Gold Enhanced ETF,Helix Funds,Helix Funds,Commodity,Gold,Single commodity,Physical Gold Reference,LU,EUR,3095.07,EUR,2014-05-29,12.2,Physical,Accumulating,0.2,Euronext Paris,XPAR,HE1222,EUR,2014-06-08,FR,Helix Market Files,2026-08-14,2026-08-14T06:30:00+00:00
IE1000001224,Helix Gold Enhanced ETF,Helix Funds,Helix Funds,Commodity,Gold,Single commodity,Physical Gold Reference,LU,EUR,3095.07,EUR,2014-05-29,12.2,Physical,Accumulating,0.2,Borsa Italiana,XMIL,HE1223,EUR,2016-08-06,IT,Helix Market Files,2026-08-14,2026-08-14T06:30:00+00:00
IE1000001224,Helix Gold Enhanced ETF,Helix Funds,Helix Funds,Commodity,Gold,Single commodity,Physical Gold Reference,LU,EUR,3095.07,EUR,2014-05-29,12.2,Physical,Accumulating,0.2,Bolsa de Madrid,XMAD,HE1226,EUR,2015-02-12,ES,Helix Market Files,2026-08-14,2026-08-14T06:30:00+00:00
IE1000001224,Helix Gold Enhanced ETF,Helix Funds,Helix Funds,Commodity,Gold,Single commodity,Physical Gold Reference,LU,EUR,3095.07,EUR,2014-05-29,12.2,Physical,Accumulating,0.2,Deutsche Börse Xetra,XETR,HE1221,EUR,2016-10-30,DE,Helix Market Files,2026-08-14,2026-08-14T06:30:00+00:00
IE1000001232,Meridian Balanced UCITS ETF,Meridian ETFs,Meridian ETFs,Multi-Asset,Balanced,Allocation,Global 60/40,IE,EUR,42.61,EUR,2025-01-30,1.5,Synthetic,Accumulating,0.32,Euronext Paris,XPAR,ME1232,EUR,2025-03-17,FR,Meridian Data Service,2026-08-14,2026-08-14T06:30:00+00:00
IE1000001232,Meridian Balanced UCITS ETF,Meridian ETFs,Meridian ETFs,Multi-Asset,Balanced,Allocation,Global 60/40,IE,EUR,42.61,EUR,2025-01-30,1.5,Synthetic,Accumulating,0.32,Euronext Amsterdam,XAMS,ME1235,EUR,2025-11-01,NL,Meridian Data Service,2026-08-14,2026-08-14T06:30:00+00:00
IE1000001240,Aperture Global Large Cap Index ETF,Aperture Index,Aperture Index,Equity,Global Large Cap,Core,Global Developed 1000,IE,EUR,42.47,EUR,2009-02-12,17.5,Physical,Distributing,0.54,Deutsche Börse Xetra,XETR,AP1241,EUR,2010-06-08,DE,Aperture Public Feed,2026-08-14,2026-08-14T06:30:00+00:00
IE1000001240,Aperture Global Large Cap Index ETF,Aperture Index,Aperture Index,Equity,Global Large Cap,Core,Global Developed 1000,IE,EUR,42.47,EUR,2009-02-12,17.5,Physical,Distributing,0.54,Euronext Paris,XPAR,AP1242,EUR,2010-08-19,FR,Aperture Public Feed,2026-08-14,2026-08-14T06:30:00+00:00
IE1000001257,Cedar Global Large Cap UCITS ETF,Cedar Capital,Cedar Capital,Equity,Global Large Cap,Core,Global Developed 1000,IE,EUR,167.31,EUR,2017-07-15,9.1,Physical,Distributing,0.54,London Stock Exchange,XLON,CE1250,GBP,2019-12-08,GB,Cedar Fund Data,2026-08-14,2026-08-14T06:30:00+00:00
IE1000001265,Quarry Gold Index ETF,Quarry Investments,Quarry Investments,Commodity,Gold,Single commodity,Physical Gold Reference,LU,USD,15387.21,USD,2009-02-03,17.5,Physical,Accumulating,0.22,Euronext Amsterdam,XAMS,QU1265,EUR,2011-03-10,NL,Quarry Product Feed,2026-08-14,2026-08-14T06:30:00+00:00
IE1000001273,Vela Balanced Enhanced ETF,Vela Asset Management,Vela Asset Management,Multi-Asset,Balanced,Allocation,Global 60/40,LU,EUR,6805.71,EUR,2023-03-05,3.4,Physical,Accumulating,0.12,London Stock Exchange,XLON,VE1270,GBP,2023-05-15,GB,Vela Fund Files,2026-08-14,2026-08-14T06:30:00+00:00
IE1000001273,Vela Balanced Enhanced ETF,Vela Asset Management,Vela Asset Management,Multi-Asset,Balanced,Allocation,Global 60/40,LU,EUR,6805.71,EUR,2023-03-05,3.4,Physical,Accumulating,0.12,Deutsche Börse Xetra,XETR,VE1271,EUR,2023-09-20,DE,Vela Fund Files,2026-08-14,2026-08-14T06:30:00+00:00
IE1000001281,Atlas Global Large Cap UCITS ETF,Atlas Index,Atlas Index,Equity,Global Large Cap,Core,Global Developed 1000,LU,GBP,264.78,GBP,2008-06-05,18.2,Sampling,Distributing,0.28,London Stock Exchange,XLON,AT1280,USD,2010-04-29,GB,Atlas Data Feed,2026-08-14,2026-08-14T06:30:00+00:00
IE1000001281,Atlas Global Large Cap UCITS ETF,Atlas Index,Atlas Index,Equity,Global Large Cap,Core,Global Developed 1000,LU,GBP,264.78,GBP,2008-06-05,18.2,Sampling,Distributing,0.28,SIX Swiss Exchange,XSWX,AT1284,USD,2010-11-08,CH,Atlas Data Feed,2026-08-14,2026-08-14T06:30:00+00:00
IE1000001281,Atlas Global Large Cap UCITS ETF,Atlas Index,Atlas Index,Equity,Global Large Cap,Core,Global Developed 1000,LU,GBP,264.78,GBP,2008-06-05,18.2,Sampling,Distributing,0.28,Bolsa de Madrid,XMAD,AT1286,EUR,2009-09-26,ES,Atlas Data Feed,2026-08-14,2026-08-14T06:30:00+00:00
IE1000001299,Northstar Global Aggregate Bond UCITS ETF,Northstar Asset Management,Northstar Asset Management,Fixed Income,Global Aggregate Bond,Core,Global Aggregate Bond,LU,EUR,1220.8,EUR,2019-09-12,6.9,Synthetic,Accumulating,0.57,Deutsche Börse Xetra,XETR,NO1291,EUR,2020-10-22,DE,Northstar Public Data,2026-08-14,2026-08-14T06:30:00+00:00
IE1000001307,Helix European Equity Enhanced ETF,Helix Funds,Helix Funds,Equity,European Equity,Core,Europe 600,IE,EUR,1853.78,EUR,2021-06-12,5.2,Physical,Distributing,0.73,Deutsche Börse Xetra,XETR,HE1301,EUR,2022-01-30,DE,Helix Market Files,2026-08-14,2026-08-14T06:30:00+00:00
IE1000001307,Helix European Equity Enhanced ETF,Helix Funds,Helix Funds,Equity,European Equity,Core,Europe 600,IE,EUR,1853.78,EUR,2021-06-12,5.2,Physical,Distributing,0.73,Bolsa de Madrid,XMAD,HE1306,EUR,2022-07-17,ES,Helix Market Files,2026-08-14,2026-08-14T06:30:00+00:00
IE1000001307,Helix European Equity Enhanced ETF,Helix Funds,Helix Funds,Equity,European Equity,Core,Europe 600,IE,EUR,1853.78,EUR,2021-06-12,5.2,Physical,Distributing,0.73,Euronext Paris,XPAR,HE1302,EUR,2022-09-27,FR,Helix Market Files,2026-08-14,2026-08-14T06:30:00+00:00
IE1000001315,Meridian Defensive Allocation Index ETF,Meridian ETFs,Meridian ETFs,Multi-Asset,Defensive Allocation,Allocation,Global 30/70,LU,EUR,3235.67,EUR,2024-12-16,1.7,Synthetic,Distributing,0.4,London Stock Exchange,XLON,ME1310,GBP,2025-04-10,GB,Meridian Data Service,2026-08-14,2026-08-14T06:30:00+00:00
IE1000001323,Aperture Global Large Cap UCITS ETF,Aperture Index,Aperture Index,Equity,Global Large Cap,Core,Global Developed 1000,LU,USD,13070.0,USD,2009-01-03,17.6,Physical,Accumulating,0.28,SIX Swiss Exchange,XSWX,AP1324,USD,2011-01-15,CH,Aperture Public Feed,2026-08-14,2026-08-14T06:30:00+00:00
IE1000001323,Aperture Global Large Cap UCITS ETF,Aperture Index,Aperture Index,Equity,Global Large Cap,Core,Global Developed 1000,LU,USD,13070.0,USD,2009-01-03,17.6,Physical,Accumulating,0.28,Euronext Paris,XPAR,AP1322,EUR,2009-12-11,FR,Aperture Public Feed,2026-08-14,2026-08-14T06:30:00+00:00
IE1000001331,Cedar Corporate Bond Screened UCITS ETF,Cedar Capital,Cedar Capital,Fixed Income,Corporate Bond,Income,Global Corporate Bond,IE,EUR,137.95,EUR,2016-10-29,9.8,Physical,Distributing,0.72,SIX Swiss Exchange,XSWX,CE1334,CHF,2018-02-28,CH,Cedar Fund Data,2026-08-14,2026-08-14T06:30:00+00:00
IE1000001331,Cedar Corporate Bond Screened UCITS ETF,Cedar Capital,Cedar Capital,Fixed Income,Corporate Bond,Income,Global Corporate Bond,IE,EUR,137.95,EUR,2016-10-29,9.8,Physical,Distributing,0.72,Borsa Italiana,XMIL,CE1333,EUR,2018-11-26,IT,Cedar Fund Data,2026-08-14,2026-08-14T06:30:00+00:00
IE1000001349,Quarry Broad Commodities Index ETF,Quarry Investments,Quarry Investments,Commodity,Broad Commodities,Broad,Diversified Commodity,IE,USD,5698.2,USD,2025-01-25,1.5,Sampling,Distributing,0.65,Euronext Amsterdam,XAMS,QU1345,EUR,2025-08-06,NL,Quarry Product Feed,2026-08-14,2026-08-14T06:30:00+00:00
IE1000001349,Quarry Broad Commodities Index ETF,Quarry Investments,Quarry Investments,Commodity,Broad Commodities,Broad,Diversified Commodity,IE,USD,5698.2,USD,2025-01-25,1.5,Sampling,Distributing,0.65,SIX Swiss Exchange,XSWX,QU1344,USD,2025-05-26,CH,Quarry Product Feed,2026-08-14,2026-08-14T06:30:00+00:00
IE1000001356,Vela Climate Transition Enhanced ETF,Vela Asset Management,Vela Asset Management,Equity,Climate Transition,ESG,Global Climate Transition,IE,EUR,831.69,EUR,2010-11-19,15.7,Sampling,Distributing,0.69,SIX Swiss Exchange,XSWX,VE1354,USD,2012-08-14,CH,Vela Fund Files,2026-08-14,2026-08-14T06:30:00+00:00
IE1000001356,Vela Climate Transition Enhanced ETF,Vela Asset Management,Vela Asset Management,Equity,Climate Transition,ESG,Global Climate Transition,IE,EUR,831.69,EUR,2010-11-19,15.7,Sampling,Distributing,0.69,Deutsche Börse Xetra,XETR,VE1351,EUR,2012-04-13,DE,Vela Fund Files,2026-08-14,2026-08-14T06:30:00+00:00
IE1000001356,Vela Climate Transition Enhanced ETF,Vela Asset Management,Vela Asset Management,Equity,Climate Transition,ESG,Global Climate Transition,IE,EUR,831.69,EUR,2010-11-19,15.7,Sampling,Distributing,0.69,Borsa Italiana,XMIL,VE1353,EUR,2012-11-14,IT,Vela Fund Files,2026-08-14,2026-08-14T06:30:00+00:00
IE1000001364,Atlas Technology Index ETF,Atlas Index,Atlas Index,Equity,Technology,Thematic,Global Technology Leaders,IE,EUR,670.44,EUR,2008-05-11,18.3,Physical,Accumulating,0.07,SIX Swiss Exchange,XSWX,AT1364,USD,2009-04-10,CH,Atlas Data Feed,2026-08-14,2026-08-14T06:30:00+00:00
IE1000001364,Atlas Technology Index ETF,Atlas Index,Atlas Index,Equity,Technology,Thematic,Global Technology Leaders,IE,EUR,670.44,EUR,2008-05-11,18.3,Physical,Accumulating,0.07,Deutsche Börse Xetra,XETR,AT1361,EUR,2009-08-23,DE,Atlas Data Feed,2026-08-14,2026-08-14T06:30:00+00:00
IE1000001372,Northstar Short Duration Enhanced ETF,Northstar Asset Management,Northstar Asset Management,Fixed Income,Short Duration,Defensive,EUR Corporate 1-3Y,IE,GBP,1804.97,GBP,2018-01-23,8.6,Physical,Accumulating,0.13,Deutsche Börse Xetra,XETR,NO1371,EUR,2019-08-08,DE,Northstar Public Data,2026-08-14,2026-08-14T06:30:00+00:00
IE1000001372,Northstar Short Duration Enhanced ETF,Northstar Asset Management,Northstar Asset Management,Fixed Income,Short Duration,Defensive,EUR Corporate 1-3Y,IE,GBP,1804.97,GBP,2018-01-23,8.6,Physical,Accumulating,0.13,Borsa Italiana,XMIL,NO1373,EUR,2019-10-30,IT,Northstar Public Data,2026-08-14,2026-08-14T06:30:00+00:00
IE1000001380,Helix Broad Commodities UCITS ETF,Helix Funds,Helix Funds,Commodity,Broad Commodities,Broad,Diversified Commodity,IE,EUR,2963.42,EUR,2018-03-28,8.4,Physical,Distributing,0.36,Deutsche Börse Xetra,XETR,HE1381,EUR,2020-09-08,DE,Helix Market Files,2026-08-14,2026-08-14T06:30:00+00:00
IE1000001380,Helix Broad Commodities UCITS ETF,Helix Funds,Helix Funds,Commodity,Broad Commodities,Broad,Diversified Commodity,IE,EUR,2963.42,EUR,2018-03-28,8.4,Physical,Distributing,0.36,Euronext Amsterdam,XAMS,HE1385,EUR,2019-11-12,NL,Helix Market Files,2026-08-14,2026-08-14T06:30:00+00:00
IE1000001380,Helix Broad Commodities UCITS ETF,Helix Funds,Helix Funds,Commodity,Broad Commodities,Broad,Diversified Commodity,IE,EUR,2963.42,EUR,2018-03-28,8.4,Physical,Distributing,0.36,SIX Swiss Exchange,XSWX,HE1384,CHF,2020-05-05,CH,Helix Market Files,2026-08-14,2026-08-14T06:30:00+00:00
IE1000001398,Meridian Defensive Allocation UCITS ETF,Meridian ETFs,Meridian ETFs,Multi-Asset,Defensive Allocation,Allocation,Global 30/70,IE,EUR,326.96,EUR,2019-12-23,6.6,Synthetic,Distributing,0.61,London Stock Exchange,XLON,ME1390,GBP,2021-07-18,GB,Meridian Data Service,2026-08-14,2026-08-14T06:30:00+00:00
IE1000001398,Meridian Defensive Allocation UCITS ETF,Meridian ETFs,Meridian ETFs,Multi-Asset,Defensive Allocation,Allocation,Global 30/70,IE,EUR,326.96,EUR,2019-12-23,6.6,Synthetic,Distributing,0.61,Bolsa de Madrid,XMAD,ME1396,EUR,2021-10-12,ES,Meridian Data Service,2026-08-14,2026-08-14T06:30:00+00:00
IE1000001398,Meridian Defensive Allocation UCITS ETF,Meridian ETFs,Meridian ETFs,Multi-Asset,Defensive Allocation,Allocation,Global 30/70,IE,EUR,326.96,EUR,2019-12-23,6.6,Synthetic,Distributing,0.61,Borsa Italiana,XMIL,ME1393,EUR,2021-06-22,IT,Meridian Data Service,2026-08-14,2026-08-14T06:30:00+00:00
IE1000001406,Aperture Emerging Markets Screened UCITS ETF,Aperture Index,Aperture Index,Equity,Emerging Markets,Core,Emerging Markets Broad,IE,USD,7116.95,USD,2019-07-16,7.1,Synthetic,Distributing,0.06,London Stock Exchange,XLON,AP1400,GBP,2019-11-16,GB,Aperture Public Feed,2026-08-14,2026-08-14T06:30:00+00:00
IE1000001414,Cedar Global Aggregate Bond Screened UCITS ETF,Cedar Capital,Cedar Capital,Fixed Income,Global Aggregate Bond,Core,Global Aggregate Bond,LU,USD,1083.99,USD,2023-09-05,2.9,Sampling,Distributing,0.13,Borsa Italiana,XMIL,CE1413,EUR,2025-05-09,IT,Cedar Fund Data,2026-08-14,2026-08-14T06:30:00+00:00
IE1000001414,Cedar Global Aggregate Bond Screened UCITS ETF,Cedar Capital,Cedar Capital,Fixed Income,Global Aggregate Bond,Core,Global Aggregate Bond,LU,USD,1083.99,USD,2023-09-05,2.9,Sampling,Distributing,0.13,SIX Swiss Exchange,XSWX,CE1414,CHF,2024-04-04,CH,Cedar Fund Data,2026-08-14,2026-08-14T06:30:00+00:00
IE1000001422,Quarry Gold Enhanced ETF,Quarry Investments,Quarry Investments,Commodity,Gold,Single commodity,Physical Gold Reference,IE,GBP,98.01,GBP,2017-10-12,8.8,Sampling,Accumulating,0.32,London Stock Exchange,XLON,QU1420,GBP,2019-04-28,GB,Quarry Product Feed,2026-08-14,2026-08-14T06:30:00+00:00
IE1000001430,Vela Defensive Allocation Index ETF,Vela Asset Management,Vela Asset Management,Multi-Asset,Defensive Allocation,Allocation,Global 30/70,LU,EUR,2196.86,EUR,2017-11-10,8.8,Physical,Distributing,0.55,Bolsa de Madrid,XMAD,VE1436,EUR,2019-05-08,ES,Vela Fund Files,2026-08-14,2026-08-14T06:30:00+00:00
IE1000001430,Vela Defensive Allocation Index ETF,Vela Asset Management,Vela Asset Management,Multi-Asset,Defensive Allocation,Allocation,Global 30/70,LU,EUR,2196.86,EUR,2017-11-10,8.8,Physical,Distributing,0.55,SIX Swiss Exchange,XSWX,VE1434,CHF,2018-12-09,CH,Vela Fund Files,2026-08-14,2026-08-14T06:30:00+00:00
IE1000001430,Vela Defensive Allocation Index ETF,Vela Asset Management,Vela Asset Management,Multi-Asset,Defensive Allocation,Allocation,Global 30/70,LU,EUR,2196.86,EUR,2017-11-10,8.8,Physical,Distributing,0.55,Deutsche Börse Xetra,XETR,VE1431,EUR,2018-04-23,DE,Vela Fund Files,2026-08-14,2026-08-14T06:30:00+00:00
IE1000001448,Atlas Emerging Markets Enhanced ETF,Atlas Index,Atlas Index,Equity,Emerging Markets,Core,Emerging Markets Broad,LU,EUR,135.14,EUR,2007-08-24,19.0,Physical,Accumulating,0.27,London Stock Exchange,XLON,AT1440,USD,2009-11-18,GB,Atlas Data Feed,2026-08-14,2026-08-14T06:30:00+00:00
IE1000001448,Atlas Emerging Markets Enhanced ETF,Atlas Index,Atlas Index,Equity,Emerging Markets,Core,Emerging Markets Broad,LU,EUR,135.14,EUR,2007-08-24,19.0,Physical,Accumulating,0.27,Euronext Paris,XPAR,AT1442,EUR,2009-05-08,FR,Atlas Data Feed,2026-08-14,2026-08-14T06:30:00+00:00
IE1000001448,Atlas Emerging Markets Enhanced ETF,Atlas Index,Atlas Index,Equity,Emerging Markets,Core,Emerging Markets Broad,LU,EUR,135.14,EUR,2007-08-24,19.0,Physical,Accumulating,0.27,Euronext Amsterdam,XAMS,AT1445,EUR,2010-01-31,NL,Atlas Data Feed,2026-08-14,2026-08-14T06:30:00+00:00
IE1000001455,Northstar Climate Transition Enhanced ETF,Northstar Asset Management,Northstar Asset Management,Equity,Climate Transition,ESG,Global Climate Transition,IE,EUR,232.17,EUR,2012-11-28,13.7,Sampling,Accumulating,0.72,Euronext Paris,XPAR,NO1452,EUR,2015-02-18,FR,Northstar Public Data,2026-08-14,2026-08-14T06:30:00+00:00
IE1000001455,Northstar Climate Transition Enhanced ETF,Northstar Asset Management,Northstar Asset Management,Equity,Climate Transition,ESG,Global Climate Transition,IE,EUR,232.17,EUR,2012-11-28,13.7,Sampling,Accumulating,0.72,London Stock Exchange,XLON,NO1450,USD,2014-08-02,GB,Northstar Public Data,2026-08-14,2026-08-14T06:30:00+00:00
IE1000001455,Northstar Climate Transition Enhanced ETF,Northstar Asset Management,Northstar Asset Management,Equity,Climate Transition,ESG,Global Climate Transition,IE,EUR,232.17,EUR,2012-11-28,13.7,Sampling,Accumulating,0.72,Euronext Amsterdam,XAMS,NO1455,EUR,2014-09-25,NL,Northstar Public Data,2026-08-14,2026-08-14T06:30:00+00:00
IE1000001463,Helix Gold UCITS ETF,Helix Funds,Helix Funds,Commodity,Gold,Single commodity,Physical Gold Reference,LU,EUR,633.47,EUR,2011-02-14,15.5,Physical,Distributing,0.39,Euronext Paris,XPAR,HE1462,EUR,2012-08-09,FR,Helix Market Files,2026-08-14,2026-08-14T06:30:00+00:00
IE1000001471,Meridian Defensive Allocation UCITS ETF,Meridian ETFs,Meridian ETFs,Multi-Asset,Defensive Allocation,Allocation,Global 30/70,LU,USD,120.66,USD,2006-12-06,19.7,Synthetic,Distributing,0.43,Bolsa de Madrid,XMAD,ME1476,EUR,2009-02-27,ES,Meridian Data Service,2026-08-14,2026-08-14T06:30:00+00:00
IE1000001471,Meridian Defensive Allocation UCITS ETF,Meridian ETFs,Meridian ETFs,Multi-Asset,Defensive Allocation,Allocation,Global 30/70,LU,USD,120.66,USD,2006-12-06,19.7,Synthetic,Distributing,0.43,Deutsche Börse Xetra,XETR,ME1471,EUR,2008-05-06,DE,Meridian Data Service,2026-08-14,2026-08-14T06:30:00+00:00
IE1000001489,Aperture Climate Transition Index ETF,Aperture Index,Aperture Index,Equity,Climate Transition,ESG,Global Climate Transition,IE,EUR,1162.43,EUR,2025-08-07,1.0,Sampling,Distributing,0.66,Bolsa de Madrid,XMAD,AP1486,EUR,2027-07-25,ES,Aperture Public Feed,2026-08-14,2026-08-14T06:30:00+00:00
IE1000001489,Aperture Climate Transition Index ETF,Aperture Index,Aperture Index,Equity,Climate Transition,ESG,Global Climate Transition,IE,EUR,1162.43,EUR,2025-08-07,1.0,Sampling,Distributing,0.66,Deutsche Börse Xetra,XETR,AP1481,EUR,2026-05-29,DE,Aperture Public Feed,2026-08-14,2026-08-14T06:30:00+00:00
IE1000001497,Cedar Global Aggregate Bond UCITS ETF,Cedar Capital,Cedar Capital,Fixed Income,Global Aggregate Bond,Core,Global Aggregate Bond,LU,USD,51.18,USD,2006-08-01,20.0,Sampling,Distributing,0.54,Borsa Italiana,XMIL,CE1493,EUR,2007-05-16,IT,Cedar Fund Data,2026-08-14,2026-08-14T06:30:00+00:00
IE1000001497,Cedar Global Aggregate Bond UCITS ETF,Cedar Capital,Cedar Capital,Fixed Income,Global Aggregate Bond,Core,Global Aggregate Bond,LU,USD,51.18,USD,2006-08-01,20.0,Sampling,Distributing,0.54,London Stock Exchange,XLON,CE1490,GBP,2007-05-31,GB,Cedar Fund Data,2026-08-14,2026-08-14T06:30:00+00:00
IE1000001497,Cedar Global Aggregate Bond UCITS ETF,Cedar Capital,Cedar Capital,Fixed Income,Global Aggregate Bond,Core,Global Aggregate Bond,LU,USD,51.18,USD,2006-08-01,20.0,Sampling,Distributing,0.54,Euronext Paris,XPAR,CE1492,EUR,2006-12-17,FR,Cedar Fund Data,2026-08-14,2026-08-14T06:30:00+00:00
IE1000001505,Quarry European Equity Index ETF,Quarry Investments,Quarry Investments,Equity,European Equity,Core,Europe 600,IE,EUR,3136.55,EUR,2023-04-11,3.3,Synthetic,Accumulating,0.68,Euronext Paris,XPAR,QU1502,EUR,2024-03-06,FR,Quarry Product Feed,2026-08-14,2026-08-14T06:30:00+00:00
IE1000001513,Vela Defensive Allocation Enhanced ETF,Vela Asset Management,Vela Asset Management,Multi-Asset,Defensive Allocation,Allocation,Global 30/70,IE,GBP,1383.15,GBP,2017-02-08,9.5,Synthetic,Distributing,0.44,London Stock Exchange,XLON,VE1510,USD,2019-03-07,GB,Vela Fund Files,2026-08-14,2026-08-14T06:30:00+00:00
IE1000001513,Vela Defensive Allocation Enhanced ETF,Vela Asset Management,Vela Asset Management,Multi-Asset,Defensive Allocation,Allocation,Global 30/70,IE,GBP,1383.15,GBP,2017-02-08,9.5,Synthetic,Distributing,0.44,SIX Swiss Exchange,XSWX,VE1514,CHF,2017-10-04,CH,Vela Fund Files,2026-08-14,2026-08-14T06:30:00+00:00
IE1000001521,Atlas Technology Enhanced ETF,Atlas Index,Atlas Index,Equity,Technology,Thematic,Global Technology Leaders,LU,CHF,8884.58,CHF,2009-07-02,17.1,Synthetic,Accumulating,0.44,Euronext Paris,XPAR,AT1522,EUR,2011-05-28,FR,Atlas Data Feed,2026-08-14,2026-08-14T06:30:00+00:00
IE1000001521,Atlas Technology Enhanced ETF,Atlas Index,Atlas Index,Equity,Technology,Thematic,Global Technology Leaders,LU,CHF,8884.58,CHF,2009-07-02,17.1,Synthetic,Accumulating,0.44,Deutsche Börse Xetra,XETR,AT1521,EUR,2010-06-22,DE,Atlas Data Feed,2026-08-14,2026-08-14T06:30:00+00:00
IE1000001539,Northstar Global Aggregate Bond UCITS ETF,Northstar Asset Management,Northstar Asset Management,Fixed Income,Global Aggregate Bond,Core,Global Aggregate Bond,IE,EUR,4207.36,EUR,2009-03-06,17.4,Physical,Accumulating,0.07,Borsa Italiana,XMIL,NO1533,EUR,2011-03-16,IT,Northstar Public Data,2026-08-14,2026-08-14T06:30:00+00:00
IE1000001539,Northstar Global Aggregate Bond UCITS ETF,Northstar Asset Management,Northstar Asset Management,Fixed Income,Global Aggregate Bond,Core,Global Aggregate Bond,IE,EUR,4207.36,EUR,2009-03-06,17.4,Physical,Accumulating,0.07,Bolsa de Madrid,XMAD,NO1536,EUR,2010-09-18,ES,Northstar Public Data,2026-08-14,2026-08-14T06:30:00+00:00
IE1000001547,Helix Gold Screened UCITS ETF,Helix Funds,Helix Funds,Commodity,Gold,Single commodity,Physical Gold Reference,IE,USD,63.66,USD,2022-12-18,3.7,Synthetic,Accumulating,0.51,SIX Swiss Exchange,XSWX,HE1544,USD,2023-03-12,CH,Helix Market Files,2026-08-14,2026-08-14T06:30:00+00:00
IE1000001554,Meridian Emerging Markets Index ETF,Meridian ETFs,Meridian ETFs,Equity,Emerging Markets,Core,Emerging Markets Broad,LU,GBP,1077.27,GBP,2012-06-30,14.1,Physical,Distributing,0.47,London Stock Exchange,XLON,ME1550,USD,2013-01-05,GB,Meridian Data Service,2026-08-14,2026-08-14T06:30:00+00:00
IE1000001554,Meridian Emerging Markets Index ETF,Meridian ETFs,Meridian ETFs,Equity,Emerging Markets,Core,Emerging Markets Broad,LU,GBP,1077.27,GBP,2012-06-30,14.1,Physical,Distributing,0.47,Bolsa de Madrid,XMAD,ME1556,EUR,2014-07-14,ES,Meridian Data Service,2026-08-14,2026-08-14T06:30:00+00:00
IE1000001554,Meridian Emerging Markets Index ETF,Meridian ETFs,Meridian ETFs,Equity,Emerging Markets,Core,Emerging Markets Broad,LU,GBP,1077.27,GBP,2012-06-30,14.1,Physical,Distributing,0.47,SIX Swiss Exchange,XSWX,ME1554,USD,2014-10-01,CH,Meridian Data Service,2026-08-14,2026-08-14T06:30:00+00:00
IE1000001562,Aperture Technology Index ETF,Aperture Index,Aperture Index,Equity,Technology,Thematic,Global Technology Leaders,IE,EUR,12856.51,EUR,2017-03-07,9.4,Physical,Accumulating,0.21,Euronext Amsterdam,XAMS,AP1565,EUR,2019-02-20,NL,Aperture Public Feed,2026-08-14,2026-08-14T06:30:00+00:00
IE1000001562,Aperture Technology Index ETF,Aperture Index,Aperture Index,Equity,Technology,Thematic,Global Technology Leaders,IE,EUR,12856.51,EUR,2017-03-07,9.4,Physical,Accumulating,0.21,Euronext Paris,XPAR,AP1562,EUR,2017-07-31,FR,Aperture Public Feed,2026-08-14,2026-08-14T06:30:00+00:00
IE1000001570,Cedar Short Duration Enhanced ETF,Cedar Capital,Cedar Capital,Fixed Income,Short Duration,Defensive,EUR Corporate 1-3Y,LU,EUR,232.14,EUR,2021-05-09,5.3,Physical,Distributing,0.56,Euronext Amsterdam,XAMS,CE1575,EUR,2023-02-16,NL,Cedar Fund Data,2026-08-14,2026-08-14T06:30:00+00:00
IE1000001570,Cedar Short Duration Enhanced ETF,Cedar Capital,Cedar Capital,Fixed Income,Short Duration,Defensive,EUR Corporate 1-3Y,LU,EUR,232.14,EUR,2021-05-09,5.3,Physical,Distributing,0.56,Borsa Italiana,XMIL,CE1573,EUR,2022-04-07,IT,Cedar Fund Data,2026-08-14,2026-08-14T06:30:00+00:00
IE1000001588,Quarry Gold Screened UCITS ETF,Quarry Investments,Quarry Investments,Commodity,Gold,Single commodity,Physical Gold Reference,IE,CHF,452.69,CHF,2019-08-01,7.0,Physical,Accumulating,0.66,Borsa Italiana,XMIL,QU1583,EUR,2021-09-08,IT,Quarry Product Feed,2026-08-14,2026-08-14T06:30:00+00:00
IE1000001588,Quarry Gold Screened UCITS ETF,Quarry Investments,Quarry Investments,Commodity,Gold,Single commodity,Physical Gold Reference,IE,CHF,452.69,CHF,2019-08-01,7.0,Physical,Accumulating,0.66,Euronext Paris,XPAR,QU1582,EUR,2021-01-03,FR,Quarry Product Feed,2026-08-14,2026-08-14T06:30:00+00:00
IE1000001588,Quarry Gold Screened UCITS ETF,Quarry Investments,Quarry Investments,Commodity,Gold,Single commodity,Physical Gold Reference,IE,CHF,452.69,CHF,2019-08-01,7.0,Physical,Accumulating,0.66,Euronext Amsterdam,XAMS,QU1585,EUR,2020-11-19,NL,Quarry Product Feed,2026-08-14,2026-08-14T06:30:00+00:00
IE1000001588,Quarry Gold Screened UCITS ETF,Quarry Investments,Quarry Investments,Commodity,Gold,Single commodity,Physical Gold Reference,IE,CHF,452.69,CHF,2019-08-01,7.0,Physical,Accumulating,0.66,SIX Swiss Exchange,XSWX,QU1584,CHF,2020-04-13,CH,Quarry Product Feed,2026-08-14,2026-08-14T06:30:00+00:00
IE1000001596,Vela Balanced UCITS ETF,Vela Asset Management,Vela Asset Management,Multi-Asset,Balanced,Allocation,Global 60/40,LU,EUR,1890.7,EUR,2011-04-19,15.3,Physical,Accumulating,0.07,Euronext Paris,XPAR,VE1592,EUR,2013-06-06,FR,Vela Fund Files,2026-08-14,2026-08-14T06:30:00+00:00
IE1000001604,Atlas Emerging Markets Screened UCITS ETF,Atlas Index,Atlas Index,Equity,Emerging Markets,Core,Emerging Markets Broad,LU,EUR,69.18,EUR,2017-12-26,8.6,Synthetic,Distributing,0.16,Bolsa de Madrid,XMAD,AT1606,EUR,2018-07-07,ES,Atlas Data Feed,2026-08-14,2026-08-14T06:30:00+00:00
IE1000001612,Northstar Corporate Bond Enhanced ETF,Northstar Asset Management,Northstar Asset Management,Fixed Income,Corporate Bond,Income,Global Corporate Bond,IE,USD,5550.67,USD,2025-11-28,0.7,Sampling,Accumulating,0.24,Borsa Italiana,XMIL,NO1613,EUR,2027-09-29,IT,Northstar Public Data,2026-08-14,2026-08-14T06:30:00+00:00
IE1000001612,Northstar Corporate Bond Enhanced ETF,Northstar Asset Management,Northstar Asset Management,Fixed Income,Corporate Bond,Income,Global Corporate Bond,IE,USD,5550.67,USD,2025-11-28,0.7,Sampling,Accumulating,0.24,Euronext Paris,XPAR,NO1612,EUR,2026-04-14,FR,Northstar Public Data,2026-08-14,2026-08-14T06:30:00+00:00
IE1000001612,Northstar Corporate Bond Enhanced ETF,Northstar Asset Management,Northstar Asset Management,Fixed Income,Corporate Bond,Income,Global Corporate Bond,IE,USD,5550.67,USD,2025-11-28,0.7,Sampling,Accumulating,0.24,SIX Swiss Exchange,XSWX,NO1614,CHF,2028-05-15,CH,Northstar Public Data,2026-08-14,2026-08-14T06:30:00+00:00
IE1000001620,Helix Gold Index ETF,Helix Funds,Helix Funds,Commodity,Gold,Single commodity,Physical Gold Reference,LU,CHF,80.93,CHF,2008-07-27,18.0,Sampling,Accumulating,0.44,Euronext Amsterdam,XAMS,HE1625,EUR,2009-01-16,NL,Helix Market Files,2026-08-14,2026-08-14T06:30:00+00:00
IE1000001620,Helix Gold Index ETF,Helix Funds,Helix Funds,Commodity,Gold,Single commodity,Physical Gold Reference,LU,CHF,80.93,CHF,2008-07-27,18.0,Sampling,Accumulating,0.44,Deutsche Börse Xetra,XETR,HE1621,EUR,2009-05-31,DE,Helix Market Files,2026-08-14,2026-08-14T06:30:00+00:00
IE1000001638,Meridian Defensive Allocation Screened UCITS ETF,Meridian ETFs,Meridian ETFs,Multi-Asset,Defensive Allocation,Allocation,Global 30/70,LU,EUR,1169.14,EUR,2021-07-13,5.1,Physical,Distributing,0.6,Bolsa de Madrid,XMAD,ME1636,EUR,2022-08-18,ES,Meridian Data Service,2026-08-14,2026-08-14T06:30:00+00:00
IE1000001638,Meridian Defensive Allocation Screened UCITS ETF,Meridian ETFs,Meridian ETFs,Multi-Asset,Defensive Allocation,Allocation,Global 30/70,LU,EUR,1169.14,EUR,2021-07-13,5.1,Physical,Distributing,0.6,SIX Swiss Exchange,XSWX,ME1634,USD,2022-10-17,CH,Meridian Data Service,2026-08-14,2026-08-14T06:30:00+00:00
IE1000001646,Aperture European Equity Screened UCITS ETF,Aperture Index,Aperture Index,Equity,European Equity,Core,Europe 600,LU,EUR,2449.48,EUR,2020-12-12,5.7,Physical,Accumulating,0.08,Euronext Amsterdam,XAMS,AP1645,EUR,2022-05-01,NL,Aperture Public Feed,2026-08-14,2026-08-14T06:30:00+00:00
IE1000001653,Cedar European Equity Screened UCITS ETF,Cedar Capital,Cedar Capital,Equity,European Equity,Core,Europe 600,LU,USD,2339.42,USD,2024-02-10,2.5,Physical,Accumulating,0.48,Borsa Italiana,XMIL,CE1653,EUR,2025-06-07,IT,Cedar Fund Data,2026-08-14,2026-08-14T06:30:00+00:00
IE1000001653,Cedar European Equity Screened UCITS ETF,Cedar Capital,Cedar Capital,Equity,European Equity,Core,Europe 600,LU,USD,2339.42,USD,2024-02-10,2.5,Physical,Accumulating,0.48,Euronext Paris,XPAR,CE1652,EUR,2025-02-17,FR,Cedar Fund Data,2026-08-14,2026-08-14T06:30:00+00:00
IE1000001661,Quarry Gold Enhanced ETF,Quarry Investments,Quarry Investments,Commodity,Gold,Single commodity,Physical Gold Reference,LU,GBP,4852.98,GBP,2009-04-23,17.3,Synthetic,Accumulating,0.47,London Stock Exchange,XLON,QU1660,GBP,2009-10-19,GB,Quarry Product Feed,2026-08-14,2026-08-14T06:30:00+00:00
IE1000001679,Vela Defensive Allocation UCITS ETF,Vela Asset Management,Vela Asset Management,Multi-Asset,Defensive Allocation,Allocation,Global 30/70,IE,USD,2917.14,USD,2025-03-28,1.4,Physical,Distributing,0.71,Euronext Paris,XPAR,VE1672,EUR,2027-08-06,FR,Vela Fund Files,2026-08-14,2026-08-14T06:30:00+00:00
IE1000001679,Vela Defensive Allocation UCITS ETF,Vela Asset Management,Vela Asset Management,Multi-Asset,Defensive Allocation,Allocation,Global 30/70,IE,USD,2917.14,USD,2025-03-28,1.4,Physical,Distributing,0.71,Bolsa de Madrid,XMAD,VE1676,EUR,2026-10-01,ES,Vela Fund Files,2026-08-14,2026-08-14T06:30:00+00:00
IE1000001679,Vela Defensive Allocation UCITS ETF,Vela Asset Management,Vela Asset Management,Multi-Asset,Defensive Allocation,Allocation,Global 30/70,IE,USD,2917.14,USD,2025-03-28,1.4,Physical,Distributing,0.71,SIX Swiss Exchange,XSWX,VE1674,USD,2025-10-18,CH,Vela Fund Files,2026-08-14,2026-08-14T06:30:00+00:00
IE1000001687,Atlas Climate Transition Enhanced ETF,Atlas Index,Atlas Index,Equity,Climate Transition,ESG,Global Climate Transition,LU,EUR,28.87,EUR,2017-09-05,8.9,Sampling,Accumulating,0.54,Deutsche Börse Xetra,XETR,AT1681,EUR,2017-10-19,DE,Atlas Data Feed,2026-08-14,2026-08-14T06:30:00+00:00
IE1000001687,Atlas Climate Transition Enhanced ETF,Atlas Index,Atlas Index,Equity,Climate Transition,ESG,Global Climate Transition,LU,EUR,28.87,EUR,2017-09-05,8.9,Sampling,Accumulating,0.54,Euronext Paris,XPAR,AT1682,EUR,2018-06-19,FR,Atlas Data Feed,2026-08-14,2026-08-14T06:30:00+00:00
IE1000001687,Atlas Climate Transition Enhanced ETF,Atlas Index,Atlas Index,Equity,Climate Transition,ESG,Global Climate Transition,LU,EUR,28.87,EUR,2017-09-05,8.9,Sampling,Accumulating,0.54,Borsa Italiana,XMIL,AT1683,EUR,2018-01-05,IT,Atlas Data Feed,2026-08-14,2026-08-14T06:30:00+00:00
IE1000001687,Atlas Climate Transition Enhanced ETF,Atlas Index,Atlas Index,Equity,Climate Transition,ESG,Global Climate Transition,LU,EUR,28.87,EUR,2017-09-05,8.9,Sampling,Accumulating,0.54,Bolsa de Madrid,XMAD,AT1686,EUR,2018-04-20,ES,Atlas Data Feed,2026-08-14,2026-08-14T06:30:00+00:00
IE1000001695,Northstar Global Aggregate Bond Index ETF,Northstar Asset Management,Northstar Asset Management,Fixed Income,Global Aggregate Bond,Core,Global Aggregate Bond,IE,EUR,266.74,EUR,2015-05-25,11.2,Physical,Accumulating,0.62,Bolsa de Madrid,XMAD,NO1696,EUR,2016-05-31,ES,Northstar Public Data,2026-08-14,2026-08-14T06:30:00+00:00
IE1000001695,Northstar Global Aggregate Bond Index ETF,Northstar Asset Management,Northstar Asset Management,Fixed Income,Global Aggregate Bond,Core,Global Aggregate Bond,IE,EUR,266.74,EUR,2015-05-25,11.2,Physical,Accumulating,0.62,London Stock Exchange,XLON,NO1690,USD,2017-02-06,GB,Northstar Public Data,2026-08-14,2026-08-14T06:30:00+00:00
IE1000001695,Northstar Global Aggregate Bond Index ETF,Northstar Asset Management,Northstar Asset Management,Fixed Income,Global Aggregate Bond,Core,Global Aggregate Bond,IE,EUR,266.74,EUR,2015-05-25,11.2,Physical,Accumulating,0.62,SIX Swiss Exchange,XSWX,NO1694,USD,2016-01-27,CH,Northstar Public Data,2026-08-14,2026-08-14T06:30:00+00:00
IE1000001703,Helix Emerging Markets UCITS ETF,Helix Funds,Helix Funds,Equity,Emerging Markets,Core,Emerging Markets Broad,IE,EUR,9035.07,EUR,2016-08-08,10.0,Physical,Accumulating,0.38,Deutsche Börse Xetra,XETR,HE1701,EUR,2019-01-25,DE,Helix Market Files,2026-08-14,2026-08-14T06:30:00+00:00
IE1000001703,Helix Emerging Markets UCITS ETF,Helix Funds,Helix Funds,Equity,Emerging Markets,Core,Emerging Markets Broad,IE,EUR,9035.07,EUR,2016-08-08,10.0,Physical,Accumulating,0.38,SIX Swiss Exchange,XSWX,HE1704,CHF,2018-08-11,CH,Helix Market Files,2026-08-14,2026-08-14T06:30:00+00:00
IE1000001711,Meridian Defensive Allocation UCITS ETF,Meridian ETFs,Meridian ETFs,Multi-Asset,Defensive Allocation,Allocation,Global 30/70,LU,USD,1150.34,USD,2021-09-16,4.9,Sampling,Distributing,0.47,Deutsche Börse Xetra,XETR,ME1711,EUR,2023-07-11,DE,Meridian Data Service,2026-08-14,2026-08-14T06:30:00+00:00
IE1000001711,Meridian Defensive Allocation UCITS ETF,Meridian ETFs,Meridian ETFs,Multi-Asset,Defensive Allocation,Allocation,Global 30/70,LU,USD,1150.34,USD,2021-09-16,4.9,Sampling,Distributing,0.47,London Stock Exchange,XLON,ME1710,USD,2023-09-12,GB,Meridian Data Service,2026-08-14,2026-08-14T06:30:00+00:00
IE1000001729,Aperture Technology UCITS ETF,Aperture Index,Aperture Index,Equity,Technology,Thematic,Global Technology Leaders,LU,EUR,130.79,EUR,2021-05-12,5.3,Physical,Distributing,0.72,Euronext Amsterdam,XAMS,AP1725,EUR,2023-01-01,NL,Aperture Public Feed,2026-08-14,2026-08-14T06:30:00+00:00
IE1000001737,Cedar Short Duration Screened UCITS ETF,Cedar Capital,Cedar Capital,Fixed Income,Short Duration,Defensive,EUR Corporate 1-3Y,IE,CHF,484.2,CHF,2014-11-23,11.7,Synthetic,Accumulating,0.21,Euronext Paris,XPAR,CE1732,EUR,2017-03-15,FR,Cedar Fund Data,2026-08-14,2026-08-14T06:30:00+00:00
IE1000001737,Cedar Short Duration Screened UCITS ETF,Cedar Capital,Cedar Capital,Fixed Income,Short Duration,Defensive,EUR Corporate 1-3Y,IE,CHF,484.2,CHF,2014-11-23,11.7,Synthetic,Accumulating,0.21,Deutsche Börse Xetra,XETR,CE1731,EUR,2016-02-13,DE,Cedar Fund Data,2026-08-14,2026-08-14T06:30:00+00:00
IE1000001745,Quarry Gold Enhanced ETF,Quarry Investments,Quarry Investments,Commodity,Gold,Single commodity,Physical Gold Reference,LU,USD,34.81,USD,2025-06-24,1.1,Physical,Accumulating,0.47,SIX Swiss Exchange,XSWX,QU1744,CHF,2027-11-24,CH,Quarry Product Feed,2026-08-14,2026-08-14T06:30:00+00:00
IE1000001745,Quarry Gold Enhanced ETF,Quarry Investments,Quarry Investments,Commodity,Gold,Single commodity,Physical Gold Reference,LU,USD,34.81,USD,2025-06-24,1.1,Physical,Accumulating,0.47,Euronext Paris,XPAR,QU1742,EUR,2027-07-23,FR,Quarry Product Feed,2026-08-14,2026-08-14T06:30:00+00:00
IE1000001752,Vela European Equity UCITS ETF,Vela Asset Management,Vela Asset Management,Equity,European Equity,Core,Europe 600,IE,GBP,80.53,GBP,2012-01-23,14.6,Physical,Distributing,0.41,Euronext Paris,XPAR,VE1752,EUR,2013-03-03,FR,Vela Fund Files,2026-08-14,2026-08-14T06:30:00+00:00
IE1000001760,Atlas Global Large Cap Index ETF,Atlas Index,Atlas Index,Equity,Global Large Cap,Core,Global Developed 1000,IE,EUR,1308.43,EUR,2021-05-25,5.2,Physical,Accumulating,0.54,Borsa Italiana,XMIL,AT1763,EUR,2021-12-19,IT,Atlas Data Feed,2026-08-14,2026-08-14T06:30:00+00:00
IE1000001760,Atlas Global Large Cap Index ETF,Atlas Index,Atlas Index,Equity,Global Large Cap,Core,Global Developed 1000,IE,EUR,1308.43,EUR,2021-05-25,5.2,Physical,Accumulating,0.54,London Stock Exchange,XLON,AT1760,GBP,2023-11-03,GB,Atlas Data Feed,2026-08-14,2026-08-14T06:30:00+00:00
IE1000001778,Northstar Short Duration Enhanced ETF,Northstar Asset Management,Northstar Asset Management,Fixed Income,Short Duration,Defensive,EUR Corporate 1-3Y,IE,USD,365.59,USD,2020-09-03,5.9,Sampling,Accumulating,0.72,London Stock Exchange,XLON,NO1770,USD,2020-10-04,GB,Northstar Public Data,2026-08-14,2026-08-14T06:30:00+00:00
IE1000001778,Northstar Short Duration Enhanced ETF,Northstar Asset Management,Northstar Asset Management,Fixed Income,Short Duration,Defensive,EUR Corporate 1-3Y,IE,USD,365.59,USD,2020-09-03,5.9,Sampling,Accumulating,0.72,Borsa Italiana,XMIL,NO1773,EUR,2020-12-22,IT,Northstar Public Data,2026-08-14,2026-08-14T06:30:00+00:00
IE1000001778,Northstar Short Duration Enhanced ETF,Northstar Asset Management,Northstar Asset Management,Fixed Income,Short Duration,Defensive,EUR Corporate 1-3Y,IE,USD,365.59,USD,2020-09-03,5.9,Sampling,Accumulating,0.72,Deutsche Börse Xetra,XETR,NO1771,EUR,2022-12-22,DE,Northstar Public Data,2026-08-14,2026-08-14T06:30:00+00:00
IE1000001786,Helix Broad Commodities Enhanced ETF,Helix Funds,Helix Funds,Commodity,Broad Commodities,Broad,Diversified Commodity,LU,USD,2811.68,USD,2006-08-18,20.0,Physical,Distributing,0.22,London Stock Exchange,XLON,HE1780,USD,2008-07-27,GB,Helix Market Files,2026-08-14,2026-08-14T06:30:00+00:00
IE1000001786,Helix Broad Commodities Enhanced ETF,Helix Funds,Helix Funds,Commodity,Broad Commodities,Broad,Diversified Commodity,LU,USD,2811.68,USD,2006-08-18,20.0,Physical,Distributing,0.22,Euronext Paris,XPAR,HE1782,EUR,2006-10-09,FR,Helix Market Files,2026-08-14,2026-08-14T06:30:00+00:00
IE1000001794,Meridian Defensive Allocation Index ETF,Meridian ETFs,Meridian ETFs,Multi-Asset,Defensive Allocation,Allocation,Global 30/70,LU,USD,71.02,USD,2024-12-30,1.6,Physical,Distributing,0.11,Deutsche Börse Xetra,XETR,ME1791,EUR,2026-09-12,DE,Meridian Data Service,2026-08-14,2026-08-14T06:30:00+00:00
IE1000001794,Meridian Defensive Allocation Index ETF,Meridian ETFs,Meridian ETFs,Multi-Asset,Defensive Allocation,Allocation,Global 30/70,LU,USD,71.02,USD,2024-12-30,1.6,Physical,Distributing,0.11,SIX Swiss Exchange,XSWX,ME1794,CHF,2027-01-01,CH,Meridian Data Service,2026-08-14,2026-08-14T06:30:00+00:00
IE1000001794,Meridian Defensive Allocation Index ETF,Meridian ETFs,Meridian ETFs,Multi-Asset,Defensive Allocation,Allocation,Global 30/70,LU,USD,71.02,USD,2024-12-30,1.6,Physical,Distributing,0.11,London Stock Exchange,XLON,ME1790,GBP,2025-08-13,GB,Meridian Data Service,2026-08-14,2026-08-14T06:30:00+00:00
IE1000001802,Aperture Technology Index ETF,Aperture Index,Aperture Index,Equity,Technology,Thematic,Global Technology Leaders,LU,EUR,4859.59,EUR,2007-04-06,19.4,Physical,Accumulating,0.48,SIX Swiss Exchange,XSWX,AP1804,USD,2008-01-20,CH,Aperture Public Feed,2026-08-14,2026-08-14T06:30:00+00:00
IE1000001802,Aperture Technology Index ETF,Aperture Index,Aperture Index,Equity,Technology,Thematic,Global Technology Leaders,LU,EUR,4859.59,EUR,2007-04-06,19.4,Physical,Accumulating,0.48,Euronext Paris,XPAR,AP1802,EUR,2008-05-21,FR,Aperture Public Feed,2026-08-14,2026-08-14T06:30:00+00:00
IE1000001810,Cedar Euro Government Bond UCITS ETF,Cedar Capital,Cedar Capital,Fixed Income,Euro Government Bond,Duration,Euro Sovereign 7-10Y,IE,CHF,9015.14,CHF,2018-07-05,8.1,Physical,Distributing,0.37,London Stock Exchange,XLON,CE1810,USD,2020-04-04,GB,Cedar Fund Data,2026-08-14,2026-08-14T06:30:00+00:00
IE1000001810,Cedar Euro Government Bond UCITS ETF,Cedar Capital,Cedar Capital,Fixed Income,Euro Government Bond,Duration,Euro Sovereign 7-10Y,IE,CHF,9015.14,CHF,2018-07-05,8.1,Physical,Distributing,0.37,Deutsche Börse Xetra,XETR,CE1811,EUR,2020-12-15,DE,Cedar Fund Data,2026-08-14,2026-08-14T06:30:00+00:00
IE1000001828,Quarry Broad Commodities Index ETF,Quarry Investments,Quarry Investments,Commodity,Broad Commodities,Broad,Diversified Commodity,LU,EUR,1683.91,EUR,2011-11-13,14.8,Physical,Distributing,0.46,Borsa Italiana,XMIL,QU1823,EUR,2013-01-19,IT,Quarry Product Feed,2026-08-14,2026-08-14T06:30:00+00:00
IE1000001836,Vela Balanced Enhanced ETF,Vela Asset Management,Vela Asset Management,Multi-Asset,Balanced,Allocation,Global 60/40,LU,USD,127.99,USD,2024-01-23,2.6,Synthetic,Accumulating,0.2,SIX Swiss Exchange,XSWX,VE1834,CHF,2024-04-17,CH,Vela Fund Files,2026-08-14,2026-08-14T06:30:00+00:00
IE1000001836,Vela Balanced Enhanced ETF,Vela Asset Management,Vela Asset Management,Multi-Asset,Balanced,Allocation,Global 60/40,LU,USD,127.99,USD,2024-01-23,2.6,Synthetic,Accumulating,0.2,Bolsa de Madrid,XMAD,VE1836,EUR,2024-08-28,ES,Vela Fund Files,2026-08-14,2026-08-14T06:30:00+00:00
IE1000001844,Atlas Global Large Cap Enhanced ETF,Atlas Index,Atlas Index,Equity,Global Large Cap,Core,Global Developed 1000,LU,EUR,2454.4,EUR,2007-12-09,18.7,Physical,Accumulating,0.51,London Stock Exchange,XLON,AT1840,GBP,2008-10-14,GB,Atlas Data Feed,2026-08-14,2026-08-14T06:30:00+00:00
IE1000001844,Atlas Global Large Cap Enhanced ETF,Atlas Index,Atlas Index,Equity,Global Large Cap,Core,Global Developed 1000,LU,EUR,2454.4,EUR,2007-12-09,18.7,Physical,Accumulating,0.51,Euronext Amsterdam,XAMS,AT1845,EUR,2009-01-03,NL,Atlas Data Feed,2026-08-14,2026-08-14T06:30:00+00:00
IE1000001851,Northstar Emerging Markets Screened UCITS ETF,Northstar Asset Management,Northstar Asset Management,Equity,Emerging Markets,Core,Emerging Markets Broad,LU,EUR,302.04,EUR,2016-12-04,9.7,Physical,Accumulating,0.45,Borsa Italiana,XMIL,NO1853,EUR,2018-02-02,IT,Northstar Public Data,2026-08-14,2026-08-14T06:30:00+00:00
IE1000001851,Northstar Emerging Markets Screened UCITS ETF,Northstar Asset Management,Northstar Asset Management,Equity,Emerging Markets,Core,Emerging Markets Broad,LU,EUR,302.04,EUR,2016-12-04,9.7,Physical,Accumulating,0.45,Euronext Amsterdam,XAMS,NO1855,EUR,2018-11-28,NL,Northstar Public Data,2026-08-14,2026-08-14T06:30:00+00:00
IE1000001851,Northstar Emerging Markets Screened UCITS ETF,Northstar Asset Management,Northstar Asset Management,Equity,Emerging Markets,Core,Emerging Markets Broad,LU,EUR,302.04,EUR,2016-12-04,9.7,Physical,Accumulating,0.45,Euronext Paris,XPAR,NO1852,EUR,2017-04-28,FR,Northstar Public Data,2026-08-14,2026-08-14T06:30:00+00:00
IE1000001869,Helix Gold Enhanced ETF,Helix Funds,Helix Funds,Commodity,Gold,Single commodity,Physical Gold Reference,LU,USD,2473.3,USD,2016-01-14,10.6,Physical,Accumulating,0.61,Euronext Amsterdam,XAMS,HE1865,EUR,2018-02-01,NL,Helix Market Files,2026-08-14,2026-08-14T06:30:00+00:00
IE1000001869,Helix Gold Enhanced ETF,Helix Funds,Helix Funds,Commodity,Gold,Single commodity,Physical Gold Reference,LU,USD,2473.3,USD,2016-01-14,10.6,Physical,Accumulating,0.61,Bolsa de Madrid,XMAD,HE1866,EUR,2016-09-26,ES,Helix Market Files,2026-08-14,2026-08-14T06:30:00+00:00
IE1000001869,Helix Gold Enhanced ETF,Helix Funds,Helix Funds,Commodity,Gold,Single commodity,Physical Gold Reference,LU,USD,2473.3,USD,2016-01-14,10.6,Physical,Accumulating,0.61,Euronext Paris,XPAR,HE1862,EUR,2018-06-04,FR,Helix Market Files,2026-08-14,2026-08-14T06:30:00+00:00
IE1000001869,Helix Gold Enhanced ETF,Helix Funds,Helix Funds,Commodity,Gold,Single commodity,Physical Gold Reference,LU,USD,2473.3,USD,2016-01-14,10.6,Physical,Accumulating,0.61,Borsa Italiana,XMIL,HE1863,EUR,2016-08-09,IT,Helix Market Files,2026-08-14,2026-08-14T06:30:00+00:00
IE1000001877,Meridian Balanced UCITS ETF,Meridian ETFs,Meridian ETFs,Multi-Asset,Balanced,Allocation,Global 60/40,LU,USD,121.11,USD,2021-07-18,5.1,Physical,Accumulating,0.5,Bolsa de Madrid,XMAD,ME1876,EUR,2023-12-23,ES,Meridian Data Service,2026-08-14,2026-08-14T06:30:00+00:00
IE1000001885,Aperture US Equity Enhanced ETF,Aperture Index,Aperture Index,Equity,US Equity,Core,US Large Cap 500,LU,GBP,305.37,GBP,2018-12-13,7.7,Physical,Distributing,0.66,Euronext Amsterdam,XAMS,AP1885,EUR,2019-05-26,NL,Aperture Public Feed,2026-08-14,2026-08-14T06:30:00+00:00
IE1000001885,Aperture US Equity Enhanced ETF,Aperture Index,Aperture Index,Equity,US Equity,Core,US Large Cap 500,LU,GBP,305.37,GBP,2018-12-13,7.7,Physical,Distributing,0.66,Bolsa de Madrid,XMAD,AP1886,EUR,2019-10-29,ES,Aperture Public Feed,2026-08-14,2026-08-14T06:30:00+00:00
IE1000001893,Cedar Corporate Bond Enhanced ETF,Cedar Capital,Cedar Capital,Fixed Income,Corporate Bond,Income,Global Corporate Bond,LU,USD,82.98,USD,2010-01-12,16.6,Sampling,Distributing,0.42,Euronext Paris,XPAR,CE1892,EUR,2010-02-04,FR,Cedar Fund Data,2026-08-14,2026-08-14T06:30:00+00:00
IE1000001901,Quarry Technology Screened UCITS ETF,Quarry Investments,Quarry Investments,Equity,Technology,Thematic,Global Technology Leaders,IE,USD,1360.53,USD,2017-03-14,9.4,Physical,Accumulating,0.7,Bolsa de Madrid,XMAD,QU1906,EUR,2018-08-06,ES,Quarry Product Feed,2026-08-14,2026-08-14T06:30:00+00:00
IE1000001919,Vela Defensive Allocation Index ETF,Vela Asset Management,Vela Asset Management,Multi-Asset,Defensive Allocation,Allocation,Global 30/70,IE,USD,138.41,USD,2014-01-27,12.5,Physical,Accumulating,0.3,SIX Swiss Exchange,XSWX,VE1914,USD,2014-08-22,CH,Vela Fund Files,2026-08-14,2026-08-14T06:30:00+00:00
IE1000001919,Vela Defensive Allocation Index ETF,Vela Asset Management,Vela Asset Management,Multi-Asset,Defensive Allocation,Allocation,Global 30/70,IE,USD,138.41,USD,2014-01-27,12.5,Physical,Accumulating,0.3,Bolsa de Madrid,XMAD,VE1916,EUR,2014-12-31,ES,Vela Fund Files,2026-08-14,2026-08-14T06:30:00+00:00
IE1000001927,Atlas US Equity Index ETF,Atlas Index,Atlas Index,Equity,US Equity,Core,US Large Cap 500,IE,EUR,1912.32,EUR,2011-03-17,15.4,Physical,Distributing,0.32,London Stock Exchange,XLON,AT1920,USD,2013-02-10,GB,Atlas Data Feed,2026-08-14,2026-08-14T06:30:00+00:00
IE1000001927,Atlas US Equity Index ETF,Atlas Index,Atlas Index,Equity,US Equity,Core,US Large Cap 500,IE,EUR,1912.32,EUR,2011-03-17,15.4,Physical,Distributing,0.32,SIX Swiss Exchange,XSWX,AT1924,CHF,2013-02-11,CH,Atlas Data Feed,2026-08-14,2026-08-14T06:30:00+00:00
IE1000001935,Northstar Short Duration Index ETF,Northstar Asset Management,Northstar Asset Management,Fixed Income,Short Duration,Defensive,EUR Corporate 1-3Y,IE,EUR,57.7,EUR,2016-02-04,10.5,Synthetic,Distributing,0.72,Borsa Italiana,XMIL,NO1933,EUR,2018-02-06,IT,Northstar Public Data,2026-08-14,2026-08-14T06:30:00+00:00
IE1000001943,Helix Gold Enhanced ETF,Helix Funds,Helix Funds,Commodity,Gold,Single commodity,Physical Gold Reference,LU,EUR,14791.98,EUR,2006-09-27,19.9,Physical,Accumulating,0.59,Deutsche Börse Xetra,XETR,HE1941,EUR,2007-01-22,DE,Helix Market Files,2026-08-14,2026-08-14T06:30:00+00:00
IE1000001943,Helix Gold Enhanced ETF,Helix Funds,Helix Funds,Commodity,Gold,Single commodity,Physical Gold Reference,LU,EUR,14791.98,EUR,2006-09-27,19.9,Physical,Accumulating,0.59,Euronext Amsterdam,XAMS,HE1945,EUR,2007-11-04,NL,Helix Market Files,2026-08-14,2026-08-14T06:30:00+00:00
IE1000001950,Meridian European Equity Enhanced ETF,Meridian ETFs,Meridian ETFs,Equity,European Equity,Core,Europe 600,LU,USD,3176.57,USD,2013-08-16,13.0,Physical,Accumulating,0.11,Euronext Paris,XPAR,ME1952,EUR,2014-01-12,FR,Meridian Data Service,2026-08-14,2026-08-14T06:30:00+00:00
IE1000001950,Meridian European Equity Enhanced ETF,Meridian ETFs,Meridian ETFs,Equity,European Equity,Core,Europe 600,LU,USD,3176.57,USD,2013-08-16,13.0,Physical,Accumulating,0.11,London Stock Exchange,XLON,ME1950,USD,2014-11-22,GB,Meridian Data Service,2026-08-14,2026-08-14T06:30:00+00:00
IE1000001950,Meridian European Equity Enhanced ETF,Meridian ETFs,Meridian ETFs,Equity,European Equity,Core,Europe 600,LU,USD,3176.57,USD,2013-08-16,13.0,Physical,Accumulating,0.11,Deutsche Börse Xetra,XETR,ME1951,EUR,2015-08-20,DE,Meridian Data Service,2026-08-14,2026-08-14T06:30:00+00:00
IE1000001968,Aperture US Equity Index ETF,Aperture Index,Aperture Index,Equity,US Equity,Core,US Large Cap 500,LU,USD,94.85,USD,2011-11-28,14.7,Physical,Accumulating,0.55,Deutsche Börse Xetra,XETR,AP1961,EUR,2013-04-28,DE,Aperture Public Feed,2026-08-14,2026-08-14T06:30:00+00:00
IE1000001968,Aperture US Equity Index ETF,Aperture Index,Aperture Index,Equity,US Equity,Core,US Large Cap 500,LU,USD,94.85,USD,2011-11-28,14.7,Physical,Accumulating,0.55,Borsa Italiana,XMIL,AP1963,EUR,2013-11-11,IT,Aperture Public Feed,2026-08-14,2026-08-14T06:30:00+00:00
IE1000001976,Cedar Euro Government Bond Screened UCITS ETF,Cedar Capital,Cedar Capital,Fixed Income,Euro Government Bond,Duration,Euro Sovereign 7-10Y,IE,EUR,2928.9,EUR,2011-03-09,15.4,Sampling,Accumulating,0.24,Borsa Italiana,XMIL,CE1973,EUR,2013-04-14,IT,Cedar Fund Data,2026-08-14,2026-08-14T06:30:00+00:00
IE1000001976,Cedar Euro Government Bond Screened UCITS ETF,Cedar Capital,Cedar Capital,Fixed Income,Euro Government Bond,Duration,Euro Sovereign 7-10Y,IE,EUR,2928.9,EUR,2011-03-09,15.4,Sampling,Accumulating,0.24,Deutsche Börse Xetra,XETR,CE1971,EUR,2011-10-19,DE,Cedar Fund Data,2026-08-14,2026-08-14T06:30:00+00:00
IE1000001984,Quarry Gold Screened UCITS ETF,Quarry Investments,Quarry Investments,Commodity,Gold,Single commodity,Physical Gold Reference,IE,EUR,211.3,EUR,2016-01-30,10.5,Physical,Accumulating,0.14,Borsa Italiana,XMIL,QU1983,EUR,2018-01-01,IT,Quarry Product Feed,2026-08-14,2026-08-14T06:30:00+00:00
IE1000001984,Quarry Gold Screened UCITS ETF,Quarry Investments,Quarry Investments,Commodity,Gold,Single commodity,Physical Gold Reference,IE,EUR,211.3,EUR,2016-01-30,10.5,Physical,Accumulating,0.14,London Stock Exchange,XLON,QU1980,USD,2017-04-22,GB,Quarry Product Feed,2026-08-14,2026-08-14T06:30:00+00:00
IE1000001984,Quarry Gold Screened UCITS ETF,Quarry Investments,Quarry Investments,Commodity,Gold,Single commodity,Physical Gold Reference,IE,EUR,211.3,EUR,2016-01-30,10.5,Physical,Accumulating,0.14,SIX Swiss Exchange,XSWX,QU1984,USD,2016-08-06,CH,Quarry Product Feed,2026-08-14,2026-08-14T06:30:00+00:00
IE1000001992,Vela Defensive Allocation Enhanced ETF,Vela Asset Management,Vela Asset Management,Multi-Asset,Defensive Allocation,Allocation,Global 30/70,IE,EUR,98.46,EUR,2023-12-13,2.7,Sampling,Distributing,0.66,Euronext Paris,XPAR,VE1992,EUR,2024-09-29,FR,Vela Fund Files,2026-08-14,2026-08-14T06:30:00+00:00
IE1000001992,Vela Defensive Allocation Enhanced ETF,Vela Asset Management,Vela Asset Management,Multi-Asset,Defensive Allocation,Allocation,Global 30/70,IE,EUR,98.46,EUR,2023-12-13,2.7,Sampling,Distributing,0.66,Euronext Amsterdam,XAMS,VE1995,EUR,2025-08-13,NL,Vela Fund Files,2026-08-14,2026-08-14T06:30:00+00:00
IE1000002008,Atlas Climate Transition Screened UCITS ETF,Atlas Index,Atlas Index,Equity,Climate Transition,ESG,Global Climate Transition,LU,USD,2481.95,USD,2023-06-03,3.2,Physical,Accumulating,0.5,Bolsa de Madrid,XMAD,AT2006,EUR,2024-06-18,ES,Atlas Data Feed,2026-08-14,2026-08-14T06:30:00+00:00
IE1000002008,Atlas Climate Transition Screened UCITS ETF,Atlas Index,Atlas Index,Equity,Climate Transition,ESG,Global Climate Transition,LU,USD,2481.95,USD,2023-06-03,3.2,Physical,Accumulating,0.5,Deutsche Börse Xetra,XETR,AT2001,EUR,2024-06-10,DE,Atlas Data Feed,2026-08-14,2026-08-14T06:30:00+00:00
IE1000002016,Northstar Corporate Bond Index ETF,Northstar Asset Management,Northstar Asset Management,Fixed Income,Corporate Bond,Income,Global Corporate Bond,IE,EUR,399.76,EUR,2011-03-05,15.4,Physical,Accumulating,0.15,Deutsche Börse Xetra,XETR,NO2011,EUR,2011-06-14,DE,Northstar Public Data,2026-08-14,2026-08-14T06:30:00+00:00
IE1000002016,Northstar Corporate Bond Index ETF,Northstar Asset Management,Northstar Asset Management,Fixed Income,Corporate Bond,Income,Global Corporate Bond,IE,EUR,399.76,EUR,2011-03-05,15.4,Physical,Accumulating,0.15,Euronext Paris,XPAR,NO2012,EUR,2011-10-16,FR,Northstar Public Data,2026-08-14,2026-08-14T06:30:00+00:00
IE1000002024,Helix Gold Screened UCITS ETF,Helix Funds,Helix Funds,Commodity,Gold,Single commodity,Physical Gold Reference,IE,EUR,2996.0,EUR,2014-05-15,12.2,Physical,Distributing,0.39,Deutsche Börse Xetra,XETR,HE2021,EUR,2016-04-23,DE,Helix Market Files,2026-08-14,2026-08-14T06:30:00+00:00
IE1000002024,Helix Gold Screened UCITS ETF,Helix Funds,Helix Funds,Commodity,Gold,Single commodity,Physical Gold Reference,IE,EUR,2996.0,EUR,2014-05-15,12.2,Physical,Distributing,0.39,Borsa Italiana,XMIL,HE2023,EUR,2015-06-14,IT,Helix Market Files,2026-08-14,2026-08-14T06:30:00+00:00
IE1000002024,Helix Gold Screened UCITS ETF,Helix Funds,Helix Funds,Commodity,Gold,Single commodity,Physical Gold Reference,IE,EUR,2996.0,EUR,2014-05-15,12.2,Physical,Distributing,0.39,Bolsa de Madrid,XMAD,HE2026,EUR,2015-04-17,ES,Helix Market Files,2026-08-14,2026-08-14T06:30:00+00:00
IE1000002032,Meridian Balanced Index ETF,Meridian ETFs,Meridian ETFs,Multi-Asset,Balanced,Allocation,Global 60/40,IE,GBP,306.49,GBP,2014-10-02,11.9,Sampling,Accumulating,0.37,Bolsa de Madrid,XMAD,ME2036,EUR,2017-01-06,ES,Meridian Data Service,2026-08-14,2026-08-14T06:30:00+00:00
IE1000002032,Meridian Balanced Index ETF,Meridian ETFs,Meridian ETFs,Multi-Asset,Balanced,Allocation,Global 60/40,IE,GBP,306.49,GBP,2014-10-02,11.9,Sampling,Accumulating,0.37,Deutsche Börse Xetra,XETR,ME2031,EUR,2015-08-03,DE,Meridian Data Service,2026-08-14,2026-08-14T06:30:00+00:00
IE1000002032,Meridian Balanced Index ETF,Meridian ETFs,Meridian ETFs,Multi-Asset,Balanced,Allocation,Global 60/40,IE,GBP,306.49,GBP,2014-10-02,11.9,Sampling,Accumulating,0.37,Borsa Italiana,XMIL,ME2033,EUR,2015-04-04,IT,Meridian Data Service,2026-08-14,2026-08-14T06:30:00+00:00
IE1000002040,Aperture Global Large Cap Index ETF,Aperture Index,Aperture Index,Equity,Global Large Cap,Core,Global Developed 1000,LU,EUR,147.05,EUR,2008-07-29,18.0,Synthetic,Distributing,0.34,Euronext Amsterdam,XAMS,AP2045,EUR,2010-09-19,NL,Aperture Public Feed,2026-08-14,2026-08-14T06:30:00+00:00
IE1000002040,Aperture Global Large Cap Index ETF,Aperture Index,Aperture Index,Equity,Global Large Cap,Core,Global Developed 1000,LU,EUR,147.05,EUR,2008-07-29,18.0,Synthetic,Distributing,0.34,London Stock Exchange,XLON,AP2040,USD,2009-10-08,GB,Aperture Public Feed,2026-08-14,2026-08-14T06:30:00+00:00
IE1000002040,Aperture Global Large Cap Index ETF,Aperture Index,Aperture Index,Equity,Global Large Cap,Core,Global Developed 1000,LU,EUR,147.05,EUR,2008-07-29,18.0,Synthetic,Distributing,0.34,Borsa Italiana,XMIL,AP2043,EUR,2010-04-04,IT,Aperture Public Feed,2026-08-14,2026-08-14T06:30:00+00:00
IE1000002057,Cedar Emerging Markets Screened UCITS ETF,Cedar Capital,Cedar Capital,Equity,Emerging Markets,Core,Emerging Markets Broad,IE,EUR,32.29,EUR,2012-10-19,13.8,Sampling,Distributing,0.74,Euronext Paris,XPAR,CE2052,EUR,2013-03-20,FR,Cedar Fund Data,2026-08-14,2026-08-14T06:30:00+00:00
IE1000002057,Cedar Emerging Markets Screened UCITS ETF,Cedar Capital,Cedar Capital,Equity,Emerging Markets,Core,Emerging Markets Broad,IE,EUR,32.29,EUR,2012-10-19,13.8,Sampling,Distributing,0.74,London Stock Exchange,XLON,CE2050,GBP,2013-05-01,GB,Cedar Fund Data,2026-08-14,2026-08-14T06:30:00+00:00
IE1000002065,Quarry Gold UCITS ETF,Quarry Investments,Quarry Investments,Commodity,Gold,Single commodity,Physical Gold Reference,LU,EUR,14905.1,EUR,2020-10-30,5.8,Physical,Distributing,0.48,Deutsche Börse Xetra,XETR,QU2061,EUR,2023-04-14,DE,Quarry Product Feed,2026-08-14,2026-08-14T06:30:00+00:00
IE1000002073,Vela Balanced Screened UCITS ETF,Vela Asset Management,Vela Asset Management,Multi-Asset,Balanced,Allocation,Global 60/40,LU,USD,217.82,USD,2009-12-01,16.7,Synthetic,Distributing,0.15,Deutsche Börse Xetra,XETR,VE2071,EUR,2011-01-25,DE,Vela Fund Files,2026-08-14,2026-08-14T06:30:00+00:00
IE1000002073,Vela Balanced Screened UCITS ETF,Vela Asset Management,Vela Asset Management,Multi-Asset,Balanced,Allocation,Global 60/40,LU,USD,217.82,USD,2009-12-01,16.7,Synthetic,Distributing,0.15,Euronext Paris,XPAR,VE2072,EUR,2010-12-06,FR,Vela Fund Files,2026-08-14,2026-08-14T06:30:00+00:00
IE1000002073,Vela Balanced Screened UCITS ETF,Vela Asset Management,Vela Asset Management,Multi-Asset,Balanced,Allocation,Global 60/40,LU,USD,217.82,USD,2009-12-01,16.7,Synthetic,Distributing,0.15,Borsa Italiana,XMIL,VE2073,EUR,2010-02-27,IT,Vela Fund Files,2026-08-14,2026-08-14T06:30:00+00:00
IE1000002081,Atlas European Equity UCITS ETF,Atlas Index,Atlas Index,Equity,European Equity,Core,Europe 600,LU,CHF,219.15,CHF,2022-11-09,3.8,Sampling,Distributing,0.74,Bolsa de Madrid,XMAD,AT2086,EUR,2023-02-10,ES,Atlas Data Feed,2026-08-14,2026-08-14T06:30:00+00:00
IE1000002081,Atlas European Equity UCITS ETF,Atlas Index,Atlas Index,Equity,European Equity,Core,Europe 600,LU,CHF,219.15,CHF,2022-11-09,3.8,Sampling,Distributing,0.74,London Stock Exchange,XLON,AT2080,USD,2025-01-10,GB,Atlas Data Feed,2026-08-14,2026-08-14T06:30:00+00:00
IE1000002081,Atlas European Equity UCITS ETF,Atlas Index,Atlas Index,Equity,European Equity,Core,Europe 600,LU,CHF,219.15,CHF,2022-11-09,3.8,Sampling,Distributing,0.74,Borsa Italiana,XMIL,AT2083,EUR,2024-08-28,IT,Atlas Data Feed,2026-08-14,2026-08-14T06:30:00+00:00
IE1000002081,Atlas European Equity UCITS ETF,Atlas Index,Atlas Index,Equity,European Equity,Core,Europe 600,LU,CHF,219.15,CHF,2022-11-09,3.8,Sampling,Distributing,0.74,Deutsche Börse Xetra,XETR,AT2081,EUR,2024-11-13,DE,Atlas Data Feed,2026-08-14,2026-08-14T06:30:00+00:00
IE1000002099,Northstar Short Duration Enhanced ETF,Northstar Asset Management,Northstar Asset Management,Fixed Income,Short Duration,Defensive,EUR Corporate 1-3Y,IE,EUR,293.12,EUR,2007-09-21,18.9,Physical,Accumulating,0.64,Deutsche Börse Xetra,XETR,NO2091,EUR,2009-07-18,DE,Northstar Public Data,2026-08-14,2026-08-14T06:30:00+00:00
IE1000002107,Helix Climate Transition Screened UCITS ETF,Helix Funds,Helix Funds,Equity,Climate Transition,ESG,Global Climate Transition,IE,EUR,543.23,EUR,2006-09-22,19.9,Physical,Accumulating,0.52,Borsa Italiana,XMIL,HE2103,EUR,2007-12-30,IT,Helix Market Files,2026-08-14,2026-08-14T06:30:00+00:00
IE1000002107,Helix Climate Transition Screened UCITS ETF,Helix Funds,Helix Funds,Equity,Climate Transition,ESG,Global Climate Transition,IE,EUR,543.23,EUR,2006-09-22,19.9,Physical,Accumulating,0.52,Deutsche Börse Xetra,XETR,HE2101,EUR,2007-03-02,DE,Helix Market Files,2026-08-14,2026-08-14T06:30:00+00:00
IE1000002115,Meridian Defensive Allocation Enhanced ETF,Meridian ETFs,Meridian ETFs,Multi-Asset,Defensive Allocation,Allocation,Global 30/70,IE,CHF,53.95,CHF,2011-10-12,14.8,Sampling,Accumulating,0.73,SIX Swiss Exchange,XSWX,ME2114,CHF,2013-11-13,CH,Meridian Data Service,2026-08-14,2026-08-14T06:30:00+00:00
IE1000002115,Meridian Defensive Allocation Enhanced ETF,Meridian ETFs,Meridian ETFs,Multi-Asset,Defensive Allocation,Allocation,Global 30/70,IE,CHF,53.95,CHF,2011-10-12,14.8,Sampling,Accumulating,0.73,Euronext Paris,XPAR,ME2112,EUR,2011-11-21,FR,Meridian Data Service,2026-08-14,2026-08-14T06:30:00+00:00
IE1000002123,Aperture Climate Transition UCITS ETF,Aperture Index,Aperture Index,Equity,Climate Transition,ESG,Global Climate Transition,LU,EUR,2358.12,EUR,2008-11-11,17.8,Physical,Accumulating,0.66,Bolsa de Madrid,XMAD,AP2126,EUR,2008-12-02,ES,Aperture Public Feed,2026-08-14,2026-08-14T06:30:00+00:00
IE1000002123,Aperture Climate Transition UCITS ETF,Aperture Index,Aperture Index,Equity,Climate Transition,ESG,Global Climate Transition,LU,EUR,2358.12,EUR,2008-11-11,17.8,Physical,Accumulating,0.66,Euronext Amsterdam,XAMS,AP2125,EUR,2009-04-18,NL,Aperture Public Feed,2026-08-14,2026-08-14T06:30:00+00:00
IE1000002131,Cedar Corporate Bond UCITS ETF,Cedar Capital,Cedar Capital,Fixed Income,Corporate Bond,Income,Global Corporate Bond,LU,EUR,5482.37,EUR,2009-06-30,17.1,Sampling,Accumulating,0.15,London Stock Exchange,XLON,CE2130,GBP,2009-11-01,GB,Cedar Fund Data,2026-08-14,2026-08-14T06:30:00+00:00
IE1000002131,Cedar Corporate Bond UCITS ETF,Cedar Capital,Cedar Capital,Fixed Income,Corporate Bond,Income,Global Corporate Bond,LU,EUR,5482.37,EUR,2009-06-30,17.1,Sampling,Accumulating,0.15,Borsa Italiana,XMIL,CE2133,EUR,2010-05-30,IT,Cedar Fund Data,2026-08-14,2026-08-14T06:30:00+00:00
IE1000002131,Cedar Corporate Bond UCITS ETF,Cedar Capital,Cedar Capital,Fixed Income,Corporate Bond,Income,Global Corporate Bond,LU,EUR,5482.37,EUR,2009-06-30,17.1,Sampling,Accumulating,0.15,Euronext Amsterdam,XAMS,CE2135,EUR,2011-07-13,NL,Cedar Fund Data,2026-08-14,2026-08-14T06:30:00+00:00
IE1000002149,Quarry Broad Commodities UCITS ETF,Quarry Investments,Quarry Investments,Commodity,Broad Commodities,Broad,Diversified Commodity,IE,GBP,81.69,GBP,2006-09-08,19.9,Physical,Distributing,0.43,Borsa Italiana,XMIL,QU2143,EUR,2006-10-09,IT,Quarry Product Feed,2026-08-14,2026-08-14T06:30:00+00:00
IE1000002149,Quarry Broad Commodities UCITS ETF,Quarry Investments,Quarry Investments,Commodity,Broad Commodities,Broad,Diversified Commodity,IE,GBP,81.69,GBP,2006-09-08,19.9,Physical,Distributing,0.43,Euronext Paris,XPAR,QU2142,EUR,2007-09-22,FR,Quarry Product Feed,2026-08-14,2026-08-14T06:30:00+00:00
IE1000002156,Vela Emerging Markets Index ETF,Vela Asset Management,Vela Asset Management,Equity,Emerging Markets,Core,Emerging Markets Broad,LU,EUR,5174.43,EUR,2016-04-13,10.3,Physical,Distributing,0.15,Borsa Italiana,XMIL,VE2153,EUR,2018-03-06,IT,Vela Fund Files,2026-08-14,2026-08-14T06:30:00+00:00
IE1000002156,Vela Emerging Markets Index ETF,Vela Asset Management,Vela Asset Management,Equity,Emerging Markets,Core,Emerging Markets Broad,LU,EUR,5174.43,EUR,2016-04-13,10.3,Physical,Distributing,0.15,Euronext Amsterdam,XAMS,VE2155,EUR,2017-05-06,NL,Vela Fund Files,2026-08-14,2026-08-14T06:30:00+00:00
IE1000002156,Vela Emerging Markets Index ETF,Vela Asset Management,Vela Asset Management,Equity,Emerging Markets,Core,Emerging Markets Broad,LU,EUR,5174.43,EUR,2016-04-13,10.3,Physical,Distributing,0.15,SIX Swiss Exchange,XSWX,VE2154,USD,2016-10-13,CH,Vela Fund Files,2026-08-14,2026-08-14T06:30:00+00:00
IE1000002156,Vela Emerging Markets Index ETF,Vela Asset Management,Vela Asset Management,Equity,Emerging Markets,Core,Emerging Markets Broad,LU,EUR,5174.43,EUR,2016-04-13,10.3,Physical,Distributing,0.15,London Stock Exchange,XLON,VE2150,GBP,2017-04-22,GB,Vela Fund Files,2026-08-14,2026-08-14T06:30:00+00:00
IE1000002164,Atlas Global Large Cap Index ETF,Atlas Index,Atlas Index,Equity,Global Large Cap,Core,Global Developed 1000,IE,EUR,3506.46,EUR,2022-08-25,4.0,Physical,Distributing,0.22,Euronext Paris,XPAR,AT2162,EUR,2024-10-07,FR,Atlas Data Feed,2026-08-14,2026-08-14T06:30:00+00:00
IE1000002164,Atlas Global Large Cap Index ETF,Atlas Index,Atlas Index,Equity,Global Large Cap,Core,Global Developed 1000,IE,EUR,3506.46,EUR,2022-08-25,4.0,Physical,Distributing,0.22,Bolsa de Madrid,XMAD,AT2166,EUR,2023-09-04,ES,Atlas Data Feed,2026-08-14,2026-08-14T06:30:00+00:00
IE1000002172,Northstar Euro Government Bond UCITS ETF,Northstar Asset Management,Northstar Asset Management,Fixed Income,Euro Government Bond,Duration,Euro Sovereign 7-10Y,IE,USD,144.18,USD,2015-07-29,11.0,Physical,Distributing,0.54,SIX Swiss Exchange,XSWX,NO2174,USD,2015-10-20,CH,Northstar Public Data,2026-08-14,2026-08-14T06:30:00+00:00
IE1000002172,Northstar Euro Government Bond UCITS ETF,Northstar Asset Management,Northstar Asset Management,Fixed Income,Euro Government Bond,Duration,Euro Sovereign 7-10Y,IE,USD,144.18,USD,2015-07-29,11.0,Physical,Distributing,0.54,Borsa Italiana,XMIL,NO2173,EUR,2016-09-19,IT,Northstar Public Data,2026-08-14,2026-08-14T06:30:00+00:00
IE1000002172,Northstar Euro Government Bond UCITS ETF,Northstar Asset Management,Northstar Asset Management,Fixed Income,Euro Government Bond,Duration,Euro Sovereign 7-10Y,IE,USD,144.18,USD,2015-07-29,11.0,Physical,Distributing,0.54,Euronext Amsterdam,XAMS,NO2175,EUR,2016-08-19,NL,Northstar Public Data,2026-08-14,2026-08-14T06:30:00+00:00
IE1000002180,Helix Broad Commodities UCITS ETF,Helix Funds,Helix Funds,Commodity,Broad Commodities,Broad,Diversified Commodity,LU,EUR,17650.17,EUR,2019-08-25,7.0,Sampling,Distributing,0.45,Euronext Amsterdam,XAMS,HE2185,EUR,2020-12-17,NL,Helix Market Files,2026-08-14,2026-08-14T06:30:00+00:00
IE1000002180,Helix Broad Commodities UCITS ETF,Helix Funds,Helix Funds,Commodity,Broad Commodities,Broad,Diversified Commodity,LU,EUR,17650.17,EUR,2019-08-25,7.0,Sampling,Distributing,0.45,London Stock Exchange,XLON,HE2180,GBP,2020-03-09,GB,Helix Market Files,2026-08-14,2026-08-14T06:30:00+00:00
IE1000002180,Helix Broad Commodities UCITS ETF,Helix Funds,Helix Funds,Commodity,Broad Commodities,Broad,Diversified Commodity,LU,EUR,17650.17,EUR,2019-08-25,7.0,Sampling,Distributing,0.45,Deutsche Börse Xetra,XETR,HE2181,EUR,2021-07-20,DE,Helix Market Files,2026-08-14,2026-08-14T06:30:00+00:00
IE1000002198,Meridian Defensive Allocation Enhanced ETF,Meridian ETFs,Meridian ETFs,Multi-Asset,Defensive Allocation,Allocation,Global 30/70,LU,USD,13409.55,USD,2012-01-31,14.5,Physical,Accumulating,0.25,Bolsa de Madrid,XMAD,ME2196,EUR,2013-12-27,ES,Meridian Data Service,2026-08-14,2026-08-14T06:30:00+00:00
IE1000002198,Meridian Defensive Allocation Enhanced ETF,Meridian ETFs,Meridian ETFs,Multi-Asset,Defensive Allocation,Allocation,Global 30/70,LU,USD,13409.55,USD,2012-01-31,14.5,Physical,Accumulating,0.25,Borsa Italiana,XMIL,ME2193,EUR,2013-12-03,IT,Meridian Data Service,2026-08-14,2026-08-14T06:30:00+00:00
IE1000002198,Meridian Defensive Allocation Enhanced ETF,Meridian ETFs,Meridian ETFs,Multi-Asset,Defensive Allocation,Allocation,Global 30/70,LU,USD,13409.55,USD,2012-01-31,14.5,Physical,Accumulating,0.25,Deutsche Börse Xetra,XETR,ME2191,EUR,2014-01-27,DE,Meridian Data Service,2026-08-14,2026-08-14T06:30:00+00:00
IE1000002198,Meridian Defensive Allocation Enhanced ETF,Meridian ETFs,Meridian ETFs,Multi-Asset,Defensive Allocation,Allocation,Global 30/70,LU,USD,13409.55,USD,2012-01-31,14.5,Physical,Accumulating,0.25,London Stock Exchange,XLON,ME2190,USD,2012-08-31,GB,Meridian Data Service,2026-08-14,2026-08-14T06:30:00+00:00
IE1000002206,Aperture US Equity Index ETF,Aperture Index,Aperture Index,Equity,US Equity,Core,US Large Cap 500,LU,EUR,628.58,EUR,2010-06-11,16.2,Physical,Accumulating,0.59,London Stock Exchange,XLON,AP2200,GBP,2012-04-04,GB,Aperture Public Feed,2026-08-14,2026-08-14T06:30:00+00:00
IE1000002206,Aperture US Equity Index ETF,Aperture Index,Aperture Index,Equity,US Equity,Core,US Large Cap 500,LU,EUR,628.58,EUR,2010-06-11,16.2,Physical,Accumulating,0.59,Bolsa de Madrid,XMAD,AP2206,EUR,2011-12-13,ES,Aperture Public Feed,2026-08-14,2026-08-14T06:30:00+00:00
IE1000002206,Aperture US Equity Index ETF,Aperture Index,Aperture Index,Equity,US Equity,Core,US Large Cap 500,LU,EUR,628.58,EUR,2010-06-11,16.2,Physical,Accumulating,0.59,Euronext Amsterdam,XAMS,AP2205,EUR,2010-07-11,NL,Aperture Public Feed,2026-08-14,2026-08-14T06:30:00+00:00
IE1000002206,Aperture US Equity Index ETF,Aperture Index,Aperture Index,Equity,US Equity,Core,US Large Cap 500,LU,EUR,628.58,EUR,2010-06-11,16.2,Physical,Accumulating,0.59,Euronext Paris,XPAR,AP2202,EUR,2011-01-26,FR,Aperture Public Feed,2026-08-14,2026-08-14T06:30:00+00:00
IE1000002214,Cedar Global Aggregate Bond UCITS ETF,Cedar Capital,Cedar Capital,Fixed Income,Global Aggregate Bond,Core,Global Aggregate Bond,LU,USD,1723.76,USD,2016-11-15,9.7,Physical,Distributing,0.4,Euronext Paris,XPAR,CE2212,EUR,2018-10-02,FR,Cedar Fund Data,2026-08-14,2026-08-14T06:30:00+00:00
IE1000002214,Cedar Global Aggregate Bond UCITS ETF,Cedar Capital,Cedar Capital,Fixed Income,Global Aggregate Bond,Core,Global Aggregate Bond,LU,USD,1723.76,USD,2016-11-15,9.7,Physical,Distributing,0.4,SIX Swiss Exchange,XSWX,CE2214,USD,2019-02-19,CH,Cedar Fund Data,2026-08-14,2026-08-14T06:30:00+00:00
IE1000002222,Quarry Broad Commodities UCITS ETF,Quarry Investments,Quarry Investments,Commodity,Broad Commodities,Broad,Diversified Commodity,IE,USD,145.3,USD,2009-08-14,17.0,Synthetic,Distributing,0.2,Borsa Italiana,XMIL,QU2223,EUR,2009-10-15,IT,Quarry Product Feed,2026-08-14,2026-08-14T06:30:00+00:00
IE1000002222,Quarry Broad Commodities UCITS ETF,Quarry Investments,Quarry Investments,Commodity,Broad Commodities,Broad,Diversified Commodity,IE,USD,145.3,USD,2009-08-14,17.0,Synthetic,Distributing,0.2,Deutsche Börse Xetra,XETR,QU2221,EUR,2011-12-01,DE,Quarry Product Feed,2026-08-14,2026-08-14T06:30:00+00:00
IE1000002230,Vela Balanced UCITS ETF,Vela Asset Management,Vela Asset Management,Multi-Asset,Balanced,Allocation,Global 60/40,IE,USD,31.61,USD,2018-07-19,8.1,Physical,Accumulating,0.3,SIX Swiss Exchange,XSWX,VE2234,CHF,2019-05-28,CH,Vela Fund Files,2026-08-14,2026-08-14T06:30:00+00:00
IE1000002248,Atlas European Equity UCITS ETF,Atlas Index,Atlas Index,Equity,European Equity,Core,Europe 600,LU,USD,31.13,USD,2010-08-27,16.0,Physical,Distributing,0.71,Deutsche Börse Xetra,XETR,AT2241,EUR,2011-07-06,DE,Atlas Data Feed,2026-08-14,2026-08-14T06:30:00+00:00
IE1000002248,Atlas European Equity UCITS ETF,Atlas Index,Atlas Index,Equity,European Equity,Core,Europe 600,LU,USD,31.13,USD,2010-08-27,16.0,Physical,Distributing,0.71,London Stock Exchange,XLON,AT2240,GBP,2011-09-02,GB,Atlas Data Feed,2026-08-14,2026-08-14T06:30:00+00:00
