isin,name,issuer,fund_family,asset_class,category,strategy,benchmark,domicile,fund_currency,aum_millions,aum_currency,inception_date,age_years,replication_method,distribution_policy,ter,exchange,exchange_code,ticker,trading_currency,listing_date,country,provider,snapshot_date,retrieved_at
IE1000000002,Atlas European Equity Enhanced ETF,Atlas Index,Atlas Index,Equity,European Equity,Core,Europe 600,IE,EUR,1903.67,EUR,2013-05-24,13.2,Physical,Distributing,0.24,Euronext Paris,XPAR,AT0002,EUR,2015-03-28,FR,Atlas Data Feed,2026-08-21,2026-08-21T06:30:00+00:00
IE1000000002,Atlas European Equity Enhanced ETF,Atlas Index,Atlas Index,Equity,European Equity,Core,Europe 600,IE,EUR,1848.76,EUR,2013-05-24,13.2,Physical,Distributing,0.24,Euronext Amsterdam,XAMS,AT0005,EUR,2013-07-25,NL,Atlas Data Feed,2026-08-21,2026-08-21T06:30:00+00:00
IE1000000010,Northstar Corporate Bond UCITS ETF,Northstar Asset Management,Northstar Asset Management,Fixed Income,Corporate Bond,Income,Global Corporate Bond,IE,EUR,3570.51,EUR,2018-09-18,7.9,Sampling,Accumulating,0.48,London Stock Exchange,XLON,NO0010,USD,2020-05-26,GB,Northstar Public Data,2026-08-21,2026-08-21T06:30:00+00:00
IE1000000028,Helix Gold Screened UCITS ETF,Helix Funds,Helix Funds,Commodity,Gold,Single commodity,Physical Gold Reference,IE,USD,2479.03,USD,2011-06-26,15.2,Sampling,Accumulating,0.06,Euronext Paris,XPAR,HE0022,EUR,2012-12-03,FR,Helix Market Files,2026-08-21,2026-08-21T06:30:00+00:00
IE1000000036,Meridian Defensive Allocation UCITS ETF,Meridian ETFs,Meridian ETFs,Multi-Asset,Defensive Allocation,Allocation,Global 30/70,IE,EUR,33.88,EUR,2013-01-06,13.6,Sampling,Accumulating,0.08,Euronext Amsterdam,XAMS,ME0035,EUR,2015-02-18,NL,Meridian Data Service,2026-08-21,2026-08-21T06:30:00+00:00
IE1000000036,Meridian Defensive Allocation UCITS ETF,Meridian ETFs,Meridian ETFs,Multi-Asset,Defensive Allocation,Allocation,Global 30/70,IE,EUR,33.8,EUR,2013-01-06,13.6,Sampling,Accumulating,0.08,London Stock Exchange,XLON,ME0030,GBP,2013-12-05,GB,Meridian Data Service,2026-08-21,2026-08-21T06:30:00+00:00
IE1000000036,Meridian Defensive Allocation UCITS ETF,Meridian ETFs,Meridian ETFs,Multi-Asset,Defensive Allocation,Allocation,Global 30/70,IE,EUR,34.04,EUR,2013-01-06,13.6,Sampling,Accumulating,0.08,Bolsa de Madrid,XMAD,ME0036,EUR,2015-02-03,ES,Meridian Data Service,2026-08-21,2026-08-21T06:30:00+00:00
IE1000000044,Aperture Climate Transition Index ETF,Aperture Index,Aperture Index,Equity,Climate Transition,ESG,Global Climate Transition,LU,GBP,5688.19,GBP,2008-08-12,18.0,Physical,Accumulating,0.59,Euronext Amsterdam,XAMS,AP0045,EUR,2011-01-07,NL,Aperture Public Feed,2026-08-21,2026-08-21T06:30:00+00:00
IE1000000044,Aperture Climate Transition Index ETF,Aperture Index,Aperture Index,Equity,Climate Transition,ESG,Global Climate Transition,LU,GBP,5662.03,GBP,2008-08-12,18.0,Physical,Accumulating,0.59,SIX Swiss Exchange,XSWX,AP0044,CHF,2010-05-31,CH,Aperture Public Feed,2026-08-21,2026-08-21T06:30:00+00:00
IE1000000051,Cedar Technology UCITS ETF,Cedar Capital,Cedar Capital,Equity,Technology,Thematic,Global Technology Leaders,IE,EUR,2678.41,EUR,2016-04-14,10.4,Physical,Accumulating,0.49,London Stock Exchange,XLON,CE0050,GBP,2017-07-20,GB,Cedar Fund Data,2026-08-21,2026-08-21T06:30:00+00:00
IE1000000069,Quarry Gold Index ETF,Quarry Investments,Quarry Investments,Commodity,Gold,Single commodity,Physical Gold Reference,LU,USD,136.44,USD,2007-04-01,19.4,Physical,Distributing,0.07,London Stock Exchange,XLON,QU0060,USD,2007-06-27,GB,Quarry Product Feed,2026-08-21,2026-08-21T06:30:00+00:00
IE1000000069,Quarry Gold Index ETF,Quarry Investments,Quarry Investments,Commodity,Gold,Single commodity,Physical Gold Reference,LU,USD,138.86,USD,2007-04-01,19.4,Physical,Distributing,0.07,Bolsa de Madrid,XMAD,QU0066,EUR,2008-08-06,ES,Quarry Product Feed,2026-08-21,2026-08-21T06:30:00+00:00
IE1000000069,Quarry Gold Index ETF,Quarry Investments,Quarry Investments,Commodity,Gold,Single commodity,Physical Gold Reference,LU,USD,139.05,USD,2007-04-01,19.4,Physical,Distributing,0.07,Borsa Italiana,XMIL,QU0063,EUR,2007-04-30,IT,Quarry Product Feed,2026-08-21,2026-08-21T06:30:00+00:00
IE1000000077,Vela Defensive Allocation Screened UCITS ETF,Vela Asset Management,Vela Asset Management,Multi-Asset,Defensive Allocation,Allocation,Global 30/70,LU,EUR,0.0,EUR,2008-12-05,17.7,Physical,Accumulating,0.07,Deutsche Börse Xetra,XETR,VE0071,EUR,2008-12-10,DE,Vela Fund Files,2026-08-21,2026-08-21T06:30:00+00:00
IE1000000077,Vela Defensive Allocation Screened UCITS ETF,Vela Asset Management,Vela Asset Management,Multi-Asset,Defensive Allocation,Allocation,Global 30/70,LU,EUR,0.0,EUR,2008-12-05,17.7,Physical,Accumulating,0.07,SIX Swiss Exchange,XSWX,VE0074,CHF,2010-03-17,CH,Vela Fund Files,2026-08-21,2026-08-21T06:30:00+00:00
IE1000000077,Vela Defensive Allocation Screened UCITS ETF,Vela Asset Management,Vela Asset Management,Multi-Asset,Defensive Allocation,Allocation,Global 30/70,LU,EUR,0.0,EUR,2008-12-05,17.7,Physical,Accumulating,0.07,Euronext Paris,XPAR,VE0072,EUR,2011-02-26,FR,Vela Fund Files,2026-08-21,2026-08-21T06:30:00+00:00
IE1000000077,Vela Defensive Allocation Screened UCITS ETF,Vela Asset Management,Vela Asset Management,Multi-Asset,Defensive Allocation,Allocation,Global 30/70,LU,EUR,0.0,EUR,2008-12-05,17.7,Physical,Accumulating,0.07,Euronext Amsterdam,XAMS,VE0075,EUR,2009-10-08,NL,Vela Fund Files,2026-08-21,2026-08-21T06:30:00+00:00
IE1000000085,Atlas Emerging Markets Screened UCITS ETF,Atlas Index,Atlas Index,Equity,Emerging Markets,Core,Emerging Markets Broad,IE,EUR,70.01,EUR,2010-08-09,16.0,Physical,Distributing,0.24,SIX Swiss Exchange,XSWX,AT0084,CHF,2011-05-22,CH,Atlas Data Feed,2026-08-21,2026-08-21T06:30:00+00:00
IE1000000093,Northstar Global Aggregate Bond Index ETF,Northstar Asset Management,Northstar Asset Management,Fixed Income,Global Aggregate Bond,Core,Global Aggregate Bond,IE,EUR,977.86,EUR,2025-08-02,1.1,Synthetic,Distributing,0.73,Deutsche Börse Xetra,XETR,NO0091,EUR,2026-06-25,DE,Northstar Public Data,2026-08-21,2026-08-21T06:30:00+00:00
IE1000000093,Northstar Global Aggregate Bond Index ETF,Northstar Asset Management,Northstar Asset Management,Fixed Income,Global Aggregate Bond,Core,Global Aggregate Bond,IE,EUR,974.87,EUR,2025-08-02,1.1,Synthetic,Distributing,0.73,Bolsa de Madrid,XMAD,NO0096,EUR,2027-02-02,ES,Northstar Public Data,2026-08-21,2026-08-21T06:30:00+00:00
IE1000000101,Helix Climate Transition Index ETF,Helix Funds,Helix Funds,Equity,Climate Transition,ESG,Global Climate Transition,IE,EUR,6632.57,EUR,2025-02-10,1.5,Sampling,Accumulating,0.6,Euronext Paris,XPAR,HE0102,EUR,2026-05-17,FR,Helix Market Files,2026-08-21,2026-08-21T06:30:00+00:00
IE1000000101,Helix Climate Transition Index ETF,Helix Funds,Helix Funds,Equity,Climate Transition,ESG,Global Climate Transition,IE,EUR,6640.84,EUR,2025-02-10,1.5,Sampling,Accumulating,0.6,SIX Swiss Exchange,XSWX,HE0104,USD,2025-08-09,CH,Helix Market Files,2026-08-21,2026-08-21T06:30:00+00:00
IE1000000101,Helix Climate Transition Index ETF,Helix Funds,Helix Funds,Equity,Climate Transition,ESG,Global Climate Transition,IE,EUR,6665.12,EUR,2025-02-10,1.5,Sampling,Accumulating,0.6,Bolsa de Madrid,XMAD,HE0106,EUR,2026-01-12,ES,Helix Market Files,2026-08-21,2026-08-21T06:30:00+00:00
IE1000000119,Meridian Defensive Allocation Screened UCITS ETF,Meridian ETFs,Meridian ETFs,Multi-Asset,Defensive Allocation,Allocation,Global 30/70,IE,EUR,1337.58,EUR,2007-06-26,19.2,Physical,Distributing,0.48,Deutsche Börse Xetra,XETR,ME0111,EUR,2009-08-30,DE,Meridian Data Service,2026-08-21,2026-08-21T06:30:00+00:00
IE1000000119,Meridian Defensive Allocation Screened UCITS ETF,Meridian ETFs,Meridian ETFs,Multi-Asset,Defensive Allocation,Allocation,Global 30/70,IE,EUR,1317.17,EUR,2007-06-26,19.2,Physical,Distributing,0.48,London Stock Exchange,XLON,ME0110,USD,2009-02-02,GB,Meridian Data Service,2026-08-21,2026-08-21T06:30:00+00:00
IE1000000119,Meridian Defensive Allocation Screened UCITS ETF,Meridian ETFs,Meridian ETFs,Multi-Asset,Defensive Allocation,Allocation,Global 30/70,IE,EUR,1311.71,EUR,2007-06-26,19.2,Physical,Distributing,0.48,Bolsa de Madrid,XMAD,ME0116,EUR,2008-11-08,ES,Meridian Data Service,2026-08-21,2026-08-21T06:30:00+00:00
IE1000000127,Aperture Technology UCITS ETF,Aperture Index,Aperture Index,Equity,Technology,Thematic,Global Technology Leaders,LU,EUR,2897.62,EUR,2018-04-28,8.3,Physical,Distributing,0.67,Deutsche Börse Xetra,XETR,AP0121,EUR,2019-09-20,DE,Aperture Public Feed,2026-08-21,2026-08-21T06:30:00+00:00
IE1000000135,Cedar Global Aggregate Bond Screened UCITS ETF,Cedar Capital,Cedar Capital,Fixed Income,Global Aggregate Bond,Core,Global Aggregate Bond,IE,USD,229.06,USD,2017-09-01,9.0,Physical,Accumulating,0.06,Bolsa de Madrid,XMAD,CE0136,EUR,2019-10-27,ES,Cedar Fund Data,2026-08-21,2026-08-21T06:30:00+00:00
IE1000000143,Quarry Gold Enhanced ETF,Quarry Investments,Quarry Investments,Commodity,Gold,Single commodity,Physical Gold Reference,IE,USD,152.39,USD,2020-07-04,6.1,Synthetic,Distributing,0.53,SIX Swiss Exchange,XSWX,QU0144,USD,2020-09-07,CH,Quarry Product Feed,2026-08-21,2026-08-21T06:30:00+00:00
IE1000000143,Quarry Gold Enhanced ETF,Quarry Investments,Quarry Investments,Commodity,Gold,Single commodity,Physical Gold Reference,IE,USD,149.63,USD,2020-07-04,6.1,Synthetic,Distributing,0.53,Bolsa de Madrid,XMAD,QU0146,EUR,2022-05-30,ES,Quarry Product Feed,2026-08-21,2026-08-21T06:30:00+00:00
IE1000000143,Quarry Gold Enhanced ETF,Quarry Investments,Quarry Investments,Commodity,Gold,Single commodity,Physical Gold Reference,IE,USD,148.43,USD,2020-07-04,6.1,Synthetic,Distributing,0.53,Borsa Italiana,XMIL,QU0143,EUR,2021-07-24,IT,Quarry Product Feed,2026-08-21,2026-08-21T06:30:00+00:00
IE1000000150,Vela Emerging Markets Enhanced ETF,Vela Asset Management,Vela Asset Management,Equity,Emerging Markets,Core,Emerging Markets Broad,LU,EUR,68.85,EUR,2023-04-12,3.4,Physical,Accumulating,0.28,London Stock Exchange,XLON,VE0150,GBP,2025-05-01,GB,Vela Fund Files,2026-08-21,2026-08-21T06:30:00+00:00
IE1000000150,Vela Emerging Markets Enhanced ETF,Vela Asset Management,Vela Asset Management,Equity,Emerging Markets,Core,Emerging Markets Broad,LU,EUR,70.8,EUR,2023-04-12,3.4,Physical,Accumulating,0.28,Euronext Paris,XPAR,VE0152,EUR,2024-03-13,FR,Vela Fund Files,2026-08-21,2026-08-21T06:30:00+00:00
IE1000000150,Vela Emerging Markets Enhanced ETF,Vela Asset Management,Vela Asset Management,Equity,Emerging Markets,Core,Emerging Markets Broad,LU,EUR,69.97,EUR,2023-04-12,3.4,Physical,Accumulating,0.28,Deutsche Börse Xetra,XETR,VE0151,EUR,2024-11-18,DE,Vela Fund Files,2026-08-21,2026-08-21T06:30:00+00:00
IE1000000168,Atlas Global Large Cap Screened UCITS ETF,Atlas Index,Atlas Index,Equity,Global Large Cap,Core,Global Developed 1000,IE,CHF,179.88,CHF,2014-04-10,12.4,Sampling,Distributing,0.27,SIX Swiss Exchange,XSWX,AT0164,USD,2014-10-10,CH,Atlas Data Feed,2026-08-21,2026-08-21T06:30:00+00:00
IE1000000168,Atlas Global Large Cap Screened UCITS ETF,Atlas Index,Atlas Index,Equity,Global Large Cap,Core,Global Developed 1000,IE,CHF,177.13,CHF,2014-04-10,12.4,Sampling,Distributing,0.27,Euronext Amsterdam,XAMS,AT0165,EUR,2015-08-04,NL,Atlas Data Feed,2026-08-21,2026-08-21T06:30:00+00:00
IE1000000176,Northstar Global Aggregate Bond Index ETF,Northstar Asset Management,Northstar Asset Management,Fixed Income,Global Aggregate Bond,Core,Global Aggregate Bond,LU,EUR,2711.06,EUR,2023-11-24,2.7,Physical,Distributing,0.58,Bolsa de Madrid,XMAD,NO0176,EUR,2024-04-23,ES,Northstar Public Data,2026-08-21,2026-08-21T06:30:00+00:00
IE1000000176,Northstar Global Aggregate Bond Index ETF,Northstar Asset Management,Northstar Asset Management,Fixed Income,Global Aggregate Bond,Core,Global Aggregate Bond,LU,EUR,2702.5,EUR,2023-11-24,2.7,Physical,Distributing,0.58,Deutsche Börse Xetra,XETR,NO0171,EUR,2025-03-13,DE,Northstar Public Data,2026-08-21,2026-08-21T06:30:00+00:00
IE1000000176,Northstar Global Aggregate Bond Index ETF,Northstar Asset Management,Northstar Asset Management,Fixed Income,Global Aggregate Bond,Core,Global Aggregate Bond,LU,EUR,2726.1,EUR,2023-11-24,2.7,Physical,Distributing,0.58,SIX Swiss Exchange,XSWX,NO0174,USD,2026-01-17,CH,Northstar Public Data,2026-08-21,2026-08-21T06:30:00+00:00
IE1000000176,Northstar Global Aggregate Bond Index ETF,Northstar Asset Management,Northstar Asset Management,Fixed Income,Global Aggregate Bond,Core,Global Aggregate Bond,LU,EUR,2675.76,EUR,2023-11-24,2.7,Physical,Distributing,0.58,Euronext Amsterdam,XAMS,NO0175,EUR,2025-06-13,NL,Northstar Public Data,2026-08-21,2026-08-21T06:30:00+00:00
IE1000000184,Helix Gold Enhanced ETF,Helix Funds,Helix Funds,Commodity,Gold,Single commodity,Physical Gold Reference,IE,USD,240.02,USD,2016-07-20,10.1,Physical,Distributing,0.1,Euronext Amsterdam,XAMS,HE0185,EUR,2016-11-08,NL,Helix Market Files,2026-08-21,2026-08-21T06:30:00+00:00
IE1000000184,Helix Gold Enhanced ETF,Helix Funds,Helix Funds,Commodity,Gold,Single commodity,Physical Gold Reference,IE,USD,240.46,USD,2016-07-20,10.1,Physical,Distributing,0.1,London Stock Exchange,XLON,HE0180,GBP,2017-01-25,GB,Helix Market Files,2026-08-21,2026-08-21T06:30:00+00:00
IE1000000192,Meridian Balanced Screened UCITS ETF,Meridian ETFs,Meridian ETFs,Multi-Asset,Balanced,Allocation,Global 60/40,LU,USD,1562.09,USD,2008-05-20,18.3,Synthetic,Distributing,0.26,Deutsche Börse Xetra,XETR,ME0191,EUR,2009-08-01,DE,Meridian Data Service,2026-08-21,2026-08-21T06:30:00+00:00
IE1000000192,Meridian Balanced Screened UCITS ETF,Meridian ETFs,Meridian ETFs,Multi-Asset,Balanced,Allocation,Global 60/40,LU,USD,1565.41,USD,2008-05-20,18.3,Synthetic,Distributing,0.26,Borsa Italiana,XMIL,ME0193,EUR,2010-05-29,IT,Meridian Data Service,2026-08-21,2026-08-21T06:30:00+00:00
IE1000000192,Meridian Balanced Screened UCITS ETF,Meridian ETFs,Meridian ETFs,Multi-Asset,Balanced,Allocation,Global 60/40,LU,USD,1557.74,USD,2008-05-20,18.3,Synthetic,Distributing,0.26,London Stock Exchange,XLON,ME0190,GBP,2010-05-15,GB,Meridian Data Service,2026-08-21,2026-08-21T06:30:00+00:00
IE1000000192,Meridian Balanced Screened UCITS ETF,Meridian ETFs,Meridian ETFs,Multi-Asset,Balanced,Allocation,Global 60/40,LU,USD,1555.28,USD,2008-05-20,18.3,Synthetic,Distributing,0.26,SIX Swiss Exchange,XSWX,ME0194,USD,2009-04-15,CH,Meridian Data Service,2026-08-21,2026-08-21T06:30:00+00:00
IE1000000200,Aperture Emerging Markets Enhanced ETF,Aperture Index,Aperture Index,Equity,Emerging Markets,Core,Emerging Markets Broad,IE,USD,19.65,USD,2010-10-30,15.8,Physical,Distributing,0.61,Bolsa de Madrid,XMAD,AP0206,EUR,2012-11-16,ES,Aperture Public Feed,2026-08-21,2026-08-21T06:30:00+00:00
IE1000000200,Aperture Emerging Markets Enhanced ETF,Aperture Index,Aperture Index,Equity,Emerging Markets,Core,Emerging Markets Broad,IE,USD,19.93,USD,2010-10-30,15.8,Physical,Distributing,0.61,SIX Swiss Exchange,XSWX,AP0204,USD,2013-04-10,CH,Aperture Public Feed,2026-08-21,2026-08-21T06:30:00+00:00
IE1000000200,Aperture Emerging Markets Enhanced ETF,Aperture Index,Aperture Index,Equity,Emerging Markets,Core,Emerging Markets Broad,IE,USD,19.81,USD,2010-10-30,15.8,Physical,Distributing,0.61,Deutsche Börse Xetra,XETR,AP0201,EUR,2012-03-09,DE,Aperture Public Feed,2026-08-21,2026-08-21T06:30:00+00:00
IE1000000200,Aperture Emerging Markets Enhanced ETF,Aperture Index,Aperture Index,Equity,Emerging Markets,Core,Emerging Markets Broad,IE,USD,19.62,USD,2010-10-30,15.8,Physical,Distributing,0.61,London Stock Exchange,XLON,AP0200,USD,2011-06-21,GB,Aperture Public Feed,2026-08-21,2026-08-21T06:30:00+00:00
IE1000000218,Cedar Corporate Bond Enhanced ETF,Cedar Capital,Cedar Capital,Fixed Income,Corporate Bond,Income,Global Corporate Bond,IE,CHF,108.72,CHF,2024-04-17,2.3,Physical,Distributing,0.65,Deutsche Börse Xetra,XETR,CE0211,EUR,2026-03-03,DE,Cedar Fund Data,2026-08-21,2026-08-21T06:30:00+00:00
IE1000000218,Cedar Corporate Bond Enhanced ETF,Cedar Capital,Cedar Capital,Fixed Income,Corporate Bond,Income,Global Corporate Bond,IE,CHF,109.05,CHF,2024-04-17,2.3,Physical,Distributing,0.65,London Stock Exchange,XLON,CE0210,USD,2024-09-11,GB,Cedar Fund Data,2026-08-21,2026-08-21T06:30:00+00:00
IE1000000226,Quarry Broad Commodities Index ETF,Quarry Investments,Quarry Investments,Commodity,Broad Commodities,Broad,Diversified Commodity,IE,EUR,5119.57,EUR,2010-10-09,15.9,Physical,Accumulating,0.31,Bolsa de Madrid,XMAD,QU0226,EUR,2012-05-29,ES,Quarry Product Feed,2026-08-21,2026-08-21T06:30:00+00:00
IE1000000226,Quarry Broad Commodities Index ETF,Quarry Investments,Quarry Investments,Commodity,Broad Commodities,Broad,Diversified Commodity,IE,EUR,5111.75,EUR,2010-10-09,15.9,Physical,Accumulating,0.31,SIX Swiss Exchange,XSWX,QU0224,CHF,2010-11-10,CH,Quarry Product Feed,2026-08-21,2026-08-21T06:30:00+00:00
IE1000000234,Vela Balanced UCITS ETF,Vela Asset Management,Vela Asset Management,Multi-Asset,Balanced,Allocation,Global 60/40,LU,EUR,,EUR,2011-12-23,14.7,Sampling,Distributing,0.15,London Stock Exchange,XLON,VE0230,USD,2012-05-02,GB,Vela Fund Files,2026-08-21,2026-08-21T06:30:00+00:00
IE1000000234,Vela Balanced UCITS ETF,Vela Asset Management,Vela Asset Management,Multi-Asset,Balanced,Allocation,Global 60/40,LU,EUR,,EUR,2011-12-23,14.7,Sampling,Distributing,0.15,Euronext Paris,XPAR,VE0232,EUR,2013-03-05,FR,Vela Fund Files,2026-08-21,2026-08-21T06:30:00+00:00
IE1000000242,Atlas Global Large Cap UCITS ETF,Atlas Index,Atlas Index,Equity,Global Large Cap,Core,Global Developed 1000,IE,CHF,68.87,CHF,2008-04-18,18.3,Physical,Accumulating,0.45,Deutsche Börse Xetra,XETR,AT0241,EUR,2010-07-30,DE,Atlas Data Feed,2026-08-21,2026-08-21T06:30:00+00:00
IE1000000242,Atlas Global Large Cap UCITS ETF,Atlas Index,Atlas Index,Equity,Global Large Cap,Core,Global Developed 1000,IE,CHF,69.91,CHF,2008-04-18,18.3,Physical,Accumulating,0.45,Euronext Paris,XPAR,AT0242,EUR,2009-08-30,FR,Atlas Data Feed,2026-08-21,2026-08-21T06:30:00+00:00
IE1000000242,Atlas Global Large Cap UCITS ETF,Atlas Index,Atlas Index,Equity,Global Large Cap,Core,Global Developed 1000,IE,CHF,68.48,CHF,2008-04-18,18.3,Physical,Accumulating,0.45,Bolsa de Madrid,XMAD,AT0246,EUR,2009-04-21,ES,Atlas Data Feed,2026-08-21,2026-08-21T06:30:00+00:00
IE1000000259,Northstar Technology UCITS ETF,Northstar Asset Management,Northstar Asset Management,Equity,Technology,Thematic,Global Technology Leaders,IE,CHF,39.28,CHF,2025-02-19,1.5,Synthetic,Accumulating,0.61,Borsa Italiana,XMIL,NO0253,EUR,2027-01-27,IT,Northstar Public Data,2026-08-21,2026-08-21T06:30:00+00:00
IE1000000259,Northstar Technology UCITS ETF,Northstar Asset Management,Northstar Asset Management,Equity,Technology,Thematic,Global Technology Leaders,IE,CHF,40.27,CHF,2025-02-19,1.5,Synthetic,Accumulating,0.61,London Stock Exchange,XLON,NO0250,USD,2026-11-22,GB,Northstar Public Data,2026-08-21,2026-08-21T06:30:00+00:00
IE1000000259,Northstar Technology UCITS ETF,Northstar Asset Management,Northstar Asset Management,Equity,Technology,Thematic,Global Technology Leaders,IE,CHF,40.21,CHF,2025-02-19,1.5,Synthetic,Accumulating,0.61,Bolsa de Madrid,XMAD,NO0256,EUR,2026-09-21,ES,Northstar Public Data,2026-08-21,2026-08-21T06:30:00+00:00
IE1000000259,Northstar Technology UCITS ETF,Northstar Asset Management,Northstar Asset Management,Equity,Technology,Thematic,Global Technology Leaders,IE,CHF,39.53,CHF,2025-02-19,1.5,Synthetic,Accumulating,0.61,Euronext Amsterdam,XAMS,NO0255,EUR,2026-06-15,NL,Northstar Public Data,2026-08-21,2026-08-21T06:30:00+00:00
IE1000000267,Helix Broad Commodities UCITS ETF,Helix Funds,Helix Funds,Commodity,Broad Commodities,Broad,Diversified Commodity,IE,EUR,2367.99,EUR,2021-06-05,5.2,Physical,Accumulating,0.35,SIX Swiss Exchange,XSWX,HE0264,CHF,2022-06-23,CH,Helix Market Files,2026-08-21,2026-08-21T06:30:00+00:00
IE1000000267,Helix Broad Commodities UCITS ETF,Helix Funds,Helix Funds,Commodity,Broad Commodities,Broad,Diversified Commodity,IE,EUR,2314.27,EUR,2021-06-05,5.2,Physical,Accumulating,0.35,London Stock Exchange,XLON,HE0260,GBP,2023-04-17,GB,Helix Market Files,2026-08-21,2026-08-21T06:30:00+00:00
IE1000000267,Helix Broad Commodities UCITS ETF,Helix Funds,Helix Funds,Commodity,Broad Commodities,Broad,Diversified Commodity,IE,EUR,2348.39,EUR,2021-06-05,5.2,Physical,Accumulating,0.35,Euronext Paris,XPAR,HE0262,EUR,2021-08-17,FR,Helix Market Files,2026-08-21,2026-08-21T06:30:00+00:00
IE1000000275,Meridian Balanced Enhanced ETF,Meridian ETFs,Meridian ETFs,Multi-Asset,Balanced,Allocation,Global 60/40,IE,EUR,1167.95,EUR,2019-04-22,7.3,Synthetic,Distributing,0.13,SIX Swiss Exchange,XSWX,ME0274,USD,2019-10-11,CH,Meridian Data Service,2026-08-21,2026-08-21T06:30:00+00:00
IE1000000275,Meridian Balanced Enhanced ETF,Meridian ETFs,Meridian ETFs,Multi-Asset,Balanced,Allocation,Global 60/40,IE,EUR,1159.9,EUR,2019-04-22,7.3,Synthetic,Distributing,0.13,London Stock Exchange,XLON,ME0270,GBP,2019-07-13,GB,Meridian Data Service,2026-08-21,2026-08-21T06:30:00+00:00
IE1000000275,Meridian Balanced Enhanced ETF,Meridian ETFs,Meridian ETFs,Multi-Asset,Balanced,Allocation,Global 60/40,IE,EUR,1145.23,EUR,2019-04-22,7.3,Synthetic,Distributing,0.13,Euronext Amsterdam,XAMS,ME0275,EUR,2021-03-23,NL,Meridian Data Service,2026-08-21,2026-08-21T06:30:00+00:00
IE1000000283,Aperture US Equity Screened UCITS ETF,Aperture Index,Aperture Index,Equity,US Equity,Core,US Large Cap 500,IE,EUR,633.11,EUR,2022-04-21,4.3,Physical,Accumulating,0.63,Bolsa de Madrid,XMAD,AP0286,EUR,2023-12-27,ES,Aperture Public Feed,2026-08-21,2026-08-21T06:30:00+00:00
IE1000000283,Aperture US Equity Screened UCITS ETF,Aperture Index,Aperture Index,Equity,US Equity,Core,US Large Cap 500,IE,EUR,644.37,EUR,2022-04-21,4.3,Physical,Accumulating,0.63,Borsa Italiana,XMIL,AP0283,EUR,2022-08-04,IT,Aperture Public Feed,2026-08-21,2026-08-21T06:30:00+00:00
IE1000000291,Cedar Short Duration Screened UCITS ETF,Cedar Capital,Cedar Capital,Fixed Income,Short Duration,Defensive,EUR Corporate 1-3Y,IE,GBP,398.66,GBP,2016-10-18,9.8,Sampling,Accumulating,0.74,Bolsa de Madrid,XMAD,CE0296,EUR,2018-05-11,ES,Cedar Fund Data,2026-08-21,2026-08-21T06:30:00+00:00
IE1000000291,Cedar Short Duration Screened UCITS ETF,Cedar Capital,Cedar Capital,Fixed Income,Short Duration,Defensive,EUR Corporate 1-3Y,IE,GBP,397.8,GBP,2016-10-18,9.8,Sampling,Accumulating,0.74,Euronext Amsterdam,XAMS,CE0295,EUR,2018-06-29,NL,Cedar Fund Data,2026-08-21,2026-08-21T06:30:00+00:00
IE1000000309,Quarry US Equity Index ETF,Quarry Investments,Quarry Investments,Equity,US Equity,Core,US Large Cap 500,IE,EUR,458.71,EUR,2021-01-25,5.6,Physical,Accumulating,0.66,SIX Swiss Exchange,XSWX,QU0304,USD,2022-04-16,CH,Quarry Product Feed,2026-08-21,2026-08-21T06:30:00+00:00
IE1000000309,Quarry US Equity Index ETF,Quarry Investments,Quarry Investments,Equity,US Equity,Core,US Large Cap 500,IE,EUR,461.07,EUR,2021-01-25,5.6,Physical,Accumulating,0.66,Borsa Italiana,XMIL,QU0303,EUR,2023-02-19,IT,Quarry Product Feed,2026-08-21,2026-08-21T06:30:00+00:00
IE1000000317,Vela Balanced Enhanced ETF,Vela Asset Management,Vela Asset Management,Multi-Asset,Balanced,Allocation,Global 60/40,IE,EUR,14398.01,EUR,2010-01-18,16.6,Physical,Accumulating,0.22,SIX Swiss Exchange,XSWX,VE0314,CHF,2011-07-07,CH,Vela Fund Files,2026-08-21,2026-08-21T06:30:00+00:00
IE1000000317,Vela Balanced Enhanced ETF,Vela Asset Management,Vela Asset Management,Multi-Asset,Balanced,Allocation,Global 60/40,IE,EUR,14731.23,EUR,2010-01-18,16.6,Physical,Accumulating,0.22,London Stock Exchange,XLON,VE0310,GBP,2010-08-21,GB,Vela Fund Files,2026-08-21,2026-08-21T06:30:00+00:00
IE1000000325,Atlas US Equity Screened UCITS ETF,Atlas Index,Atlas Index,Equity,US Equity,Core,US Large Cap 500,IE,USD,144.19,USD,2025-08-21,1.0,Sampling,Distributing,0.07,Bolsa de Madrid,XMAD,AT0326,EUR,2026-10-07,ES,Atlas Data Feed,2026-08-21,2026-08-21T06:30:00+00:00
IE1000000325,Atlas US Equity Screened UCITS ETF,Atlas Index,Atlas Index,Equity,US Equity,Core,US Large Cap 500,IE,USD,147.92,USD,2025-08-21,1.0,Sampling,Distributing,0.07,London Stock Exchange,XLON,AT0320,GBP,2027-12-08,GB,Atlas Data Feed,2026-08-21,2026-08-21T06:30:00+00:00
IE1000000325,Atlas US Equity Screened UCITS ETF,Atlas Index,Atlas Index,Equity,US Equity,Core,US Large Cap 500,IE,USD,144.49,USD,2025-08-21,1.0,Sampling,Distributing,0.07,Euronext Paris,XPAR,AT0322,EUR,2025-11-01,FR,Atlas Data Feed,2026-08-21,2026-08-21T06:30:00+00:00
IE1000000333,Northstar Euro Government Bond UCITS ETF,Northstar Asset Management,Northstar Asset Management,Fixed Income,Euro Government Bond,Duration,Euro Sovereign 7-10Y,IE,EUR,16806.39,EUR,2022-05-04,4.3,Sampling,Accumulating,0.48,Bolsa de Madrid,XMAD,NO0336,EUR,2023-08-18,ES,Northstar Public Data,2026-08-21,2026-08-21T06:30:00+00:00
IE1000000333,Northstar Euro Government Bond UCITS ETF,Northstar Asset Management,Northstar Asset Management,Fixed Income,Euro Government Bond,Duration,Euro Sovereign 7-10Y,IE,EUR,16897.41,EUR,2022-05-04,4.3,Sampling,Accumulating,0.48,SIX Swiss Exchange,XSWX,NO0334,CHF,2024-05-03,CH,Northstar Public Data,2026-08-21,2026-08-21T06:30:00+00:00
IE1000000341,Helix Broad Commodities Enhanced ETF,Helix Funds,Helix Funds,Commodity,Broad Commodities,Broad,Diversified Commodity,LU,USD,4084.6,USD,2023-02-16,3.5,Physical,Accumulating,0.55,Borsa Italiana,XMIL,HE0343,EUR,2024-07-04,IT,Helix Market Files,2026-08-21,2026-08-21T06:30:00+00:00
IE1000000341,Helix Broad Commodities Enhanced ETF,Helix Funds,Helix Funds,Commodity,Broad Commodities,Broad,Diversified Commodity,LU,USD,4106.26,USD,2023-02-16,3.5,Physical,Accumulating,0.55,SIX Swiss Exchange,XSWX,HE0344,USD,2023-11-17,CH,Helix Market Files,2026-08-21,2026-08-21T06:30:00+00:00
IE1000000341,Helix Broad Commodities Enhanced ETF,Helix Funds,Helix Funds,Commodity,Broad Commodities,Broad,Diversified Commodity,LU,USD,4040.52,USD,2023-02-16,3.5,Physical,Accumulating,0.55,Deutsche Börse Xetra,XETR,HE0341,EUR,2023-09-24,DE,Helix Market Files,2026-08-21,2026-08-21T06:30:00+00:00
IE1000000358,Meridian Emerging Markets UCITS ETF,Meridian ETFs,Meridian ETFs,Equity,Emerging Markets,Core,Emerging Markets Broad,LU,EUR,100.48,EUR,2024-11-12,1.8,Physical,Accumulating,0.06,Euronext Paris,XPAR,ME0352,EUR,2025-12-12,FR,Meridian Data Service,2026-08-21,2026-08-21T06:30:00+00:00
IE1000000358,Meridian Emerging Markets UCITS ETF,Meridian ETFs,Meridian ETFs,Equity,Emerging Markets,Core,Emerging Markets Broad,LU,EUR,97.5,EUR,2024-11-12,1.8,Physical,Accumulating,0.06,SIX Swiss Exchange,XSWX,ME0354,CHF,2026-10-08,CH,Meridian Data Service,2026-08-21,2026-08-21T06:30:00+00:00
IE1000000366,Aperture Global Large Cap Enhanced ETF,Aperture Index,Aperture Index,Equity,Global Large Cap,Core,Global Developed 1000,IE,EUR,5392.19,EUR,2012-05-28,14.2,Sampling,Distributing,0.65,Euronext Amsterdam,XAMS,AP0365,EUR,2013-11-02,NL,Aperture Public Feed,2026-08-21,2026-08-21T06:30:00+00:00
IE1000000366,Aperture Global Large Cap Enhanced ETF,Aperture Index,Aperture Index,Equity,Global Large Cap,Core,Global Developed 1000,IE,EUR,5432.18,EUR,2012-05-28,14.2,Sampling,Distributing,0.65,Deutsche Börse Xetra,XETR,AP0361,EUR,2014-07-06,DE,Aperture Public Feed,2026-08-21,2026-08-21T06:30:00+00:00
IE1000000374,Cedar Global Aggregate Bond Screened UCITS ETF,Cedar Capital,Cedar Capital,Fixed Income,Global Aggregate Bond,Core,Global Aggregate Bond,LU,CHF,394.06,CHF,2022-07-01,4.1,Physical,Accumulating,0.44,Euronext Amsterdam,XAMS,CE0375,EUR,2022-07-13,NL,Cedar Fund Data,2026-08-21,2026-08-21T06:30:00+00:00
IE1000000374,Cedar Global Aggregate Bond Screened UCITS ETF,Cedar Capital,Cedar Capital,Fixed Income,Global Aggregate Bond,Core,Global Aggregate Bond,LU,CHF,397.59,CHF,2022-07-01,4.1,Physical,Accumulating,0.44,London Stock Exchange,XLON,CE0370,USD,2023-04-13,GB,Cedar Fund Data,2026-08-21,2026-08-21T06:30:00+00:00
IE1000000382,Quarry Broad Commodities Screened UCITS ETF,Quarry Investments,Quarry Investments,Commodity,Broad Commodities,Broad,Diversified Commodity,LU,EUR,105.29,EUR,2008-11-30,17.7,Physical,Distributing,0.55,London Stock Exchange,XLON,QU0380,GBP,2009-09-20,GB,Quarry Product Feed,2026-08-21,2026-08-21T06:30:00+00:00
IE1000000382,Quarry Broad Commodities Screened UCITS ETF,Quarry Investments,Quarry Investments,Commodity,Broad Commodities,Broad,Diversified Commodity,LU,EUR,106.04,EUR,2008-11-30,17.7,Physical,Distributing,0.55,Deutsche Börse Xetra,XETR,QU0381,EUR,2011-04-04,DE,Quarry Product Feed,2026-08-21,2026-08-21T06:30:00+00:00
IE1000000390,Vela Balanced Enhanced ETF,Vela Asset Management,Vela Asset Management,Multi-Asset,Balanced,Allocation,Global 60/40,IE,EUR,1592.68,EUR,2022-02-27,4.5,Physical,Accumulating,0.27,Euronext Paris,XPAR,VE0392,EUR,2022-07-10,FR,Vela Fund Files,2026-08-21,2026-08-21T06:30:00+00:00
IE1000000408,Atlas Technology UCITS ETF,Atlas Index,Atlas Index,Equity,Technology,Thematic,Global Technology Leaders,IE,GBP,37.77,GBP,2024-05-05,2.3,Physical,Accumulating,0.61,Euronext Paris,XPAR,AT0402,EUR,2025-08-20,FR,Atlas Data Feed,2026-08-21,2026-08-21T06:30:00+00:00
IE1000000408,Atlas Technology UCITS ETF,Atlas Index,Atlas Index,Equity,Technology,Thematic,Global Technology Leaders,IE,GBP,37.33,GBP,2024-05-05,2.3,Physical,Accumulating,0.61,Bolsa de Madrid,XMAD,AT0406,EUR,2025-07-04,ES,Atlas Data Feed,2026-08-21,2026-08-21T06:30:00+00:00
IE1000000408,Atlas Technology UCITS ETF,Atlas Index,Atlas Index,Equity,Technology,Thematic,Global Technology Leaders,IE,GBP,37.8,GBP,2024-05-05,2.3,Physical,Accumulating,0.61,London Stock Exchange,XLON,AT0400,GBP,2024-07-16,GB,Atlas Data Feed,2026-08-21,2026-08-21T06:30:00+00:00
IE1000000416,Northstar Corporate Bond Index ETF,Northstar Asset Management,Northstar Asset Management,Fixed Income,Corporate Bond,Income,Global Corporate Bond,IE,EUR,29.58,EUR,2019-07-06,7.1,Sampling,Accumulating,0.14,Borsa Italiana,XMIL,NO0413,EUR,2021-12-21,IT,Northstar Public Data,2026-08-21,2026-08-21T06:30:00+00:00
IE1000000416,Northstar Corporate Bond Index ETF,Northstar Asset Management,Northstar Asset Management,Fixed Income,Corporate Bond,Income,Global Corporate Bond,IE,EUR,29.05,EUR,2019-07-06,7.1,Sampling,Accumulating,0.14,Euronext Amsterdam,XAMS,NO0415,EUR,2020-07-09,NL,Northstar Public Data,2026-08-21,2026-08-21T06:30:00+00:00
IE1000000424,Helix Gold UCITS ETF,Helix Funds,Helix Funds,Commodity,Gold,Single commodity,Physical Gold Reference,LU,EUR,219.77,EUR,2015-11-18,10.8,Physical,Distributing,0.74,Euronext Amsterdam,XAMS,HE0425,EUR,2016-06-30,NL,Helix Market Files,2026-08-21,2026-08-21T06:30:00+00:00
IE1000000424,Helix Gold UCITS ETF,Helix Funds,Helix Funds,Commodity,Gold,Single commodity,Physical Gold Reference,LU,EUR,220.47,EUR,2015-11-18,10.8,Physical,Distributing,0.74,Borsa Italiana,XMIL,HE0423,EUR,2017-04-10,IT,Helix Market Files,2026-08-21,2026-08-21T06:30:00+00:00
IE1000000432,Meridian Defensive Allocation Enhanced ETF,Meridian ETFs,Meridian ETFs,Multi-Asset,Defensive Allocation,Allocation,Global 30/70,IE,USD,2875.61,USD,2006-08-09,20.0,Sampling,Distributing,0.51,Euronext Paris,XPAR,ME0432,EUR,2007-12-15,FR,Meridian Data Service,2026-08-21,2026-08-21T06:30:00+00:00
IE1000000432,Meridian Defensive Allocation Enhanced ETF,Meridian ETFs,Meridian ETFs,Multi-Asset,Defensive Allocation,Allocation,Global 30/70,IE,USD,2849.98,USD,2006-08-09,20.0,Sampling,Distributing,0.51,SIX Swiss Exchange,XSWX,ME0434,USD,2006-12-15,CH,Meridian Data Service,2026-08-21,2026-08-21T06:30:00+00:00
IE1000000440,Aperture Emerging Markets Screened UCITS ETF,Aperture Index,Aperture Index,Equity,Emerging Markets,Core,Emerging Markets Broad,IE,EUR,548.1,EUR,2015-12-22,10.7,Physical,Accumulating,0.25,Deutsche Börse Xetra,XETR,AP0441,EUR,2018-02-04,DE,Aperture Public Feed,2026-08-21,2026-08-21T06:30:00+00:00
IE1000000440,Aperture Emerging Markets Screened UCITS ETF,Aperture Index,Aperture Index,Equity,Emerging Markets,Core,Emerging Markets Broad,IE,EUR,549.25,EUR,2015-12-22,10.7,Physical,Accumulating,0.25,Euronext Paris,XPAR,AP0442,EUR,2017-10-15,FR,Aperture Public Feed,2026-08-21,2026-08-21T06:30:00+00:00
IE1000000440,Aperture Emerging Markets Screened UCITS ETF,Aperture Index,Aperture Index,Equity,Emerging Markets,Core,Emerging Markets Broad,IE,EUR,537.33,EUR,2015-12-22,10.7,Physical,Accumulating,0.25,SIX Swiss Exchange,XSWX,AP0444,CHF,2018-06-01,CH,Aperture Public Feed,2026-08-21,2026-08-21T06:30:00+00:00
IE1000000457,Cedar Climate Transition UCITS ETF,Cedar Capital,Cedar Capital,Equity,Climate Transition,ESG,Global Climate Transition,LU,EUR,310.38,EUR,2014-08-16,12.0,Synthetic,Distributing,0.62,Borsa Italiana,XMIL,CE0453,EUR,2016-09-18,IT,Cedar Fund Data,2026-08-21,2026-08-21T06:30:00+00:00
IE1000000457,Cedar Climate Transition UCITS ETF,Cedar Capital,Cedar Capital,Equity,Climate Transition,ESG,Global Climate Transition,LU,EUR,302.65,EUR,2014-08-16,12.0,Synthetic,Distributing,0.62,SIX Swiss Exchange,XSWX,CE0454,CHF,2015-05-07,CH,Cedar Fund Data,2026-08-21,2026-08-21T06:30:00+00:00
IE1000000457,Cedar Climate Transition UCITS ETF,Cedar Capital,Cedar Capital,Equity,Climate Transition,ESG,Global Climate Transition,LU,EUR,308.08,EUR,2014-08-16,12.0,Synthetic,Distributing,0.62,Euronext Paris,XPAR,CE0452,EUR,2014-09-27,FR,Cedar Fund Data,2026-08-21,2026-08-21T06:30:00+00:00
IE1000000465,Quarry Broad Commodities Enhanced ETF,Quarry Investments,Quarry Investments,Commodity,Broad Commodities,Broad,Diversified Commodity,IE,EUR,99.42,EUR,2011-08-07,15.0,Physical,Accumulating,0.29,Borsa Italiana,XMIL,QU0463,EUR,2012-02-07,IT,Quarry Product Feed,2026-08-21,2026-08-21T06:30:00+00:00
IE1000000465,Quarry Broad Commodities Enhanced ETF,Quarry Investments,Quarry Investments,Commodity,Broad Commodities,Broad,Diversified Commodity,IE,EUR,99.74,EUR,2011-08-07,15.0,Physical,Accumulating,0.29,Euronext Paris,XPAR,QU0462,EUR,2013-05-25,FR,Quarry Product Feed,2026-08-21,2026-08-21T06:30:00+00:00
IE1000000465,Quarry Broad Commodities Enhanced ETF,Quarry Investments,Quarry Investments,Commodity,Broad Commodities,Broad,Diversified Commodity,IE,EUR,101.89,EUR,2011-08-07,15.0,Physical,Accumulating,0.29,Bolsa de Madrid,XMAD,QU0466,EUR,2013-10-16,ES,Quarry Product Feed,2026-08-21,2026-08-21T06:30:00+00:00
IE1000000465,Quarry Broad Commodities Enhanced ETF,Quarry Investments,Quarry Investments,Commodity,Broad Commodities,Broad,Diversified Commodity,IE,EUR,100.1,EUR,2011-08-07,15.0,Physical,Accumulating,0.29,London Stock Exchange,XLON,QU0460,GBP,2013-10-20,GB,Quarry Product Feed,2026-08-21,2026-08-21T06:30:00+00:00
IE1000000473,Vela Balanced Screened UCITS ETF,Vela Asset Management,Vela Asset Management,Multi-Asset,Balanced,Allocation,Global 60/40,LU,GBP,23.76,GBP,2006-04-19,20.3,Physical,Distributing,0.33,Deutsche Börse Xetra,XETR,VE0471,EUR,2007-12-05,DE,Vela Fund Files,2026-08-21,2026-08-21T06:30:00+00:00
IE1000000473,Vela Balanced Screened UCITS ETF,Vela Asset Management,Vela Asset Management,Multi-Asset,Balanced,Allocation,Global 60/40,LU,GBP,23.92,GBP,2006-04-19,20.3,Physical,Distributing,0.33,Borsa Italiana,XMIL,VE0473,EUR,2007-01-19,IT,Vela Fund Files,2026-08-21,2026-08-21T06:30:00+00:00
IE1000000481,Atlas Global Large Cap Screened UCITS ETF,Atlas Index,Atlas Index,Equity,Global Large Cap,Core,Global Developed 1000,IE,USD,934.92,USD,2022-12-08,3.7,Physical,Accumulating,0.38,Deutsche Börse Xetra,XETR,AT0481,EUR,2023-06-24,DE,Atlas Data Feed,2026-08-21,2026-08-21T06:30:00+00:00
IE1000000481,Atlas Global Large Cap Screened UCITS ETF,Atlas Index,Atlas Index,Equity,Global Large Cap,Core,Global Developed 1000,IE,USD,936.4,USD,2022-12-08,3.7,Physical,Accumulating,0.38,London Stock Exchange,XLON,AT0480,USD,2025-01-24,GB,Atlas Data Feed,2026-08-21,2026-08-21T06:30:00+00:00
IE1000000499,Northstar Short Duration Index ETF,Northstar Asset Management,Northstar Asset Management,Fixed Income,Short Duration,Defensive,EUR Corporate 1-3Y,LU,USD,37.0,USD,2018-02-26,8.5,Sampling,Accumulating,0.75,Deutsche Börse Xetra,XETR,NO0491,EUR,2018-11-29,DE,Northstar Public Data,2026-08-21,2026-08-21T06:30:00+00:00
IE1000000499,Northstar Short Duration Index ETF,Northstar Asset Management,Northstar Asset Management,Fixed Income,Short Duration,Defensive,EUR Corporate 1-3Y,LU,USD,36.29,USD,2018-02-26,8.5,Sampling,Accumulating,0.75,Euronext Amsterdam,XAMS,NO0495,EUR,2019-05-27,NL,Northstar Public Data,2026-08-21,2026-08-21T06:30:00+00:00
IE1000000507,Helix US Equity Enhanced ETF,Helix Funds,Helix Funds,Equity,US Equity,Core,US Large Cap 500,LU,EUR,2308.57,EUR,2007-09-21,18.9,Sampling,Distributing,0.19,Deutsche Börse Xetra,XETR,HE0501,EUR,2010-03-09,DE,Helix Market Files,2026-08-21,2026-08-21T06:30:00+00:00
IE1000000515,Meridian Defensive Allocation Enhanced ETF,Meridian ETFs,Meridian ETFs,Multi-Asset,Defensive Allocation,Allocation,Global 30/70,LU,EUR,7075.36,EUR,2007-05-05,19.3,Physical,Accumulating,0.35,Euronext Amsterdam,XAMS,ME0515,EUR,2008-03-22,NL,Meridian Data Service,2026-08-21,2026-08-21T06:30:00+00:00
IE1000000515,Meridian Defensive Allocation Enhanced ETF,Meridian ETFs,Meridian ETFs,Multi-Asset,Defensive Allocation,Allocation,Global 30/70,LU,EUR,6922.51,EUR,2007-05-05,19.3,Physical,Accumulating,0.35,Euronext Paris,XPAR,ME0512,EUR,2008-06-16,FR,Meridian Data Service,2026-08-21,2026-08-21T06:30:00+00:00
IE1000000523,Aperture Global Large Cap Index ETF,Aperture Index,Aperture Index,Equity,Global Large Cap,Core,Global Developed 1000,IE,EUR,14386.59,EUR,2010-12-23,15.7,Physical,Accumulating,0.21,Euronext Paris,XPAR,AP0522,EUR,2011-03-12,FR,Aperture Public Feed,2026-08-21,2026-08-21T06:30:00+00:00
IE1000000523,Aperture Global Large Cap Index ETF,Aperture Index,Aperture Index,Equity,Global Large Cap,Core,Global Developed 1000,IE,EUR,14234.46,EUR,2010-12-23,15.7,Physical,Accumulating,0.21,London Stock Exchange,XLON,AP0520,GBP,2011-05-21,GB,Aperture Public Feed,2026-08-21,2026-08-21T06:30:00+00:00
IE1000000531,Cedar Global Aggregate Bond Enhanced ETF,Cedar Capital,Cedar Capital,Fixed Income,Global Aggregate Bond,Core,Global Aggregate Bond,LU,EUR,84.01,EUR,2018-10-04,7.9,Physical,Accumulating,0.67,Euronext Amsterdam,XAMS,CE0535,EUR,2018-12-19,NL,Cedar Fund Data,2026-08-21,2026-08-21T06:30:00+00:00
IE1000000549,Quarry Broad Commodities Index ETF,Quarry Investments,Quarry Investments,Commodity,Broad Commodities,Broad,Diversified Commodity,IE,EUR,135.55,EUR,2008-07-25,18.1,Sampling,Distributing,0.32,Bolsa de Madrid,XMAD,QU0546,EUR,2010-01-19,ES,Quarry Product Feed,2026-08-21,2026-08-21T06:30:00+00:00
IE1000000556,Vela Global Large Cap UCITS ETF,Vela Asset Management,Vela Asset Management,Equity,Global Large Cap,Core,Global Developed 1000,LU,USD,37.31,USD,2018-11-16,7.8,Physical,Accumulating,0.32,Euronext Paris,XPAR,VE0552,EUR,2019-05-15,FR,Vela Fund Files,2026-08-21,2026-08-21T06:30:00+00:00
IE1000000564,Atlas Global Large Cap UCITS ETF,Atlas Index,Atlas Index,Equity,Global Large Cap,Core,Global Developed 1000,IE,EUR,4665.66,EUR,2012-01-04,14.6,Sampling,Distributing,0.18,Euronext Amsterdam,XAMS,AT0565,EUR,2013-12-14,NL,Atlas Data Feed,2026-08-21,2026-08-21T06:30:00+00:00
IE1000000572,Northstar Euro Government Bond Screened UCITS ETF,Northstar Asset Management,Northstar Asset Management,Fixed Income,Euro Government Bond,Duration,Euro Sovereign 7-10Y,IE,USD,379.82,USD,2024-09-29,1.9,Synthetic,Accumulating,0.22,Euronext Paris,XPAR,NO0572,EUR,2026-11-10,FR,Northstar Public Data,2026-08-21,2026-08-21T06:30:00+00:00
IE1000000580,Helix Broad Commodities UCITS ETF,Helix Funds,Helix Funds,Commodity,Broad Commodities,Broad,Diversified Commodity,LU,EUR,3185.29,EUR,2022-02-16,4.5,Physical,Accumulating,0.27,Bolsa de Madrid,XMAD,HE0586,EUR,2023-05-29,ES,Helix Market Files,2026-08-21,2026-08-21T06:30:00+00:00
IE1000000580,Helix Broad Commodities UCITS ETF,Helix Funds,Helix Funds,Commodity,Broad Commodities,Broad,Diversified Commodity,LU,EUR,3133.13,EUR,2022-02-16,4.5,Physical,Accumulating,0.27,Euronext Paris,XPAR,HE0582,EUR,2022-12-11,FR,Helix Market Files,2026-08-21,2026-08-21T06:30:00+00:00
IE1000000580,Helix Broad Commodities UCITS ETF,Helix Funds,Helix Funds,Commodity,Broad Commodities,Broad,Diversified Commodity,LU,EUR,3194.51,EUR,2022-02-16,4.5,Physical,Accumulating,0.27,London Stock Exchange,XLON,HE0580,USD,2023-12-19,GB,Helix Market Files,2026-08-21,2026-08-21T06:30:00+00:00
IE1000000598,Meridian Defensive Allocation Screened UCITS ETF,Meridian ETFs,Meridian ETFs,Multi-Asset,Defensive Allocation,Allocation,Global 30/70,LU,CHF,89.71,CHF,2006-04-24,20.3,Physical,Distributing,0.45,Euronext Paris,XPAR,ME0592,EUR,2007-12-31,FR,Meridian Data Service,2026-08-21,2026-08-21T06:30:00+00:00
IE1000000598,Meridian Defensive Allocation Screened UCITS ETF,Meridian ETFs,Meridian ETFs,Multi-Asset,Defensive Allocation,Allocation,Global 30/70,LU,CHF,89.76,CHF,2006-04-24,20.3,Physical,Distributing,0.45,SIX Swiss Exchange,XSWX,ME0594,USD,2008-01-22,CH,Meridian Data Service,2026-08-21,2026-08-21T06:30:00+00:00
IE1000000606,Aperture Emerging Markets Index ETF,Aperture Index,Aperture Index,Equity,Emerging Markets,Core,Emerging Markets Broad,LU,EUR,583.57,EUR,2008-04-08,18.4,Sampling,Accumulating,0.4,SIX Swiss Exchange,XSWX,AP0604,USD,2009-01-25,CH,Aperture Public Feed,2026-08-21,2026-08-21T06:30:00+00:00
IE1000000606,Aperture Emerging Markets Index ETF,Aperture Index,Aperture Index,Equity,Emerging Markets,Core,Emerging Markets Broad,LU,EUR,569.49,EUR,2008-04-08,18.4,Sampling,Accumulating,0.4,Deutsche Börse Xetra,XETR,AP0601,EUR,2008-08-28,DE,Aperture Public Feed,2026-08-21,2026-08-21T06:30:00+00:00
IE1000000606,Aperture Emerging Markets Index ETF,Aperture Index,Aperture Index,Equity,Emerging Markets,Core,Emerging Markets Broad,LU,EUR,584.17,EUR,2008-04-08,18.4,Sampling,Accumulating,0.4,Euronext Amsterdam,XAMS,AP0605,EUR,2010-02-18,NL,Aperture Public Feed,2026-08-21,2026-08-21T06:30:00+00:00
IE1000000614,Cedar Corporate Bond UCITS ETF,Cedar Capital,Cedar Capital,Fixed Income,Corporate Bond,Income,Global Corporate Bond,IE,GBP,22.93,GBP,2006-03-17,20.4,Synthetic,Accumulating,0.64,Bolsa de Madrid,XMAD,CE0616,EUR,2007-12-05,ES,Cedar Fund Data,2026-08-21,2026-08-21T06:30:00+00:00
IE1000000614,Cedar Corporate Bond UCITS ETF,Cedar Capital,Cedar Capital,Fixed Income,Corporate Bond,Income,Global Corporate Bond,IE,GBP,23.19,GBP,2006-03-17,20.4,Synthetic,Accumulating,0.64,Euronext Paris,XPAR,CE0612,EUR,2007-04-15,FR,Cedar Fund Data,2026-08-21,2026-08-21T06:30:00+00:00
IE1000000622,Quarry Gold Enhanced ETF,Quarry Investments,Quarry Investments,Commodity,Gold,Single commodity,Physical Gold Reference,IE,USD,2741.55,USD,2016-02-09,10.5,Physical,Distributing,0.08,London Stock Exchange,XLON,QU0620,GBP,2018-03-01,GB,Quarry Product Feed,2026-08-21,2026-08-21T06:30:00+00:00
IE1000000622,Quarry Gold Enhanced ETF,Quarry Investments,Quarry Investments,Commodity,Gold,Single commodity,Physical Gold Reference,IE,USD,2754.3,USD,2016-02-09,10.5,Physical,Distributing,0.08,Euronext Amsterdam,XAMS,QU0625,EUR,2016-06-10,NL,Quarry Product Feed,2026-08-21,2026-08-21T06:30:00+00:00
IE1000000630,Vela Defensive Allocation Enhanced ETF,Vela Asset Management,Vela Asset Management,Multi-Asset,Defensive Allocation,Allocation,Global 30/70,IE,USD,20.47,USD,2013-07-09,13.1,Sampling,Accumulating,0.06,Deutsche Börse Xetra,XETR,VE0631,EUR,2014-09-04,DE,Vela Fund Files,2026-08-21,2026-08-21T06:30:00+00:00
IE1000000648,Atlas US Equity UCITS ETF,Atlas Index,Atlas Index,Equity,US Equity,Core,US Large Cap 500,LU,EUR,184.53,EUR,2024-01-06,2.6,Physical,Accumulating,0.59,Euronext Amsterdam,XAMS,AT0645,EUR,2025-11-26,NL,Atlas Data Feed,2026-08-21,2026-08-21T06:30:00+00:00
IE1000000648,Atlas US Equity UCITS ETF,Atlas Index,Atlas Index,Equity,US Equity,Core,US Large Cap 500,LU,EUR,182.16,EUR,2024-01-06,2.6,Physical,Accumulating,0.59,Deutsche Börse Xetra,XETR,AT0641,EUR,2025-02-13,DE,Atlas Data Feed,2026-08-21,2026-08-21T06:30:00+00:00
IE1000000655,Northstar Emerging Markets Index ETF,Northstar Asset Management,Northstar Asset Management,Equity,Emerging Markets,Core,Emerging Markets Broad,IE,EUR,7516.31,EUR,2020-11-04,5.8,Physical,Accumulating,0.47,London Stock Exchange,XLON,NO0650,USD,2021-08-24,GB,Northstar Public Data,2026-08-21,2026-08-21T06:30:00+00:00
IE1000000663,Helix Broad Commodities Screened UCITS ETF,Helix Funds,Helix Funds,Commodity,Broad Commodities,Broad,Diversified Commodity,IE,EUR,18149.04,EUR,2017-05-12,9.3,Physical,Accumulating,0.33,Euronext Amsterdam,XAMS,HE0665,EUR,2019-01-07,NL,Helix Market Files,2026-08-21,2026-08-21T06:30:00+00:00
IE1000000663,Helix Broad Commodities Screened UCITS ETF,Helix Funds,Helix Funds,Commodity,Broad Commodities,Broad,Diversified Commodity,IE,EUR,18619.97,EUR,2017-05-12,9.3,Physical,Accumulating,0.33,Deutsche Börse Xetra,XETR,HE0661,EUR,2018-03-24,DE,Helix Market Files,2026-08-21,2026-08-21T06:30:00+00:00
IE1000000671,Meridian Balanced Index ETF,Meridian ETFs,Meridian ETFs,Multi-Asset,Balanced,Allocation,Global 60/40,LU,EUR,15486.84,EUR,2009-08-22,17.0,Physical,Accumulating,0.55,SIX Swiss Exchange,XSWX,ME0674,USD,2011-12-29,CH,Meridian Data Service,2026-08-21,2026-08-21T06:30:00+00:00
IE1000000689,Aperture Global Large Cap Screened UCITS ETF,Aperture Index,Aperture Index,Equity,Global Large Cap,Core,Global Developed 1000,IE,USD,19.94,USD,2011-03-10,15.4,Physical,Accumulating,0.63,Deutsche Börse Xetra,XETR,AP0681,EUR,2012-02-27,DE,Aperture Public Feed,2026-08-21,2026-08-21T06:30:00+00:00
IE1000000697,Cedar Euro Government Bond Enhanced ETF,Cedar Capital,Cedar Capital,Fixed Income,Euro Government Bond,Duration,Euro Sovereign 7-10Y,LU,EUR,1160.0,EUR,2021-11-28,4.7,Sampling,Accumulating,0.19,SIX Swiss Exchange,XSWX,CE0694,CHF,2023-03-08,CH,Cedar Fund Data,2026-08-21,2026-08-21T06:30:00+00:00
IE1000000697,Cedar Euro Government Bond Enhanced ETF,Cedar Capital,Cedar Capital,Fixed Income,Euro Government Bond,Duration,Euro Sovereign 7-10Y,LU,EUR,1147.85,EUR,2021-11-28,4.7,Sampling,Accumulating,0.19,London Stock Exchange,XLON,CE0690,GBP,2022-11-26,GB,Cedar Fund Data,2026-08-21,2026-08-21T06:30:00+00:00
IE1000000697,Cedar Euro Government Bond Enhanced ETF,Cedar Capital,Cedar Capital,Fixed Income,Euro Government Bond,Duration,Euro Sovereign 7-10Y,LU,EUR,1144.18,EUR,2021-11-28,4.7,Sampling,Accumulating,0.19,Deutsche Börse Xetra,XETR,CE0691,EUR,2022-04-23,DE,Cedar Fund Data,2026-08-21,2026-08-21T06:30:00+00:00
IE1000000697,Cedar Euro Government Bond Enhanced ETF,Cedar Capital,Cedar Capital,Fixed Income,Euro Government Bond,Duration,Euro Sovereign 7-10Y,LU,EUR,1129.11,EUR,2021-11-28,4.7,Sampling,Accumulating,0.19,Euronext Amsterdam,XAMS,CE0695,EUR,2023-06-16,NL,Cedar Fund Data,2026-08-21,2026-08-21T06:30:00+00:00
IE1000000705,Quarry Climate Transition Screened UCITS ETF,Quarry Investments,Quarry Investments,Equity,Climate Transition,ESG,Global Climate Transition,IE,USD,70.26,USD,2022-07-02,4.1,Sampling,Distributing,0.61,Borsa Italiana,XMIL,QU0703,EUR,2022-12-31,IT,Quarry Product Feed,2026-08-21,2026-08-21T06:30:00+00:00
IE1000000705,Quarry Climate Transition Screened UCITS ETF,Quarry Investments,Quarry Investments,Equity,Climate Transition,ESG,Global Climate Transition,IE,USD,71.71,USD,2022-07-02,4.1,Sampling,Distributing,0.61,Euronext Paris,XPAR,QU0702,EUR,2022-12-07,FR,Quarry Product Feed,2026-08-21,2026-08-21T06:30:00+00:00
IE1000000705,Quarry Climate Transition Screened UCITS ETF,Quarry Investments,Quarry Investments,Equity,Climate Transition,ESG,Global Climate Transition,IE,USD,72.19,USD,2022-07-02,4.1,Sampling,Distributing,0.61,Bolsa de Madrid,XMAD,QU0706,EUR,2024-02-19,ES,Quarry Product Feed,2026-08-21,2026-08-21T06:30:00+00:00
IE1000000713,Vela Defensive Allocation Screened UCITS ETF,Vela Asset Management,Vela Asset Management,Multi-Asset,Defensive Allocation,Allocation,Global 30/70,IE,USD,3859.94,USD,2010-04-27,16.3,Sampling,Distributing,0.37,Deutsche Börse Xetra,XETR,VE0711,EUR,2012-04-06,DE,Vela Fund Files,2026-08-21,2026-08-21T06:30:00+00:00
IE1000000713,Vela Defensive Allocation Screened UCITS ETF,Vela Asset Management,Vela Asset Management,Multi-Asset,Defensive Allocation,Allocation,Global 30/70,IE,USD,3790.88,USD,2010-04-27,16.3,Sampling,Distributing,0.37,Bolsa de Madrid,XMAD,VE0716,EUR,2012-04-23,ES,Vela Fund Files,2026-08-21,2026-08-21T06:30:00+00:00
IE1000000713,Vela Defensive Allocation Screened UCITS ETF,Vela Asset Management,Vela Asset Management,Multi-Asset,Defensive Allocation,Allocation,Global 30/70,IE,USD,3794.16,USD,2010-04-27,16.3,Sampling,Distributing,0.37,Euronext Amsterdam,XAMS,VE0715,EUR,2012-09-18,NL,Vela Fund Files,2026-08-21,2026-08-21T06:30:00+00:00
IE1000000721,Atlas Technology Index ETF,Atlas Index,Atlas Index,Equity,Technology,Thematic,Global Technology Leaders,IE,EUR,3973.58,EUR,2015-06-24,11.2,Physical,Accumulating,0.21,Bolsa de Madrid,XMAD,AT0726,EUR,2016-03-07,ES,Atlas Data Feed,2026-08-21,2026-08-21T06:30:00+00:00
IE1000000739,Northstar Corporate Bond Screened UCITS ETF,Northstar Asset Management,Northstar Asset Management,Fixed Income,Corporate Bond,Income,Global Corporate Bond,LU,USD,1170.58,USD,2011-03-27,15.4,Physical,Distributing,0.25,London Stock Exchange,XLON,NO0730,USD,2012-01-18,GB,Northstar Public Data,2026-08-21,2026-08-21T06:30:00+00:00
IE1000000739,Northstar Corporate Bond Screened UCITS ETF,Northstar Asset Management,Northstar Asset Management,Fixed Income,Corporate Bond,Income,Global Corporate Bond,LU,USD,1159.25,USD,2011-03-27,15.4,Physical,Distributing,0.25,SIX Swiss Exchange,XSWX,NO0734,CHF,2011-08-01,CH,Northstar Public Data,2026-08-21,2026-08-21T06:30:00+00:00
IE1000000747,Helix Gold Enhanced ETF,Helix Funds,Helix Funds,Commodity,Gold,Single commodity,Physical Gold Reference,LU,EUR,102.41,EUR,2021-02-03,5.5,Physical,Distributing,0.67,SIX Swiss Exchange,XSWX,HE0744,USD,2021-06-21,CH,Helix Market Files,2026-08-21,2026-08-21T06:30:00+00:00
IE1000000747,Helix Gold Enhanced ETF,Helix Funds,Helix Funds,Commodity,Gold,Single commodity,Physical Gold Reference,LU,EUR,103.27,EUR,2021-02-03,5.5,Physical,Distributing,0.67,Deutsche Börse Xetra,XETR,HE0741,EUR,2021-03-19,DE,Helix Market Files,2026-08-21,2026-08-21T06:30:00+00:00
IE1000000747,Helix Gold Enhanced ETF,Helix Funds,Helix Funds,Commodity,Gold,Single commodity,Physical Gold Reference,LU,EUR,100.64,EUR,2021-02-03,5.5,Physical,Distributing,0.67,Borsa Italiana,XMIL,HE0743,EUR,2023-05-03,IT,Helix Market Files,2026-08-21,2026-08-21T06:30:00+00:00
IE1000000754,Meridian European Equity UCITS ETF,Meridian ETFs,Meridian ETFs,Equity,European Equity,Core,Europe 600,IE,USD,151.72,USD,2017-12-08,8.7,Physical,Distributing,0.39,SIX Swiss Exchange,XSWX,ME0754,CHF,2019-04-15,CH,Meridian Data Service,2026-08-21,2026-08-21T06:30:00+00:00
IE1000000754,Meridian European Equity UCITS ETF,Meridian ETFs,Meridian ETFs,Equity,European Equity,Core,Europe 600,IE,USD,147.96,USD,2017-12-08,8.7,Physical,Distributing,0.39,Euronext Amsterdam,XAMS,ME0755,EUR,2019-08-20,NL,Meridian Data Service,2026-08-21,2026-08-21T06:30:00+00:00
IE1000000762,Aperture European Equity Enhanced ETF,Aperture Index,Aperture Index,Equity,European Equity,Core,Europe 600,LU,EUR,92.76,EUR,2014-07-04,12.1,Sampling,Distributing,0.71,Bolsa de Madrid,XMAD,AP0766,EUR,2016-09-10,ES,Aperture Public Feed,2026-08-21,2026-08-21T06:30:00+00:00
IE1000000770,Cedar Global Aggregate Bond UCITS ETF,Cedar Capital,Cedar Capital,Fixed Income,Global Aggregate Bond,Core,Global Aggregate Bond,LU,EUR,2973.59,EUR,2009-02-22,17.5,Physical,Accumulating,0.37,SIX Swiss Exchange,XSWX,CE0774,CHF,2011-04-10,CH,Cedar Fund Data,2026-08-21,2026-08-21T06:30:00+00:00
IE1000000770,Cedar Global Aggregate Bond UCITS ETF,Cedar Capital,Cedar Capital,Fixed Income,Global Aggregate Bond,Core,Global Aggregate Bond,LU,EUR,3004.67,EUR,2009-02-22,17.5,Physical,Accumulating,0.37,London Stock Exchange,XLON,CE0770,GBP,2009-06-16,GB,Cedar Fund Data,2026-08-21,2026-08-21T06:30:00+00:00
IE1000000788,Quarry Broad Commodities Index ETF,Quarry Investments,Quarry Investments,Commodity,Broad Commodities,Broad,Diversified Commodity,IE,EUR,7647.37,EUR,2023-06-08,3.2,Physical,Accumulating,0.37,Deutsche Börse Xetra,XETR,QU0781,EUR,2024-09-21,DE,Quarry Product Feed,2026-08-21,2026-08-21T06:30:00+00:00
IE1000000788,Quarry Broad Commodities Index ETF,Quarry Investments,Quarry Investments,Commodity,Broad Commodities,Broad,Diversified Commodity,IE,EUR,7767.43,EUR,2023-06-08,3.2,Physical,Accumulating,0.37,Bolsa de Madrid,XMAD,QU0786,EUR,2024-08-21,ES,Quarry Product Feed,2026-08-21,2026-08-21T06:30:00+00:00
IE1000000796,Vela Defensive Allocation UCITS ETF,Vela Asset Management,Vela Asset Management,Multi-Asset,Defensive Allocation,Allocation,Global 30/70,LU,CHF,2010.05,CHF,2007-12-05,18.7,Physical,Distributing,0.48,SIX Swiss Exchange,XSWX,VE0794,CHF,2009-08-15,CH,Vela Fund Files,2026-08-21,2026-08-21T06:30:00+00:00
IE1000000796,Vela Defensive Allocation UCITS ETF,Vela Asset Management,Vela Asset Management,Multi-Asset,Defensive Allocation,Allocation,Global 30/70,LU,CHF,1999.42,CHF,2007-12-05,18.7,Physical,Distributing,0.48,London Stock Exchange,XLON,VE0790,GBP,2008-12-27,GB,Vela Fund Files,2026-08-21,2026-08-21T06:30:00+00:00
IE1000000804,Atlas Global Large Cap Enhanced ETF,Atlas Index,Atlas Index,Equity,Global Large Cap,Core,Global Developed 1000,LU,CHF,3165.97,CHF,2019-03-28,7.4,Physical,Distributing,0.54,London Stock Exchange,XLON,AT0800,USD,2020-05-13,GB,Atlas Data Feed,2026-08-21,2026-08-21T06:30:00+00:00
IE1000000804,Atlas Global Large Cap Enhanced ETF,Atlas Index,Atlas Index,Equity,Global Large Cap,Core,Global Developed 1000,LU,CHF,3232.5,CHF,2019-03-28,7.4,Physical,Distributing,0.54,SIX Swiss Exchange,XSWX,AT0804,USD,2020-11-01,CH,Atlas Data Feed,2026-08-21,2026-08-21T06:30:00+00:00
IE1000000804,Atlas Global Large Cap Enhanced ETF,Atlas Index,Atlas Index,Equity,Global Large Cap,Core,Global Developed 1000,LU,CHF,3173.3,CHF,2019-03-28,7.4,Physical,Distributing,0.54,Borsa Italiana,XMIL,AT0803,EUR,2020-09-06,IT,Atlas Data Feed,2026-08-21,2026-08-21T06:30:00+00:00
IE1000000812,Northstar Euro Government Bond UCITS ETF,Northstar Asset Management,Northstar Asset Management,Fixed Income,Euro Government Bond,Duration,Euro Sovereign 7-10Y,IE,USD,8600.95,USD,2025-05-10,1.3,Physical,Accumulating,0.27,Euronext Amsterdam,XAMS,NO0815,EUR,2027-02-28,NL,Northstar Public Data,2026-08-21,2026-08-21T06:30:00+00:00
IE1000000820,Helix Gold UCITS ETF,Helix Funds,Helix Funds,Commodity,Gold,Single commodity,Physical Gold Reference,LU,EUR,4866.99,EUR,2014-02-28,12.5,Physical,Distributing,0.68,Euronext Amsterdam,XAMS,HE0825,EUR,2016-07-20,NL,Helix Market Files,2026-08-21,2026-08-21T06:30:00+00:00
IE1000000820,Helix Gold UCITS ETF,Helix Funds,Helix Funds,Commodity,Gold,Single commodity,Physical Gold Reference,LU,EUR,4887.2,EUR,2014-02-28,12.5,Physical,Distributing,0.68,London Stock Exchange,XLON,HE0820,GBP,2016-02-20,GB,Helix Market Files,2026-08-21,2026-08-21T06:30:00+00:00
IE1000000820,Helix Gold UCITS ETF,Helix Funds,Helix Funds,Commodity,Gold,Single commodity,Physical Gold Reference,LU,EUR,4847.71,EUR,2014-02-28,12.5,Physical,Distributing,0.68,Euronext Paris,XPAR,HE0822,EUR,2016-04-28,FR,Helix Market Files,2026-08-21,2026-08-21T06:30:00+00:00
IE1000000820,Helix Gold UCITS ETF,Helix Funds,Helix Funds,Commodity,Gold,Single commodity,Physical Gold Reference,LU,EUR,4916.69,EUR,2014-02-28,12.5,Physical,Distributing,0.68,Deutsche Börse Xetra,XETR,HE0821,EUR,2014-05-20,DE,Helix Market Files,2026-08-21,2026-08-21T06:30:00+00:00
IE1000000838,Meridian Defensive Allocation Screened UCITS ETF,Meridian ETFs,Meridian ETFs,Multi-Asset,Defensive Allocation,Allocation,Global 30/70,IE,USD,550.7,USD,2020-10-25,5.8,Sampling,Distributing,0.15,Euronext Amsterdam,XAMS,ME0835,EUR,2021-07-14,NL,Meridian Data Service,2026-08-21,2026-08-21T06:30:00+00:00
IE1000000838,Meridian Defensive Allocation Screened UCITS ETF,Meridian ETFs,Meridian ETFs,Multi-Asset,Defensive Allocation,Allocation,Global 30/70,IE,USD,549.96,USD,2020-10-25,5.8,Sampling,Distributing,0.15,SIX Swiss Exchange,XSWX,ME0834,USD,2021-01-17,CH,Meridian Data Service,2026-08-21,2026-08-21T06:30:00+00:00
IE1000000846,Aperture European Equity Enhanced ETF,Aperture Index,Aperture Index,Equity,European Equity,Core,Europe 600,LU,GBP,2279.84,GBP,2007-11-10,18.8,Sampling,Accumulating,0.47,Bolsa de Madrid,XMAD,AP0846,EUR,2008-04-03,ES,Aperture Public Feed,2026-08-21,2026-08-21T06:30:00+00:00
IE1000000846,Aperture European Equity Enhanced ETF,Aperture Index,Aperture Index,Equity,European Equity,Core,Europe 600,LU,GBP,2317.79,GBP,2007-11-10,18.8,Sampling,Accumulating,0.47,Euronext Paris,XPAR,AP0842,EUR,2009-06-01,FR,Aperture Public Feed,2026-08-21,2026-08-21T06:30:00+00:00
IE1000000853,Cedar Emerging Markets Screened UCITS ETF,Cedar Capital,Cedar Capital,Equity,Emerging Markets,Core,Emerging Markets Broad,LU,EUR,167.85,EUR,2014-04-18,12.3,Synthetic,Accumulating,0.36,Borsa Italiana,XMIL,CE0853,EUR,2014-12-07,IT,Cedar Fund Data,2026-08-21,2026-08-21T06:30:00+00:00
IE1000000853,Cedar Emerging Markets Screened UCITS ETF,Cedar Capital,Cedar Capital,Equity,Emerging Markets,Core,Emerging Markets Broad,LU,EUR,167.57,EUR,2014-04-18,12.3,Synthetic,Accumulating,0.36,Euronext Amsterdam,XAMS,CE0855,EUR,2014-11-09,NL,Cedar Fund Data,2026-08-21,2026-08-21T06:30:00+00:00
IE1000000853,Cedar Emerging Markets Screened UCITS ETF,Cedar Capital,Cedar Capital,Equity,Emerging Markets,Core,Emerging Markets Broad,LU,EUR,168.35,EUR,2014-04-18,12.3,Synthetic,Accumulating,0.36,London Stock Exchange,XLON,CE0850,USD,2016-03-25,GB,Cedar Fund Data,2026-08-21,2026-08-21T06:30:00+00:00
IE1000000861,Quarry Gold Index ETF,Quarry Investments,Quarry Investments,Commodity,Gold,Single commodity,Physical Gold Reference,LU,EUR,51.58,EUR,2006-05-15,20.3,Physical,Distributing,0.53,Euronext Amsterdam,XAMS,QU0865,EUR,2006-12-15,NL,Quarry Product Feed,2026-08-21,2026-08-21T06:30:00+00:00
IE1000000861,Quarry Gold Index ETF,Quarry Investments,Quarry Investments,Commodity,Gold,Single commodity,Physical Gold Reference,LU,EUR,51.99,EUR,2006-05-15,20.3,Physical,Distributing,0.53,SIX Swiss Exchange,XSWX,QU0864,CHF,2008-06-12,CH,Quarry Product Feed,2026-08-21,2026-08-21T06:30:00+00:00
IE1000000879,Vela Defensive Allocation Enhanced ETF,Vela Asset Management,Vela Asset Management,Multi-Asset,Defensive Allocation,Allocation,Global 30/70,IE,EUR,323.46,EUR,2006-12-19,19.7,Sampling,Distributing,0.34,Deutsche Börse Xetra,XETR,VE0871,EUR,2008-01-02,DE,Vela Fund Files,2026-08-21,2026-08-21T06:30:00+00:00
IE1000000879,Vela Defensive Allocation Enhanced ETF,Vela Asset Management,Vela Asset Management,Multi-Asset,Defensive Allocation,Allocation,Global 30/70,IE,EUR,320.45,EUR,2006-12-19,19.7,Sampling,Distributing,0.34,Euronext Paris,XPAR,VE0872,EUR,2008-04-07,FR,Vela Fund Files,2026-08-21,2026-08-21T06:30:00+00:00
IE1000000879,Vela Defensive Allocation Enhanced ETF,Vela Asset Management,Vela Asset Management,Multi-Asset,Defensive Allocation,Allocation,Global 30/70,IE,EUR,319.76,EUR,2006-12-19,19.7,Sampling,Distributing,0.34,Euronext Amsterdam,XAMS,VE0875,EUR,2007-11-03,NL,Vela Fund Files,2026-08-21,2026-08-21T06:30:00+00:00
IE1000000887,Atlas US Equity Enhanced ETF,Atlas Index,Atlas Index,Equity,US Equity,Core,US Large Cap 500,LU,USD,163.08,USD,2015-07-06,11.1,Synthetic,Distributing,0.33,London Stock Exchange,XLON,AT0880,GBP,2016-04-22,GB,Atlas Data Feed,2026-08-21,2026-08-21T06:30:00+00:00
IE1000000887,Atlas US Equity Enhanced ETF,Atlas Index,Atlas Index,Equity,US Equity,Core,US Large Cap 500,LU,USD,158.88,USD,2015-07-06,11.1,Synthetic,Distributing,0.33,SIX Swiss Exchange,XSWX,AT0884,USD,2015-10-17,CH,Atlas Data Feed,2026-08-21,2026-08-21T06:30:00+00:00
IE1000000887,Atlas US Equity Enhanced ETF,Atlas Index,Atlas Index,Equity,US Equity,Core,US Large Cap 500,LU,USD,162.96,USD,2015-07-06,11.1,Synthetic,Distributing,0.33,Borsa Italiana,XMIL,AT0883,EUR,2016-01-17,IT,Atlas Data Feed,2026-08-21,2026-08-21T06:30:00+00:00
IE1000000887,Atlas US Equity Enhanced ETF,Atlas Index,Atlas Index,Equity,US Equity,Core,US Large Cap 500,LU,USD,159.94,USD,2015-07-06,11.1,Synthetic,Distributing,0.33,Euronext Amsterdam,XAMS,AT0885,EUR,2017-02-04,NL,Atlas Data Feed,2026-08-21,2026-08-21T06:30:00+00:00
IE1000000895,Northstar Global Aggregate Bond Screened UCITS ETF,Northstar Asset Management,Northstar Asset Management,Fixed Income,Global Aggregate Bond,Core,Global Aggregate Bond,LU,GBP,85.01,GBP,2014-08-17,12.0,Sampling,Accumulating,0.66,Deutsche Börse Xetra,XETR,NO0891,EUR,2015-12-15,DE,Northstar Public Data,2026-08-21,2026-08-21T06:30:00+00:00
IE1000000903,Helix Emerging Markets UCITS ETF,Helix Funds,Helix Funds,Equity,Emerging Markets,Core,Emerging Markets Broad,LU,GBP,34.88,GBP,2014-03-22,12.4,Synthetic,Distributing,0.32,Euronext Paris,XPAR,HE0902,EUR,2014-08-29,FR,Helix Market Files,2026-08-21,2026-08-21T06:30:00+00:00
IE1000000903,Helix Emerging Markets UCITS ETF,Helix Funds,Helix Funds,Equity,Emerging Markets,Core,Emerging Markets Broad,LU,GBP,34.24,GBP,2014-03-22,12.4,Synthetic,Distributing,0.32,Deutsche Börse Xetra,XETR,HE0901,EUR,2015-08-14,DE,Helix Market Files,2026-08-21,2026-08-21T06:30:00+00:00
IE1000000911,Meridian Defensive Allocation UCITS ETF,Meridian ETFs,Meridian ETFs,Multi-Asset,Defensive Allocation,Allocation,Global 30/70,IE,EUR,12144.96,EUR,2022-08-30,4.0,Physical,Distributing,0.3,SIX Swiss Exchange,XSWX,ME0914,CHF,2023-08-08,CH,Meridian Data Service,2026-08-21,2026-08-21T06:30:00+00:00
IE1000000929,Aperture Climate Transition Enhanced ETF,Aperture Index,Aperture Index,Equity,Climate Transition,ESG,Global Climate Transition,IE,USD,426.62,USD,2017-10-11,8.9,Physical,Accumulating,0.31,Borsa Italiana,XMIL,AP0923,EUR,2019-12-07,IT,Aperture Public Feed,2026-08-21,2026-08-21T06:30:00+00:00
IE1000000929,Aperture Climate Transition Enhanced ETF,Aperture Index,Aperture Index,Equity,Climate Transition,ESG,Global Climate Transition,IE,USD,426.59,USD,2017-10-11,8.9,Physical,Accumulating,0.31,Euronext Amsterdam,XAMS,AP0925,EUR,2019-05-21,NL,Aperture Public Feed,2026-08-21,2026-08-21T06:30:00+00:00
IE1000000929,Aperture Climate Transition Enhanced ETF,Aperture Index,Aperture Index,Equity,Climate Transition,ESG,Global Climate Transition,IE,USD,425.51,USD,2017-10-11,8.9,Physical,Accumulating,0.31,London Stock Exchange,XLON,AP0920,GBP,2017-12-10,GB,Aperture Public Feed,2026-08-21,2026-08-21T06:30:00+00:00
IE1000000937,Cedar Euro Government Bond Enhanced ETF,Cedar Capital,Cedar Capital,Fixed Income,Euro Government Bond,Duration,Euro Sovereign 7-10Y,IE,EUR,1193.08,EUR,2024-04-21,2.3,Synthetic,Distributing,0.36,Deutsche Börse Xetra,XETR,CE0931,EUR,2026-10-05,DE,Cedar Fund Data,2026-08-21,2026-08-21T06:30:00+00:00
IE1000000937,Cedar Euro Government Bond Enhanced ETF,Cedar Capital,Cedar Capital,Fixed Income,Euro Government Bond,Duration,Euro Sovereign 7-10Y,IE,EUR,1168.83,EUR,2024-04-21,2.3,Synthetic,Distributing,0.36,SIX Swiss Exchange,XSWX,CE0934,CHF,2024-05-22,CH,Cedar Fund Data,2026-08-21,2026-08-21T06:30:00+00:00
IE1000000945,Quarry Broad Commodities UCITS ETF,Quarry Investments,Quarry Investments,Commodity,Broad Commodities,Broad,Diversified Commodity,IE,EUR,344.17,EUR,2024-04-28,2.3,Physical,Distributing,0.25,Bolsa de Madrid,XMAD,QU0946,EUR,2024-06-22,ES,Quarry Product Feed,2026-08-21,2026-08-21T06:30:00+00:00
IE1000000952,Vela Technology Enhanced ETF,Vela Asset Management,Vela Asset Management,Equity,Technology,Thematic,Global Technology Leaders,LU,USD,35.24,USD,2013-10-24,12.8,Physical,Accumulating,0.68,Euronext Paris,XPAR,VE0952,EUR,2014-05-18,FR,Vela Fund Files,2026-08-21,2026-08-21T06:30:00+00:00
IE1000000952,Vela Technology Enhanced ETF,Vela Asset Management,Vela Asset Management,Equity,Technology,Thematic,Global Technology Leaders,LU,USD,36.34,USD,2013-10-24,12.8,Physical,Accumulating,0.68,Borsa Italiana,XMIL,VE0953,EUR,2016-02-01,IT,Vela Fund Files,2026-08-21,2026-08-21T06:30:00+00:00
IE1000000952,Vela Technology Enhanced ETF,Vela Asset Management,Vela Asset Management,Equity,Technology,Thematic,Global Technology Leaders,LU,USD,36.13,USD,2013-10-24,12.8,Physical,Accumulating,0.68,London Stock Exchange,XLON,VE0950,USD,2014-05-20,GB,Vela Fund Files,2026-08-21,2026-08-21T06:30:00+00:00
IE1000000960,Atlas Technology Index ETF,Atlas Index,Atlas Index,Equity,Technology,Thematic,Global Technology Leaders,IE,EUR,43.33,EUR,2019-01-09,7.6,Physical,Distributing,0.29,Borsa Italiana,XMIL,AT0963,EUR,2019-06-09,IT,Atlas Data Feed,2026-08-21,2026-08-21T06:30:00+00:00
IE1000000960,Atlas Technology Index ETF,Atlas Index,Atlas Index,Equity,Technology,Thematic,Global Technology Leaders,IE,EUR,44.03,EUR,2019-01-09,7.6,Physical,Distributing,0.29,SIX Swiss Exchange,XSWX,AT0964,USD,2021-05-27,CH,Atlas Data Feed,2026-08-21,2026-08-21T06:30:00+00:00
IE1000000978,Northstar Euro Government Bond Enhanced ETF,Northstar Asset Management,Northstar Asset Management,Fixed Income,Euro Government Bond,Duration,Euro Sovereign 7-10Y,IE,CHF,151.96,CHF,2014-08-10,12.0,Physical,Accumulating,0.49,SIX Swiss Exchange,XSWX,NO0974,CHF,2016-05-10,CH,Northstar Public Data,2026-08-21,2026-08-21T06:30:00+00:00
IE1000000978,Northstar Euro Government Bond Enhanced ETF,Northstar Asset Management,Northstar Asset Management,Fixed Income,Euro Government Bond,Duration,Euro Sovereign 7-10Y,IE,CHF,151.83,CHF,2014-08-10,12.0,Physical,Accumulating,0.49,Euronext Paris,XPAR,NO0972,EUR,2015-09-16,FR,Northstar Public Data,2026-08-21,2026-08-21T06:30:00+00:00
IE1000000978,Northstar Euro Government Bond Enhanced ETF,Northstar Asset Management,Northstar Asset Management,Fixed Income,Euro Government Bond,Duration,Euro Sovereign 7-10Y,IE,CHF,154.69,CHF,2014-08-10,12.0,Physical,Accumulating,0.49,Borsa Italiana,XMIL,NO0973,EUR,2015-09-18,IT,Northstar Public Data,2026-08-21,2026-08-21T06:30:00+00:00
IE1000000986,Helix Broad Commodities UCITS ETF,Helix Funds,Helix Funds,Commodity,Broad Commodities,Broad,Diversified Commodity,LU,GBP,2748.53,GBP,2015-07-06,11.1,Sampling,Distributing,0.39,London Stock Exchange,XLON,HE0980,USD,2016-06-22,GB,Helix Market Files,2026-08-21,2026-08-21T06:30:00+00:00
IE1000000986,Helix Broad Commodities UCITS ETF,Helix Funds,Helix Funds,Commodity,Broad Commodities,Broad,Diversified Commodity,LU,GBP,2798.27,GBP,2015-07-06,11.1,Sampling,Distributing,0.39,Euronext Paris,XPAR,HE0982,EUR,2016-06-24,FR,Helix Market Files,2026-08-21,2026-08-21T06:30:00+00:00
IE1000000994,Meridian Balanced Enhanced ETF,Meridian ETFs,Meridian ETFs,Multi-Asset,Balanced,Allocation,Global 60/40,LU,EUR,26.72,EUR,2016-12-19,9.7,Physical,Distributing,0.12,Borsa Italiana,XMIL,ME0993,EUR,2017-08-06,IT,Meridian Data Service,2026-08-21,2026-08-21T06:30:00+00:00
IE1000000994,Meridian Balanced Enhanced ETF,Meridian ETFs,Meridian ETFs,Multi-Asset,Balanced,Allocation,Global 60/40,LU,EUR,26.95,EUR,2016-12-19,9.7,Physical,Distributing,0.12,Deutsche Börse Xetra,XETR,ME0991,EUR,2018-02-09,DE,Meridian Data Service,2026-08-21,2026-08-21T06:30:00+00:00
IE1000001000,Aperture Emerging Markets Enhanced ETF,Aperture Index,Aperture Index,Equity,Emerging Markets,Core,Emerging Markets Broad,LU,USD,4677.57,USD,2019-04-12,7.4,Physical,Distributing,0.72,Euronext Amsterdam,XAMS,AP1005,EUR,2019-09-18,NL,Aperture Public Feed,2026-08-21,2026-08-21T06:30:00+00:00
IE1000001000,Aperture Emerging Markets Enhanced ETF,Aperture Index,Aperture Index,Equity,Emerging Markets,Core,Emerging Markets Broad,LU,USD,4674.9,USD,2019-04-12,7.4,Physical,Distributing,0.72,SIX Swiss Exchange,XSWX,AP1004,USD,2020-07-30,CH,Aperture Public Feed,2026-08-21,2026-08-21T06:30:00+00:00
IE1000001018,Cedar Short Duration Screened UCITS ETF,Cedar Capital,Cedar Capital,Fixed Income,Short Duration,Defensive,EUR Corporate 1-3Y,LU,EUR,11059.54,EUR,2015-11-13,10.8,Physical,Distributing,0.31,Bolsa de Madrid,XMAD,CE1016,EUR,2016-07-29,ES,Cedar Fund Data,2026-08-21,2026-08-21T06:30:00+00:00
IE1000001026,Quarry Gold Index ETF,Quarry Investments,Quarry Investments,Commodity,Gold,Single commodity,Physical Gold Reference,IE,USD,305.82,USD,2009-05-31,17.2,Physical,Accumulating,0.41,Euronext Amsterdam,XAMS,QU1025,EUR,2011-09-23,NL,Quarry Product Feed,2026-08-21,2026-08-21T06:30:00+00:00
IE1000001026,Quarry Gold Index ETF,Quarry Investments,Quarry Investments,Commodity,Gold,Single commodity,Physical Gold Reference,IE,USD,301.38,USD,2009-05-31,17.2,Physical,Accumulating,0.41,London Stock Exchange,XLON,QU1020,USD,2009-08-06,GB,Quarry Product Feed,2026-08-21,2026-08-21T06:30:00+00:00
IE1000001026,Quarry Gold Index ETF,Quarry Investments,Quarry Investments,Commodity,Gold,Single commodity,Physical Gold Reference,IE,USD,302.92,USD,2009-05-31,17.2,Physical,Accumulating,0.41,Euronext Paris,XPAR,QU1022,EUR,2009-10-19,FR,Quarry Product Feed,2026-08-21,2026-08-21T06:30:00+00:00
IE1000001034,Vela Defensive Allocation UCITS ETF,Vela Asset Management,Vela Asset Management,Multi-Asset,Defensive Allocation,Allocation,Global 30/70,IE,GBP,113.56,GBP,2020-05-30,6.2,Synthetic,Accumulating,0.43,Euronext Paris,XPAR,VE1032,EUR,2020-12-29,FR,Vela Fund Files,2026-08-21,2026-08-21T06:30:00+00:00
IE1000001042,Atlas Global Large Cap Index ETF,Atlas Index,Atlas Index,Equity,Global Large Cap,Core,Global Developed 1000,IE,USD,350.54,USD,2006-07-01,20.1,Sampling,Distributing,0.53,Deutsche Börse Xetra,XETR,AT1041,EUR,2007-05-25,DE,Atlas Data Feed,2026-08-21,2026-08-21T06:30:00+00:00
IE1000001042,Atlas Global Large Cap Index ETF,Atlas Index,Atlas Index,Equity,Global Large Cap,Core,Global Developed 1000,IE,USD,355.46,USD,2006-07-01,20.1,Sampling,Distributing,0.53,Euronext Amsterdam,XAMS,AT1045,EUR,2007-11-21,NL,Atlas Data Feed,2026-08-21,2026-08-21T06:30:00+00:00
IE1000001059,Northstar US Equity Screened UCITS ETF,Northstar Asset Management,Northstar Asset Management,Equity,US Equity,Core,US Large Cap 500,IE,EUR,2882.02,EUR,2025-01-13,1.6,Synthetic,Distributing,0.66,Deutsche Börse Xetra,XETR,NO1051,EUR,2026-12-27,DE,Northstar Public Data,2026-08-21,2026-08-21T06:30:00+00:00
IE1000001059,Northstar US Equity Screened UCITS ETF,Northstar Asset Management,Northstar Asset Management,Equity,US Equity,Core,US Large Cap 500,IE,EUR,2926.3,EUR,2025-01-13,1.6,Synthetic,Distributing,0.66,Borsa Italiana,XMIL,NO1053,EUR,2027-06-09,IT,Northstar Public Data,2026-08-21,2026-08-21T06:30:00+00:00
IE1000001059,Northstar US Equity Screened UCITS ETF,Northstar Asset Management,Northstar Asset Management,Equity,US Equity,Core,US Large Cap 500,IE,EUR,2930.61,EUR,2025-01-13,1.6,Synthetic,Distributing,0.66,Euronext Amsterdam,XAMS,NO1055,EUR,2027-01-10,NL,Northstar Public Data,2026-08-21,2026-08-21T06:30:00+00:00
IE1000001067,Helix Gold Screened UCITS ETF,Helix Funds,Helix Funds,Commodity,Gold,Single commodity,Physical Gold Reference,IE,USD,12004.85,USD,2008-02-04,18.5,Sampling,Accumulating,0.55,Borsa Italiana,XMIL,HE1063,EUR,2009-04-21,IT,Helix Market Files,2026-08-21,2026-08-21T06:30:00+00:00
IE1000001067,Helix Gold Screened UCITS ETF,Helix Funds,Helix Funds,Commodity,Gold,Single commodity,Physical Gold Reference,IE,USD,12387.01,USD,2008-02-04,18.5,Sampling,Accumulating,0.55,SIX Swiss Exchange,XSWX,HE1064,USD,2010-07-21,CH,Helix Market Files,2026-08-21,2026-08-21T06:30:00+00:00
IE1000001067,Helix Gold Screened UCITS ETF,Helix Funds,Helix Funds,Commodity,Gold,Single commodity,Physical Gold Reference,IE,USD,12074.28,USD,2008-02-04,18.5,Sampling,Accumulating,0.55,Bolsa de Madrid,XMAD,HE1066,EUR,2010-01-12,ES,Helix Market Files,2026-08-21,2026-08-21T06:30:00+00:00
IE1000001067,Helix Gold Screened UCITS ETF,Helix Funds,Helix Funds,Commodity,Gold,Single commodity,Physical Gold Reference,IE,USD,12125.19,USD,2008-02-04,18.5,Sampling,Accumulating,0.55,Deutsche Börse Xetra,XETR,HE1061,EUR,2008-09-08,DE,Helix Market Files,2026-08-21,2026-08-21T06:30:00+00:00
IE1000001075,Meridian Defensive Allocation Index ETF,Meridian ETFs,Meridian ETFs,Multi-Asset,Defensive Allocation,Allocation,Global 30/70,LU,EUR,188.22,EUR,2022-02-23,4.5,Sampling,Accumulating,0.58,Euronext Paris,XPAR,ME1072,EUR,2024-05-19,FR,Meridian Data Service,2026-08-21,2026-08-21T06:30:00+00:00
IE1000001075,Meridian Defensive Allocation Index ETF,Meridian ETFs,Meridian ETFs,Multi-Asset,Defensive Allocation,Allocation,Global 30/70,LU,EUR,188.0,EUR,2022-02-23,4.5,Sampling,Accumulating,0.58,London Stock Exchange,XLON,ME1070,USD,2023-03-14,GB,Meridian Data Service,2026-08-21,2026-08-21T06:30:00+00:00
IE1000001083,Aperture Climate Transition Screened UCITS ETF,Aperture Index,Aperture Index,Equity,Climate Transition,ESG,Global Climate Transition,LU,GBP,58.22,GBP,2012-07-24,14.1,Physical,Distributing,0.65,Deutsche Börse Xetra,XETR,AP1081,EUR,2014-07-11,DE,Aperture Public Feed,2026-08-21,2026-08-21T06:30:00+00:00
IE1000001083,Aperture Climate Transition Screened UCITS ETF,Aperture Index,Aperture Index,Equity,Climate Transition,ESG,Global Climate Transition,LU,GBP,57.46,GBP,2012-07-24,14.1,Physical,Distributing,0.65,Bolsa de Madrid,XMAD,AP1086,EUR,2013-07-04,ES,Aperture Public Feed,2026-08-21,2026-08-21T06:30:00+00:00
IE1000001083,Aperture Climate Transition Screened UCITS ETF,Aperture Index,Aperture Index,Equity,Climate Transition,ESG,Global Climate Transition,LU,GBP,56.66,GBP,2012-07-24,14.1,Physical,Distributing,0.65,Euronext Amsterdam,XAMS,AP1085,EUR,2013-06-16,NL,Aperture Public Feed,2026-08-21,2026-08-21T06:30:00+00:00
IE1000001083,Aperture Climate Transition Screened UCITS ETF,Aperture Index,Aperture Index,Equity,Climate Transition,ESG,Global Climate Transition,LU,GBP,58.05,GBP,2012-07-24,14.1,Physical,Distributing,0.65,SIX Swiss Exchange,XSWX,AP1084,USD,2013-07-12,CH,Aperture Public Feed,2026-08-21,2026-08-21T06:30:00+00:00
IE1000001091,Cedar Short Duration Enhanced ETF,Cedar Capital,Cedar Capital,Fixed Income,Short Duration,Defensive,EUR Corporate 1-3Y,LU,EUR,33.77,EUR,2008-10-31,17.8,Physical,Accumulating,0.23,Borsa Italiana,XMIL,CE1093,EUR,2010-03-22,IT,Cedar Fund Data,2026-08-21,2026-08-21T06:30:00+00:00
IE1000001091,Cedar Short Duration Enhanced ETF,Cedar Capital,Cedar Capital,Fixed Income,Short Duration,Defensive,EUR Corporate 1-3Y,LU,EUR,34.29,EUR,2008-10-31,17.8,Physical,Accumulating,0.23,Euronext Amsterdam,XAMS,CE1095,EUR,2008-11-08,NL,Cedar Fund Data,2026-08-21,2026-08-21T06:30:00+00:00
IE1000001109,Quarry Global Large Cap Index ETF,Quarry Investments,Quarry Investments,Equity,Global Large Cap,Core,Global Developed 1000,LU,EUR,214.91,EUR,2008-05-22,18.2,Synthetic,Accumulating,0.2,Euronext Paris,XPAR,QU1102,EUR,2009-10-16,FR,Quarry Product Feed,2026-08-21,2026-08-21T06:30:00+00:00
IE1000001109,Quarry Global Large Cap Index ETF,Quarry Investments,Quarry Investments,Equity,Global Large Cap,Core,Global Developed 1000,LU,EUR,220.45,EUR,2008-05-22,18.2,Synthetic,Accumulating,0.2,London Stock Exchange,XLON,QU1100,USD,2010-02-21,GB,Quarry Product Feed,2026-08-21,2026-08-21T06:30:00+00:00
IE1000001117,Vela Balanced UCITS ETF,Vela Asset Management,Vela Asset Management,Multi-Asset,Balanced,Allocation,Global 60/40,LU,USD,4197.59,USD,2007-09-27,18.9,Sampling,Accumulating,0.27,Deutsche Börse Xetra,XETR,VE1111,EUR,2009-07-21,DE,Vela Fund Files,2026-08-21,2026-08-21T06:30:00+00:00
IE1000001125,Atlas Emerging Markets Screened UCITS ETF,Atlas Index,Atlas Index,Equity,Emerging Markets,Core,Emerging Markets Broad,LU,GBP,16338.4,GBP,2007-04-17,19.3,Sampling,Distributing,0.64,Bolsa de Madrid,XMAD,AT1126,EUR,2007-10-19,ES,Atlas Data Feed,2026-08-21,2026-08-21T06:30:00+00:00
IE1000001125,Atlas Emerging Markets Screened UCITS ETF,Atlas Index,Atlas Index,Equity,Emerging Markets,Core,Emerging Markets Broad,LU,GBP,16729.09,GBP,2007-04-17,19.3,Sampling,Distributing,0.64,Borsa Italiana,XMIL,AT1123,EUR,2008-02-22,IT,Atlas Data Feed,2026-08-21,2026-08-21T06:30:00+00:00
IE1000001133,Northstar Short Duration UCITS ETF,Northstar Asset Management,Northstar Asset Management,Fixed Income,Short Duration,Defensive,EUR Corporate 1-3Y,LU,EUR,145.01,EUR,2009-03-28,17.4,Physical,Accumulating,0.72,SIX Swiss Exchange,XSWX,NO1134,CHF,2010-04-20,CH,Northstar Public Data,2026-08-21,2026-08-21T06:30:00+00:00
IE1000001133,Northstar Short Duration UCITS ETF,Northstar Asset Management,Northstar Asset Management,Fixed Income,Short Duration,Defensive,EUR Corporate 1-3Y,LU,EUR,143.47,EUR,2009-03-28,17.4,Physical,Accumulating,0.72,Bolsa de Madrid,XMAD,NO1136,EUR,2010-10-08,ES,Northstar Public Data,2026-08-21,2026-08-21T06:30:00+00:00
IE1000001133,Northstar Short Duration UCITS ETF,Northstar Asset Management,Northstar Asset Management,Fixed Income,Short Duration,Defensive,EUR Corporate 1-3Y,LU,EUR,140.82,EUR,2009-03-28,17.4,Physical,Accumulating,0.72,Euronext Amsterdam,XAMS,NO1135,EUR,2011-06-14,NL,Northstar Public Data,2026-08-21,2026-08-21T06:30:00+00:00
IE1000001133,Northstar Short Duration UCITS ETF,Northstar Asset Management,Northstar Asset Management,Fixed Income,Short Duration,Defensive,EUR Corporate 1-3Y,LU,EUR,142.19,EUR,2009-03-28,17.4,Physical,Accumulating,0.72,London Stock Exchange,XLON,NO1130,GBP,2009-04-24,GB,Northstar Public Data,2026-08-21,2026-08-21T06:30:00+00:00
IE1000001141,Helix Broad Commodities UCITS ETF,Helix Funds,Helix Funds,Commodity,Broad Commodities,Broad,Diversified Commodity,LU,CHF,610.25,CHF,2007-01-14,19.6,Physical,Accumulating,0.32,London Stock Exchange,XLON,HE1140,GBP,2009-01-27,GB,Helix Market Files,2026-08-21,2026-08-21T06:30:00+00:00
IE1000001141,Helix Broad Commodities UCITS ETF,Helix Funds,Helix Funds,Commodity,Broad Commodities,Broad,Diversified Commodity,LU,CHF,621.81,CHF,2007-01-14,19.6,Physical,Accumulating,0.32,Euronext Paris,XPAR,HE1142,EUR,2008-07-08,FR,Helix Market Files,2026-08-21,2026-08-21T06:30:00+00:00
IE1000001158,Meridian US Equity UCITS ETF,Meridian ETFs,Meridian ETFs,Equity,US Equity,Core,US Large Cap 500,LU,EUR,2095.71,EUR,2023-07-26,3.1,Sampling,Accumulating,0.29,Bolsa de Madrid,XMAD,ME1156,EUR,2023-10-08,ES,Meridian Data Service,2026-08-21,2026-08-21T06:30:00+00:00
IE1000001158,Meridian US Equity UCITS ETF,Meridian ETFs,Meridian ETFs,Equity,US Equity,Core,US Large Cap 500,LU,EUR,2099.44,EUR,2023-07-26,3.1,Sampling,Accumulating,0.29,Euronext Paris,XPAR,ME1152,EUR,2025-04-29,FR,Meridian Data Service,2026-08-21,2026-08-21T06:30:00+00:00
IE1000001158,Meridian US Equity UCITS ETF,Meridian ETFs,Meridian ETFs,Equity,US Equity,Core,US Large Cap 500,LU,EUR,2095.64,EUR,2023-07-26,3.1,Sampling,Accumulating,0.29,Deutsche Börse Xetra,XETR,ME1151,EUR,2024-11-18,DE,Meridian Data Service,2026-08-21,2026-08-21T06:30:00+00:00
IE1000001158,Meridian US Equity UCITS ETF,Meridian ETFs,Meridian ETFs,Equity,US Equity,Core,US Large Cap 500,LU,EUR,2104.61,EUR,2023-07-26,3.1,Sampling,Accumulating,0.29,London Stock Exchange,XLON,ME1150,USD,2026-01-05,GB,Meridian Data Service,2026-08-21,2026-08-21T06:30:00+00:00
IE1000001166,Aperture Emerging Markets UCITS ETF,Aperture Index,Aperture Index,Equity,Emerging Markets,Core,Emerging Markets Broad,IE,GBP,967.61,GBP,2022-10-20,3.8,Physical,Accumulating,0.09,SIX Swiss Exchange,XSWX,AP1164,USD,2023-09-19,CH,Aperture Public Feed,2026-08-21,2026-08-21T06:30:00+00:00
IE1000001166,Aperture Emerging Markets UCITS ETF,Aperture Index,Aperture Index,Equity,Emerging Markets,Core,Emerging Markets Broad,IE,GBP,961.49,GBP,2022-10-20,3.8,Physical,Accumulating,0.09,Bolsa de Madrid,XMAD,AP1166,EUR,2023-03-25,ES,Aperture Public Feed,2026-08-21,2026-08-21T06:30:00+00:00
IE1000001166,Aperture Emerging Markets UCITS ETF,Aperture Index,Aperture Index,Equity,Emerging Markets,Core,Emerging Markets Broad,IE,GBP,957.66,GBP,2022-10-20,3.8,Physical,Accumulating,0.09,London Stock Exchange,XLON,AP1160,GBP,2024-09-04,GB,Aperture Public Feed,2026-08-21,2026-08-21T06:30:00+00:00
IE1000001174,Cedar Global Aggregate Bond UCITS ETF,Cedar Capital,Cedar Capital,Fixed Income,Global Aggregate Bond,Core,Global Aggregate Bond,LU,USD,2324.67,USD,2017-09-13,8.9,Sampling,Accumulating,1.95,SIX Swiss Exchange,XSWX,CE1174,CHF,2019-11-07,CH,Cedar Fund Data,2026-08-21,2026-08-21T06:30:00+00:00
IE1000001182,Quarry Gold Enhanced ETF,Quarry Investments,Quarry Investments,Commodity,Gold,Single commodity,Physical Gold Reference,LU,GBP,79.28,GBP,2023-10-17,2.8,Physical,Distributing,0.34,Bolsa de Madrid,XMAD,QU1186,EUR,2024-03-17,ES,Quarry Product Feed,2026-08-21,2026-08-21T06:30:00+00:00
IE1000001182,Quarry Gold Enhanced ETF,Quarry Investments,Quarry Investments,Commodity,Gold,Single commodity,Physical Gold Reference,LU,GBP,78.7,GBP,2023-10-17,2.8,Physical,Distributing,0.34,SIX Swiss Exchange,XSWX,QU1184,CHF,2024-08-20,CH,Quarry Product Feed,2026-08-21,2026-08-21T06:30:00+00:00
IE1000001190,Vela Balanced UCITS ETF,Vela Asset Management,Vela Asset Management,Multi-Asset,Balanced,Allocation,Global 60/40,LU,USD,65.88,USD,2010-07-21,16.1,Physical,Distributing,0.18,Deutsche Börse Xetra,XETR,VE1191,EUR,2010-09-30,DE,Vela Fund Files,2026-08-21,2026-08-21T06:30:00+00:00
IE1000001190,Vela Balanced UCITS ETF,Vela Asset Management,Vela Asset Management,Multi-Asset,Balanced,Allocation,Global 60/40,LU,USD,65.31,USD,2010-07-21,16.1,Physical,Distributing,0.18,Euronext Paris,XPAR,VE1192,EUR,2011-09-30,FR,Vela Fund Files,2026-08-21,2026-08-21T06:30:00+00:00
IE1000001190,Vela Balanced UCITS ETF,Vela Asset Management,Vela Asset Management,Multi-Asset,Balanced,Allocation,Global 60/40,LU,USD,65.67,USD,2010-07-21,16.1,Physical,Distributing,0.18,Borsa Italiana,XMIL,VE1193,EUR,2012-07-10,IT,Vela Fund Files,2026-08-21,2026-08-21T06:30:00+00:00
IE1000001208,Atlas US Equity Screened UCITS ETF,Atlas Index,Atlas Index,Equity,US Equity,Core,US Large Cap 500,LU,CHF,102.19,CHF,2023-06-07,3.2,Sampling,Distributing,0.73,London Stock Exchange,XLON,AT1200,GBP,2024-06-13,GB,Atlas Data Feed,2026-08-21,2026-08-21T06:30:00+00:00
IE1000001216,Northstar Short Duration UCITS ETF,Northstar Asset Management,Northstar Asset Management,Fixed Income,Short Duration,Defensive,EUR Corporate 1-3Y,LU,EUR,2693.87,EUR,2016-02-17,10.5,Physical,Accumulating,0.68,Borsa Italiana,XMIL,NO1213,EUR,2017-04-04,IT,Northstar Public Data,2026-08-21,2026-08-21T06:30:00+00:00
IE1000001216,Northstar Short Duration UCITS ETF,Northstar Asset Management,Northstar Asset Management,Fixed Income,Short Duration,Defensive,EUR Corporate 1-3Y,LU,EUR,2687.45,EUR,2016-02-17,10.5,Physical,Accumulating,0.68,Bolsa de Madrid,XMAD,NO1216,EUR,2018-03-28,ES,Northstar Public Data,2026-08-21,2026-08-21T06:30:00+00:00
IE1000001224,Helix Gold Enhanced ETF,Helix Funds,Helix Funds,Commodity,Gold,Single commodity,Physical Gold Reference,LU,EUR,3133.73,EUR,2014-05-29,12.2,Physical,Accumulating,0.2,Euronext Paris,XPAR,HE1222,EUR,2016-03-10,FR,Helix Market Files,2026-08-21,2026-08-21T06:30:00+00:00
IE1000001224,Helix Gold Enhanced ETF,Helix Funds,Helix Funds,Commodity,Gold,Single commodity,Physical Gold Reference,LU,EUR,3174.97,EUR,2014-05-29,12.2,Physical,Accumulating,0.2,Deutsche Börse Xetra,XETR,HE1221,EUR,2016-08-06,DE,Helix Market Files,2026-08-21,2026-08-21T06:30:00+00:00
IE1000001232,Meridian Balanced UCITS ETF,Meridian ETFs,Meridian ETFs,Multi-Asset,Balanced,Allocation,Global 60/40,IE,EUR,43.47,EUR,2025-01-30,1.6,Synthetic,Accumulating,0.32,Euronext Paris,XPAR,ME1232,EUR,2027-04-09,FR,Meridian Data Service,2026-08-21,2026-08-21T06:30:00+00:00
IE1000001240,Aperture Global Large Cap Index ETF,Aperture Index,Aperture Index,Equity,Global Large Cap,Core,Global Developed 1000,IE,EUR,42.84,EUR,2009-02-12,17.5,Physical,Distributing,0.54,Borsa Italiana,XMIL,AP1243,EUR,2009-07-18,IT,Aperture Public Feed,2026-08-21,2026-08-21T06:30:00+00:00
IE1000001240,Aperture Global Large Cap Index ETF,Aperture Index,Aperture Index,Equity,Global Large Cap,Core,Global Developed 1000,IE,EUR,43.8,EUR,2009-02-12,17.5,Physical,Distributing,0.54,SIX Swiss Exchange,XSWX,AP1244,USD,2010-11-27,CH,Aperture Public Feed,2026-08-21,2026-08-21T06:30:00+00:00
IE1000001240,Aperture Global Large Cap Index ETF,Aperture Index,Aperture Index,Equity,Global Large Cap,Core,Global Developed 1000,IE,EUR,44.36,EUR,2009-02-12,17.5,Physical,Distributing,0.54,Euronext Amsterdam,XAMS,AP1245,EUR,2010-03-16,NL,Aperture Public Feed,2026-08-21,2026-08-21T06:30:00+00:00
IE1000001257,Cedar Global Large Cap UCITS ETF,Cedar Capital,Cedar Capital,Equity,Global Large Cap,Core,Global Developed 1000,IE,EUR,170.68,EUR,2017-07-15,9.1,Physical,Distributing,0.54,London Stock Exchange,XLON,CE1250,GBP,2018-01-09,GB,Cedar Fund Data,2026-08-21,2026-08-21T06:30:00+00:00
IE1000001265,Quarry Gold Index ETF,Quarry Investments,Quarry Investments,Commodity,Gold,Single commodity,Physical Gold Reference,LU,USD,15858.83,USD,2009-02-03,17.5,Physical,Accumulating,0.22,Bolsa de Madrid,XMAD,QU1266,EUR,2010-06-20,ES,Quarry Product Feed,2026-08-21,2026-08-21T06:30:00+00:00
IE1000001265,Quarry Gold Index ETF,Quarry Investments,Quarry Investments,Commodity,Gold,Single commodity,Physical Gold Reference,LU,USD,16068.29,USD,2009-02-03,17.5,Physical,Accumulating,0.22,Euronext Amsterdam,XAMS,QU1265,EUR,2011-06-12,NL,Quarry Product Feed,2026-08-21,2026-08-21T06:30:00+00:00
IE1000001273,Vela Balanced Enhanced ETF,Vela Asset Management,Vela Asset Management,Multi-Asset,Balanced,Allocation,Global 60/40,LU,EUR,6862.45,EUR,2023-03-05,3.5,Physical,Accumulating,0.12,Borsa Italiana,XMIL,VE1273,EUR,2023-12-27,IT,Vela Fund Files,2026-08-21,2026-08-21T06:30:00+00:00
IE1000001273,Vela Balanced Enhanced ETF,Vela Asset Management,Vela Asset Management,Multi-Asset,Balanced,Allocation,Global 60/40,LU,EUR,6930.1,EUR,2023-03-05,3.5,Physical,Accumulating,0.12,Euronext Paris,XPAR,VE1272,EUR,2025-04-20,FR,Vela Fund Files,2026-08-21,2026-08-21T06:30:00+00:00
IE1000001281,Atlas Global Large Cap UCITS ETF,Atlas Index,Atlas Index,Equity,Global Large Cap,Core,Global Developed 1000,LU,GBP,273.99,GBP,2008-06-05,18.2,Sampling,Distributing,0.28,Euronext Amsterdam,XAMS,AT1285,EUR,2009-03-21,NL,Atlas Data Feed,2026-08-21,2026-08-21T06:30:00+00:00
IE1000001281,Atlas Global Large Cap UCITS ETF,Atlas Index,Atlas Index,Equity,Global Large Cap,Core,Global Developed 1000,LU,GBP,270.08,GBP,2008-06-05,18.2,Sampling,Distributing,0.28,London Stock Exchange,XLON,AT1280,USD,2009-01-27,GB,Atlas Data Feed,2026-08-21,2026-08-21T06:30:00+00:00
IE1000001299,Northstar Global Aggregate Bond UCITS ETF,Northstar Asset Management,Northstar Asset Management,Fixed Income,Global Aggregate Bond,Core,Global Aggregate Bond,LU,EUR,1237.66,EUR,2019-09-12,6.9,Synthetic,Accumulating,0.57,SIX Swiss Exchange,XSWX,NO1294,USD,2021-07-05,CH,Northstar Public Data,2026-08-21,2026-08-21T06:30:00+00:00
IE1000001299,Northstar Global Aggregate Bond UCITS ETF,Northstar Asset Management,Northstar Asset Management,Fixed Income,Global Aggregate Bond,Core,Global Aggregate Bond,LU,EUR,1265.83,EUR,2019-09-12,6.9,Synthetic,Accumulating,0.57,Deutsche Börse Xetra,XETR,NO1291,EUR,2021-06-21,DE,Northstar Public Data,2026-08-21,2026-08-21T06:30:00+00:00
IE1000001299,Northstar Global Aggregate Bond UCITS ETF,Northstar Asset Management,Northstar Asset Management,Fixed Income,Global Aggregate Bond,Core,Global Aggregate Bond,LU,EUR,1272.1,EUR,2019-09-12,6.9,Synthetic,Accumulating,0.57,Borsa Italiana,XMIL,NO1293,EUR,2021-04-16,IT,Northstar Public Data,2026-08-21,2026-08-21T06:30:00+00:00
IE1000001307,Helix European Equity Enhanced ETF,Helix Funds,Helix Funds,Equity,European Equity,Core,Europe 600,IE,EUR,1928.85,EUR,2021-06-12,5.2,Physical,Distributing,0.73,London Stock Exchange,XLON,HE1300,GBP,2021-07-02,GB,Helix Market Files,2026-08-21,2026-08-21T06:30:00+00:00
IE1000001307,Helix European Equity Enhanced ETF,Helix Funds,Helix Funds,Equity,European Equity,Core,Europe 600,IE,EUR,1870.03,EUR,2021-06-12,5.2,Physical,Distributing,0.73,Euronext Amsterdam,XAMS,HE1305,EUR,2022-04-24,NL,Helix Market Files,2026-08-21,2026-08-21T06:30:00+00:00
IE1000001315,Meridian Defensive Allocation Index ETF,Meridian ETFs,Meridian ETFs,Multi-Asset,Defensive Allocation,Allocation,Global 30/70,LU,EUR,3284.27,EUR,2024-12-16,1.7,Synthetic,Distributing,0.4,Euronext Amsterdam,XAMS,ME1315,EUR,2026-10-04,NL,Meridian Data Service,2026-08-21,2026-08-21T06:30:00+00:00
IE1000001315,Meridian Defensive Allocation Index ETF,Meridian ETFs,Meridian ETFs,Multi-Asset,Defensive Allocation,Allocation,Global 30/70,LU,EUR,3271.05,EUR,2024-12-16,1.7,Synthetic,Distributing,0.4,Deutsche Börse Xetra,XETR,ME1311,EUR,2025-03-10,DE,Meridian Data Service,2026-08-21,2026-08-21T06:30:00+00:00
IE1000001323,Aperture Global Large Cap UCITS ETF,Aperture Index,Aperture Index,Equity,Global Large Cap,Core,Global Developed 1000,LU,USD,13504.94,USD,2009-01-03,17.6,Physical,Accumulating,0.28,Euronext Paris,XPAR,AP1322,EUR,2011-05-21,FR,Aperture Public Feed,2026-08-21,2026-08-21T06:30:00+00:00
IE1000001323,Aperture Global Large Cap UCITS ETF,Aperture Index,Aperture Index,Equity,Global Large Cap,Core,Global Developed 1000,LU,USD,13528.34,USD,2009-01-03,17.6,Physical,Accumulating,0.28,SIX Swiss Exchange,XSWX,AP1324,CHF,2011-06-09,CH,Aperture Public Feed,2026-08-21,2026-08-21T06:30:00+00:00
IE1000001331,Cedar Corporate Bond Screened UCITS ETF,Cedar Capital,Cedar Capital,Fixed Income,Corporate Bond,Income,Global Corporate Bond,IE,EUR,140.03,EUR,2016-10-29,9.8,Physical,Distributing,0.72,Euronext Amsterdam,XAMS,CE1335,EUR,2016-12-28,NL,Cedar Fund Data,2026-08-21,2026-08-21T06:30:00+00:00
IE1000001331,Cedar Corporate Bond Screened UCITS ETF,Cedar Capital,Cedar Capital,Fixed Income,Corporate Bond,Income,Global Corporate Bond,IE,EUR,141.37,EUR,2016-10-29,9.8,Physical,Distributing,0.72,Borsa Italiana,XMIL,CE1333,EUR,2018-08-03,IT,Cedar Fund Data,2026-08-21,2026-08-21T06:30:00+00:00
IE1000001331,Cedar Corporate Bond Screened UCITS ETF,Cedar Capital,Cedar Capital,Fixed Income,Corporate Bond,Income,Global Corporate Bond,IE,EUR,142.42,EUR,2016-10-29,9.8,Physical,Distributing,0.72,London Stock Exchange,XLON,CE1330,USD,2017-10-29,GB,Cedar Fund Data,2026-08-21,2026-08-21T06:30:00+00:00
IE1000001331,Cedar Corporate Bond Screened UCITS ETF,Cedar Capital,Cedar Capital,Fixed Income,Corporate Bond,Income,Global Corporate Bond,IE,EUR,143.62,EUR,2016-10-29,9.8,Physical,Distributing,0.72,Euronext Paris,XPAR,CE1332,EUR,2017-10-02,FR,Cedar Fund Data,2026-08-21,2026-08-21T06:30:00+00:00
IE1000001349,Quarry Broad Commodities Index ETF,Quarry Investments,Quarry Investments,Commodity,Broad Commodities,Broad,Diversified Commodity,IE,USD,5759.73,USD,2025-01-25,1.6,Sampling,Distributing,0.65,Deutsche Börse Xetra,XETR,QU1341,EUR,2026-08-22,DE,Quarry Product Feed,2026-08-21,2026-08-21T06:30:00+00:00
IE1000001349,Quarry Broad Commodities Index ETF,Quarry Investments,Quarry Investments,Commodity,Broad Commodities,Broad,Diversified Commodity,IE,USD,5907.96,USD,2025-01-25,1.6,Sampling,Distributing,0.65,London Stock Exchange,XLON,QU1340,USD,2026-07-05,GB,Quarry Product Feed,2026-08-21,2026-08-21T06:30:00+00:00
IE1000001349,Quarry Broad Commodities Index ETF,Quarry Investments,Quarry Investments,Commodity,Broad Commodities,Broad,Diversified Commodity,IE,USD,5908.89,USD,2025-01-25,1.6,Sampling,Distributing,0.65,SIX Swiss Exchange,XSWX,QU1344,CHF,2026-11-25,CH,Quarry Product Feed,2026-08-21,2026-08-21T06:30:00+00:00
IE1000001356,Vela Climate Transition Enhanced ETF,Vela Asset Management,Vela Asset Management,Equity,Climate Transition,ESG,Global Climate Transition,IE,EUR,841.16,EUR,2010-11-19,15.8,Sampling,Distributing,0.69,Euronext Paris,XPAR,VE1352,EUR,2012-04-16,FR,Vela Fund Files,2026-08-21,2026-08-21T06:30:00+00:00
IE1000001356,Vela Climate Transition Enhanced ETF,Vela Asset Management,Vela Asset Management,Equity,Climate Transition,ESG,Global Climate Transition,IE,EUR,867.24,EUR,2010-11-19,15.8,Sampling,Distributing,0.69,Euronext Amsterdam,XAMS,VE1355,EUR,2012-04-06,NL,Vela Fund Files,2026-08-21,2026-08-21T06:30:00+00:00
IE1000001364,Atlas Technology Index ETF,Atlas Index,Atlas Index,Equity,Technology,Thematic,Global Technology Leaders,IE,EUR,685.99,EUR,2008-05-11,18.3,Physical,Accumulating,0.07,Euronext Paris,XPAR,AT1362,EUR,2009-06-10,FR,Atlas Data Feed,2026-08-21,2026-08-21T06:30:00+00:00
IE1000001364,Atlas Technology Index ETF,Atlas Index,Atlas Index,Equity,Technology,Thematic,Global Technology Leaders,IE,EUR,690.05,EUR,2008-05-11,18.3,Physical,Accumulating,0.07,Bolsa de Madrid,XMAD,AT1366,EUR,2009-10-17,ES,Atlas Data Feed,2026-08-21,2026-08-21T06:30:00+00:00
IE1000001364,Atlas Technology Index ETF,Atlas Index,Atlas Index,Equity,Technology,Thematic,Global Technology Leaders,IE,EUR,698.35,EUR,2008-05-11,18.3,Physical,Accumulating,0.07,Borsa Italiana,XMIL,AT1363,EUR,2008-06-23,IT,Atlas Data Feed,2026-08-21,2026-08-21T06:30:00+00:00
IE1000001372,Northstar Short Duration Enhanced ETF,Northstar Asset Management,Northstar Asset Management,Fixed Income,Short Duration,Defensive,EUR Corporate 1-3Y,IE,GBP,1835.42,GBP,2018-01-23,8.6,Physical,Accumulating,0.13,Euronext Paris,XPAR,NO1372,EUR,2019-05-01,FR,Northstar Public Data,2026-08-21,2026-08-21T06:30:00+00:00
IE1000001372,Northstar Short Duration Enhanced ETF,Northstar Asset Management,Northstar Asset Management,Fixed Income,Short Duration,Defensive,EUR Corporate 1-3Y,IE,GBP,1835.93,GBP,2018-01-23,8.6,Physical,Accumulating,0.13,Deutsche Börse Xetra,XETR,NO1371,EUR,2018-04-12,DE,Northstar Public Data,2026-08-21,2026-08-21T06:30:00+00:00
IE1000001372,Northstar Short Duration Enhanced ETF,Northstar Asset Management,Northstar Asset Management,Fixed Income,Short Duration,Defensive,EUR Corporate 1-3Y,IE,GBP,1828.5,GBP,2018-01-23,8.6,Physical,Accumulating,0.13,SIX Swiss Exchange,XSWX,NO1374,CHF,2018-07-11,CH,Northstar Public Data,2026-08-21,2026-08-21T06:30:00+00:00
IE1000001372,Northstar Short Duration Enhanced ETF,Northstar Asset Management,Northstar Asset Management,Fixed Income,Short Duration,Defensive,EUR Corporate 1-3Y,IE,GBP,1822.92,GBP,2018-01-23,8.6,Physical,Accumulating,0.13,Bolsa de Madrid,XMAD,NO1376,EUR,2019-04-09,ES,Northstar Public Data,2026-08-21,2026-08-21T06:30:00+00:00
IE1000001380,Helix Broad Commodities UCITS ETF,Helix Funds,Helix Funds,Commodity,Broad Commodities,Broad,Diversified Commodity,IE,EUR,3085.51,EUR,2018-03-28,8.4,Physical,Distributing,0.36,Borsa Italiana,XMIL,HE1383,EUR,2018-07-11,IT,Helix Market Files,2026-08-21,2026-08-21T06:30:00+00:00
IE1000001380,Helix Broad Commodities UCITS ETF,Helix Funds,Helix Funds,Commodity,Broad Commodities,Broad,Diversified Commodity,IE,EUR,2988.58,EUR,2018-03-28,8.4,Physical,Distributing,0.36,SIX Swiss Exchange,XSWX,HE1384,USD,2019-10-02,CH,Helix Market Files,2026-08-21,2026-08-21T06:30:00+00:00
IE1000001380,Helix Broad Commodities UCITS ETF,Helix Funds,Helix Funds,Commodity,Broad Commodities,Broad,Diversified Commodity,IE,EUR,3061.29,EUR,2018-03-28,8.4,Physical,Distributing,0.36,Euronext Paris,XPAR,HE1382,EUR,2018-09-04,FR,Helix Market Files,2026-08-21,2026-08-21T06:30:00+00:00
IE1000001380,Helix Broad Commodities UCITS ETF,Helix Funds,Helix Funds,Commodity,Broad Commodities,Broad,Diversified Commodity,IE,EUR,3037.57,EUR,2018-03-28,8.4,Physical,Distributing,0.36,London Stock Exchange,XLON,HE1380,GBP,2019-01-29,GB,Helix Market Files,2026-08-21,2026-08-21T06:30:00+00:00
IE1000001398,Meridian Defensive Allocation UCITS ETF,Meridian ETFs,Meridian ETFs,Multi-Asset,Defensive Allocation,Allocation,Global 30/70,IE,EUR,336.95,EUR,2019-12-23,6.7,Synthetic,Distributing,0.61,Borsa Italiana,XMIL,ME1393,EUR,2020-11-09,IT,Meridian Data Service,2026-08-21,2026-08-21T06:30:00+00:00
IE1000001406,Aperture Emerging Markets Screened UCITS ETF,Aperture Index,Aperture Index,Equity,Emerging Markets,Core,Emerging Markets Broad,IE,USD,7401.16,USD,2019-07-16,7.1,Synthetic,Distributing,0.06,London Stock Exchange,XLON,AP1400,GBP,2020-05-08,GB,Aperture Public Feed,2026-08-21,2026-08-21T06:30:00+00:00
IE1000001406,Aperture Emerging Markets Screened UCITS ETF,Aperture Index,Aperture Index,Equity,Emerging Markets,Core,Emerging Markets Broad,IE,USD,7183.01,USD,2019-07-16,7.1,Synthetic,Distributing,0.06,Euronext Amsterdam,XAMS,AP1405,EUR,2020-09-15,NL,Aperture Public Feed,2026-08-21,2026-08-21T06:30:00+00:00
IE1000001406,Aperture Emerging Markets Screened UCITS ETF,Aperture Index,Aperture Index,Equity,Emerging Markets,Core,Emerging Markets Broad,IE,USD,7386.29,USD,2019-07-16,7.1,Synthetic,Distributing,0.06,Euronext Paris,XPAR,AP1402,EUR,2020-09-24,FR,Aperture Public Feed,2026-08-21,2026-08-21T06:30:00+00:00
IE1000001414,Cedar Global Aggregate Bond Screened UCITS ETF,Cedar Capital,Cedar Capital,Fixed Income,Global Aggregate Bond,Core,Global Aggregate Bond,LU,USD,1095.61,USD,2023-09-05,3.0,Sampling,Distributing,0.13,SIX Swiss Exchange,XSWX,CE1414,USD,2025-06-21,CH,Cedar Fund Data,2026-08-21,2026-08-21T06:30:00+00:00
IE1000001414,Cedar Global Aggregate Bond Screened UCITS ETF,Cedar Capital,Cedar Capital,Fixed Income,Global Aggregate Bond,Core,Global Aggregate Bond,LU,USD,1124.16,USD,2023-09-05,3.0,Sampling,Distributing,0.13,Euronext Paris,XPAR,CE1412,EUR,2024-06-25,FR,Cedar Fund Data,2026-08-21,2026-08-21T06:30:00+00:00
IE1000001414,Cedar Global Aggregate Bond Screened UCITS ETF,Cedar Capital,Cedar Capital,Fixed Income,Global Aggregate Bond,Core,Global Aggregate Bond,LU,USD,1106.18,USD,2023-09-05,3.0,Sampling,Distributing,0.13,Euronext Amsterdam,XAMS,CE1415,EUR,2025-04-05,NL,Cedar Fund Data,2026-08-21,2026-08-21T06:30:00+00:00
IE1000001422,Quarry Gold Enhanced ETF,Quarry Investments,Quarry Investments,Commodity,Gold,Single commodity,Physical Gold Reference,IE,GBP,99.42,GBP,2017-10-12,8.9,Sampling,Accumulating,0.32,Borsa Italiana,XMIL,QU1423,EUR,2020-02-10,IT,Quarry Product Feed,2026-08-21,2026-08-21T06:30:00+00:00
IE1000001422,Quarry Gold Enhanced ETF,Quarry Investments,Quarry Investments,Commodity,Gold,Single commodity,Physical Gold Reference,IE,GBP,102.01,GBP,2017-10-12,8.9,Sampling,Accumulating,0.32,SIX Swiss Exchange,XSWX,QU1424,CHF,2017-12-06,CH,Quarry Product Feed,2026-08-21,2026-08-21T06:30:00+00:00
IE1000001430,Vela Defensive Allocation Index ETF,Vela Asset Management,Vela Asset Management,Multi-Asset,Defensive Allocation,Allocation,Global 30/70,LU,EUR,2251.19,EUR,2017-11-10,8.8,Physical,Distributing,0.55,Bolsa de Madrid,XMAD,VE1436,EUR,2019-03-23,ES,Vela Fund Files,2026-08-21,2026-08-21T06:30:00+00:00
IE1000001430,Vela Defensive Allocation Index ETF,Vela Asset Management,Vela Asset Management,Multi-Asset,Defensive Allocation,Allocation,Global 30/70,LU,EUR,2262.27,EUR,2017-11-10,8.8,Physical,Distributing,0.55,SIX Swiss Exchange,XSWX,VE1434,CHF,2017-12-07,CH,Vela Fund Files,2026-08-21,2026-08-21T06:30:00+00:00
IE1000001448,Atlas Emerging Markets Enhanced ETF,Atlas Index,Atlas Index,Equity,Emerging Markets,Core,Emerging Markets Broad,LU,EUR,137.22,EUR,2007-08-24,19.0,Physical,Accumulating,0.27,Euronext Amsterdam,XAMS,AT1445,EUR,2008-12-22,NL,Atlas Data Feed,2026-08-21,2026-08-21T06:30:00+00:00
IE1000001448,Atlas Emerging Markets Enhanced ETF,Atlas Index,Atlas Index,Equity,Emerging Markets,Core,Emerging Markets Broad,LU,EUR,136.59,EUR,2007-08-24,19.0,Physical,Accumulating,0.27,Bolsa de Madrid,XMAD,AT1446,EUR,2007-12-23,ES,Atlas Data Feed,2026-08-21,2026-08-21T06:30:00+00:00
IE1000001455,Northstar Climate Transition Enhanced ETF,Northstar Asset Management,Northstar Asset Management,Equity,Climate Transition,ESG,Global Climate Transition,IE,EUR,235.17,EUR,2012-11-28,13.7,Sampling,Accumulating,0.72,Bolsa de Madrid,XMAD,NO1456,EUR,2013-07-19,ES,Northstar Public Data,2026-08-21,2026-08-21T06:30:00+00:00
IE1000001455,Northstar Climate Transition Enhanced ETF,Northstar Asset Management,Northstar Asset Management,Equity,Climate Transition,ESG,Global Climate Transition,IE,EUR,242.08,EUR,2012-11-28,13.7,Sampling,Accumulating,0.72,Euronext Paris,XPAR,NO1452,EUR,2013-03-11,FR,Northstar Public Data,2026-08-21,2026-08-21T06:30:00+00:00
IE1000001455,Northstar Climate Transition Enhanced ETF,Northstar Asset Management,Northstar Asset Management,Equity,Climate Transition,ESG,Global Climate Transition,IE,EUR,241.11,EUR,2012-11-28,13.7,Sampling,Accumulating,0.72,Deutsche Börse Xetra,XETR,NO1451,EUR,2014-06-22,DE,Northstar Public Data,2026-08-21,2026-08-21T06:30:00+00:00
IE1000001463,Helix Gold UCITS ETF,Helix Funds,Helix Funds,Commodity,Gold,Single commodity,Physical Gold Reference,LU,EUR,649.39,EUR,2011-02-14,15.5,Physical,Distributing,0.39,London Stock Exchange,XLON,HE1460,USD,2013-02-14,GB,Helix Market Files,2026-08-21,2026-08-21T06:30:00+00:00
IE1000001463,Helix Gold UCITS ETF,Helix Funds,Helix Funds,Commodity,Gold,Single commodity,Physical Gold Reference,LU,EUR,654.82,EUR,2011-02-14,15.5,Physical,Distributing,0.39,Euronext Amsterdam,XAMS,HE1465,EUR,2011-10-28,NL,Helix Market Files,2026-08-21,2026-08-21T06:30:00+00:00
IE1000001471,Meridian Defensive Allocation UCITS ETF,Meridian ETFs,Meridian ETFs,Multi-Asset,Defensive Allocation,Allocation,Global 30/70,LU,USD,124.88,USD,2006-12-06,19.7,Synthetic,Distributing,0.43,London Stock Exchange,XLON,ME1470,GBP,2008-03-17,GB,Meridian Data Service,2026-08-21,2026-08-21T06:30:00+00:00
IE1000001471,Meridian Defensive Allocation UCITS ETF,Meridian ETFs,Meridian ETFs,Multi-Asset,Defensive Allocation,Allocation,Global 30/70,LU,USD,125.96,USD,2006-12-06,19.7,Synthetic,Distributing,0.43,Bolsa de Madrid,XMAD,ME1476,EUR,2008-01-15,ES,Meridian Data Service,2026-08-21,2026-08-21T06:30:00+00:00
IE1000001489,Aperture Climate Transition Index ETF,Aperture Index,Aperture Index,Equity,Climate Transition,ESG,Global Climate Transition,IE,EUR,1212.61,EUR,2025-08-07,1.0,Sampling,Distributing,0.66,Bolsa de Madrid,XMAD,AP1486,EUR,2026-02-10,ES,Aperture Public Feed,2026-08-21,2026-08-21T06:30:00+00:00
IE1000001489,Aperture Climate Transition Index ETF,Aperture Index,Aperture Index,Equity,Climate Transition,ESG,Global Climate Transition,IE,EUR,1203.12,EUR,2025-08-07,1.0,Sampling,Distributing,0.66,Euronext Paris,XPAR,AP1482,EUR,2026-09-06,FR,Aperture Public Feed,2026-08-21,2026-08-21T06:30:00+00:00
IE1000001489,Aperture Climate Transition Index ETF,Aperture Index,Aperture Index,Equity,Climate Transition,ESG,Global Climate Transition,IE,EUR,1174.38,EUR,2025-08-07,1.0,Sampling,Distributing,0.66,SIX Swiss Exchange,XSWX,AP1484,USD,2026-11-17,CH,Aperture Public Feed,2026-08-21,2026-08-21T06:30:00+00:00
IE1000001497,Cedar Global Aggregate Bond UCITS ETF,Cedar Capital,Cedar Capital,Fixed Income,Global Aggregate Bond,Core,Global Aggregate Bond,LU,USD,52.06,USD,2006-08-01,20.1,Sampling,Distributing,0.54,SIX Swiss Exchange,XSWX,CE1494,USD,2006-11-01,CH,Cedar Fund Data,2026-08-21,2026-08-21T06:30:00+00:00
IE1000001497,Cedar Global Aggregate Bond UCITS ETF,Cedar Capital,Cedar Capital,Fixed Income,Global Aggregate Bond,Core,Global Aggregate Bond,LU,USD,53.13,USD,2006-08-01,20.1,Sampling,Distributing,0.54,Bolsa de Madrid,XMAD,CE1496,EUR,2007-04-26,ES,Cedar Fund Data,2026-08-21,2026-08-21T06:30:00+00:00
IE1000001505,Quarry European Equity Index ETF,Quarry Investments,Quarry Investments,Equity,European Equity,Core,Europe 600,IE,EUR,3231.59,EUR,2023-04-11,3.4,Synthetic,Accumulating,0.68,Bolsa de Madrid,XMAD,QU1506,EUR,2024-09-18,ES,Quarry Product Feed,2026-08-21,2026-08-21T06:30:00+00:00
IE1000001505,Quarry European Equity Index ETF,Quarry Investments,Quarry Investments,Equity,European Equity,Core,Europe 600,IE,EUR,3240.81,EUR,2023-04-11,3.4,Synthetic,Accumulating,0.68,Deutsche Börse Xetra,XETR,QU1501,EUR,2024-02-29,DE,Quarry Product Feed,2026-08-21,2026-08-21T06:30:00+00:00
IE1000001513,Vela Defensive Allocation Enhanced ETF,Vela Asset Management,Vela Asset Management,Multi-Asset,Defensive Allocation,Allocation,Global 30/70,IE,GBP,1415.72,GBP,2017-02-08,9.5,Synthetic,Distributing,0.44,London Stock Exchange,XLON,VE1510,USD,2019-03-03,GB,Vela Fund Files,2026-08-21,2026-08-21T06:30:00+00:00
IE1000001513,Vela Defensive Allocation Enhanced ETF,Vela Asset Management,Vela Asset Management,Multi-Asset,Defensive Allocation,Allocation,Global 30/70,IE,GBP,1428.96,GBP,2017-02-08,9.5,Synthetic,Distributing,0.44,Euronext Amsterdam,XAMS,VE1515,EUR,2018-03-25,NL,Vela Fund Files,2026-08-21,2026-08-21T06:30:00+00:00
IE1000001521,Atlas Technology Enhanced ETF,Atlas Index,Atlas Index,Equity,Technology,Thematic,Global Technology Leaders,LU,CHF,9150.75,CHF,2009-07-02,17.1,Synthetic,Accumulating,0.44,Deutsche Börse Xetra,XETR,AT1521,EUR,2011-07-07,DE,Atlas Data Feed,2026-08-21,2026-08-21T06:30:00+00:00
IE1000001521,Atlas Technology Enhanced ETF,Atlas Index,Atlas Index,Equity,Technology,Thematic,Global Technology Leaders,LU,CHF,9051.94,CHF,2009-07-02,17.1,Synthetic,Accumulating,0.44,Borsa Italiana,XMIL,AT1523,EUR,2010-04-02,IT,Atlas Data Feed,2026-08-21,2026-08-21T06:30:00+00:00
IE1000001539,Northstar Global Aggregate Bond UCITS ETF,Northstar Asset Management,Northstar Asset Management,Fixed Income,Global Aggregate Bond,Core,Global Aggregate Bond,IE,EUR,4371.71,EUR,2009-03-06,17.5,Physical,Accumulating,0.07,Borsa Italiana,XMIL,NO1533,EUR,2011-03-15,IT,Northstar Public Data,2026-08-21,2026-08-21T06:30:00+00:00
IE1000001539,Northstar Global Aggregate Bond UCITS ETF,Northstar Asset Management,Northstar Asset Management,Fixed Income,Global Aggregate Bond,Core,Global Aggregate Bond,IE,EUR,4349.35,EUR,2009-03-06,17.5,Physical,Accumulating,0.07,SIX Swiss Exchange,XSWX,NO1534,USD,2010-10-23,CH,Northstar Public Data,2026-08-21,2026-08-21T06:30:00+00:00
IE1000001547,Helix Gold Screened UCITS ETF,Helix Funds,Helix Funds,Commodity,Gold,Single commodity,Physical Gold Reference,IE,USD,65.91,USD,2022-12-18,3.7,Synthetic,Accumulating,0.51,Euronext Paris,XPAR,HE1542,EUR,2023-07-19,FR,Helix Market Files,2026-08-21,2026-08-21T06:30:00+00:00
IE1000001554,Meridian Emerging Markets Index ETF,Meridian ETFs,Meridian ETFs,Equity,Emerging Markets,Core,Emerging Markets Broad,LU,GBP,1102.67,GBP,2012-06-30,14.1,Physical,Distributing,0.47,Bolsa de Madrid,XMAD,ME1556,EUR,2013-07-20,ES,Meridian Data Service,2026-08-21,2026-08-21T06:30:00+00:00
IE1000001562,Aperture Technology Index ETF,Aperture Index,Aperture Index,Equity,Technology,Thematic,Global Technology Leaders,IE,EUR,13317.35,EUR,2017-03-07,9.5,Physical,Accumulating,0.21,Euronext Amsterdam,XAMS,AP1565,EUR,2017-12-23,NL,Aperture Public Feed,2026-08-21,2026-08-21T06:30:00+00:00
IE1000001570,Cedar Short Duration Enhanced ETF,Cedar Capital,Cedar Capital,Fixed Income,Short Duration,Defensive,EUR Corporate 1-3Y,LU,EUR,239.8,EUR,2021-05-09,5.3,Physical,Distributing,0.56,Euronext Paris,XPAR,CE1572,EUR,2023-02-11,FR,Cedar Fund Data,2026-08-21,2026-08-21T06:30:00+00:00
IE1000001588,Quarry Gold Screened UCITS ETF,Quarry Investments,Quarry Investments,Commodity,Gold,Single commodity,Physical Gold Reference,IE,CHF,456.6,CHF,2019-08-01,7.1,Physical,Accumulating,0.66,SIX Swiss Exchange,XSWX,QU1584,CHF,2020-07-08,CH,Quarry Product Feed,2026-08-21,2026-08-21T06:30:00+00:00
IE1000001588,Quarry Gold Screened UCITS ETF,Quarry Investments,Quarry Investments,Commodity,Gold,Single commodity,Physical Gold Reference,IE,CHF,470.73,CHF,2019-08-01,7.1,Physical,Accumulating,0.66,Bolsa de Madrid,XMAD,QU1586,EUR,2020-03-25,ES,Quarry Product Feed,2026-08-21,2026-08-21T06:30:00+00:00
IE1000001596,Vela Balanced UCITS ETF,Vela Asset Management,Vela Asset Management,Multi-Asset,Balanced,Allocation,Global 60/40,LU,EUR,1939.98,EUR,2011-04-19,15.3,Physical,Accumulating,0.07,London Stock Exchange,XLON,VE1590,GBP,2012-09-09,GB,Vela Fund Files,2026-08-21,2026-08-21T06:30:00+00:00
IE1000001596,Vela Balanced UCITS ETF,Vela Asset Management,Vela Asset Management,Multi-Asset,Balanced,Allocation,Global 60/40,LU,EUR,1928.85,EUR,2011-04-19,15.3,Physical,Accumulating,0.07,Euronext Paris,XPAR,VE1592,EUR,2013-08-19,FR,Vela Fund Files,2026-08-21,2026-08-21T06:30:00+00:00
IE1000001604,Atlas Emerging Markets Screened UCITS ETF,Atlas Index,Atlas Index,Equity,Emerging Markets,Core,Emerging Markets Broad,LU,EUR,71.88,EUR,2017-12-26,8.7,Synthetic,Distributing,0.16,Bolsa de Madrid,XMAD,AT1606,EUR,2018-04-10,ES,Atlas Data Feed,2026-08-21,2026-08-21T06:30:00+00:00
IE1000001604,Atlas Emerging Markets Screened UCITS ETF,Atlas Index,Atlas Index,Equity,Emerging Markets,Core,Emerging Markets Broad,LU,EUR,71.85,EUR,2017-12-26,8.7,Synthetic,Distributing,0.16,Euronext Amsterdam,XAMS,AT1605,EUR,2019-04-23,NL,Atlas Data Feed,2026-08-21,2026-08-21T06:30:00+00:00
IE1000001604,Atlas Emerging Markets Screened UCITS ETF,Atlas Index,Atlas Index,Equity,Emerging Markets,Core,Emerging Markets Broad,LU,EUR,69.9,EUR,2017-12-26,8.7,Synthetic,Distributing,0.16,SIX Swiss Exchange,XSWX,AT1604,USD,2020-03-25,CH,Atlas Data Feed,2026-08-21,2026-08-21T06:30:00+00:00
IE1000001612,Northstar Corporate Bond Enhanced ETF,Northstar Asset Management,Northstar Asset Management,Fixed Income,Corporate Bond,Income,Global Corporate Bond,IE,USD,5787.26,USD,2025-11-28,0.7,Sampling,Accumulating,0.24,Deutsche Börse Xetra,XETR,NO1611,EUR,2027-02-03,DE,Northstar Public Data,2026-08-21,2026-08-21T06:30:00+00:00
IE1000001612,Northstar Corporate Bond Enhanced ETF,Northstar Asset Management,Northstar Asset Management,Fixed Income,Corporate Bond,Income,Global Corporate Bond,IE,USD,5624.61,USD,2025-11-28,0.7,Sampling,Accumulating,0.24,Euronext Paris,XPAR,NO1612,EUR,2027-09-13,FR,Northstar Public Data,2026-08-21,2026-08-21T06:30:00+00:00
IE1000001620,Helix Gold Index ETF,Helix Funds,Helix Funds,Commodity,Gold,Single commodity,Physical Gold Reference,LU,CHF,82.91,CHF,2008-07-27,18.1,Sampling,Accumulating,0.44,Deutsche Börse Xetra,XETR,HE1621,EUR,2009-04-27,DE,Helix Market Files,2026-08-21,2026-08-21T06:30:00+00:00
IE1000001638,Meridian Defensive Allocation Screened UCITS ETF,Meridian ETFs,Meridian ETFs,Multi-Asset,Defensive Allocation,Allocation,Global 30/70,LU,EUR,1195.07,EUR,2021-07-13,5.1,Physical,Distributing,0.6,Borsa Italiana,XMIL,ME1633,EUR,2022-11-27,IT,Meridian Data Service,2026-08-21,2026-08-21T06:30:00+00:00
IE1000001638,Meridian Defensive Allocation Screened UCITS ETF,Meridian ETFs,Meridian ETFs,Multi-Asset,Defensive Allocation,Allocation,Global 30/70,LU,EUR,1207.19,EUR,2021-07-13,5.1,Physical,Distributing,0.6,Deutsche Börse Xetra,XETR,ME1631,EUR,2021-10-02,DE,Meridian Data Service,2026-08-21,2026-08-21T06:30:00+00:00
IE1000001638,Meridian Defensive Allocation Screened UCITS ETF,Meridian ETFs,Meridian ETFs,Multi-Asset,Defensive Allocation,Allocation,Global 30/70,LU,EUR,1201.48,EUR,2021-07-13,5.1,Physical,Distributing,0.6,Euronext Paris,XPAR,ME1632,EUR,2023-04-25,FR,Meridian Data Service,2026-08-21,2026-08-21T06:30:00+00:00
IE1000001638,Meridian Defensive Allocation Screened UCITS ETF,Meridian ETFs,Meridian ETFs,Multi-Asset,Defensive Allocation,Allocation,Global 30/70,LU,EUR,1179.33,EUR,2021-07-13,5.1,Physical,Distributing,0.6,SIX Swiss Exchange,XSWX,ME1634,CHF,2022-03-27,CH,Meridian Data Service,2026-08-21,2026-08-21T06:30:00+00:00
IE1000001646,Aperture European Equity Screened UCITS ETF,Aperture Index,Aperture Index,Equity,European Equity,Core,Europe 600,LU,EUR,2524.45,EUR,2020-12-12,5.7,Physical,Accumulating,0.08,London Stock Exchange,XLON,AP1640,GBP,2022-06-25,GB,Aperture Public Feed,2026-08-21,2026-08-21T06:30:00+00:00
IE1000001646,Aperture European Equity Screened UCITS ETF,Aperture Index,Aperture Index,Equity,European Equity,Core,Europe 600,LU,EUR,2546.51,EUR,2020-12-12,5.7,Physical,Accumulating,0.08,SIX Swiss Exchange,XSWX,AP1644,CHF,2021-05-28,CH,Aperture Public Feed,2026-08-21,2026-08-21T06:30:00+00:00
IE1000001653,Cedar European Equity Screened UCITS ETF,Cedar Capital,Cedar Capital,Equity,European Equity,Core,Europe 600,LU,USD,2369.7,USD,2024-02-10,2.5,Physical,Accumulating,0.48,Euronext Amsterdam,XAMS,CE1655,EUR,2025-09-28,NL,Cedar Fund Data,2026-08-21,2026-08-21T06:30:00+00:00
IE1000001653,Cedar European Equity Screened UCITS ETF,Cedar Capital,Cedar Capital,Equity,European Equity,Core,Europe 600,LU,USD,2409.76,USD,2024-02-10,2.5,Physical,Accumulating,0.48,London Stock Exchange,XLON,CE1650,USD,2026-01-02,GB,Cedar Fund Data,2026-08-21,2026-08-21T06:30:00+00:00
IE1000001653,Cedar European Equity Screened UCITS ETF,Cedar Capital,Cedar Capital,Equity,European Equity,Core,Europe 600,LU,USD,2399.11,USD,2024-02-10,2.5,Physical,Accumulating,0.48,SIX Swiss Exchange,XSWX,CE1654,USD,2026-06-18,CH,Cedar Fund Data,2026-08-21,2026-08-21T06:30:00+00:00
IE1000001653,Cedar European Equity Screened UCITS ETF,Cedar Capital,Cedar Capital,Equity,European Equity,Core,Europe 600,LU,USD,2391.89,USD,2024-02-10,2.5,Physical,Accumulating,0.48,Borsa Italiana,XMIL,CE1653,EUR,2025-11-03,IT,Cedar Fund Data,2026-08-21,2026-08-21T06:30:00+00:00
IE1000001661,Quarry Gold Enhanced ETF,Quarry Investments,Quarry Investments,Commodity,Gold,Single commodity,Physical Gold Reference,LU,GBP,5031.39,GBP,2009-04-23,17.3,Synthetic,Accumulating,0.47,Bolsa de Madrid,XMAD,QU1666,EUR,2010-04-13,ES,Quarry Product Feed,2026-08-21,2026-08-21T06:30:00+00:00
IE1000001661,Quarry Gold Enhanced ETF,Quarry Investments,Quarry Investments,Commodity,Gold,Single commodity,Physical Gold Reference,LU,GBP,5048.57,GBP,2009-04-23,17.3,Synthetic,Accumulating,0.47,Euronext Amsterdam,XAMS,QU1665,EUR,2009-10-21,NL,Quarry Product Feed,2026-08-21,2026-08-21T06:30:00+00:00
IE1000001679,Vela Defensive Allocation UCITS ETF,Vela Asset Management,Vela Asset Management,Multi-Asset,Defensive Allocation,Allocation,Global 30/70,IE,USD,3022.78,USD,2025-03-28,1.4,Physical,Distributing,0.71,Bolsa de Madrid,XMAD,VE1676,EUR,2026-09-22,ES,Vela Fund Files,2026-08-21,2026-08-21T06:30:00+00:00
IE1000001687,Atlas Climate Transition Enhanced ETF,Atlas Index,Atlas Index,Equity,Climate Transition,ESG,Global Climate Transition,LU,EUR,29.34,EUR,2017-09-05,9.0,Sampling,Accumulating,0.54,Euronext Amsterdam,XAMS,AT1685,EUR,2018-06-14,NL,Atlas Data Feed,2026-08-21,2026-08-21T06:30:00+00:00
IE1000001695,Northstar Global Aggregate Bond Index ETF,Northstar Asset Management,Northstar Asset Management,Fixed Income,Global Aggregate Bond,Core,Global Aggregate Bond,IE,EUR,275.96,EUR,2015-05-25,11.2,Physical,Accumulating,0.62,Euronext Amsterdam,XAMS,NO1695,EUR,2016-06-23,NL,Northstar Public Data,2026-08-21,2026-08-21T06:30:00+00:00
IE1000001703,Helix Emerging Markets UCITS ETF,Helix Funds,Helix Funds,Equity,Emerging Markets,Core,Emerging Markets Broad,IE,EUR,9190.07,EUR,2016-08-08,10.0,Physical,Accumulating,0.38,Bolsa de Madrid,XMAD,HE1706,EUR,2017-11-01,ES,Helix Market Files,2026-08-21,2026-08-21T06:30:00+00:00
IE1000001703,Helix Emerging Markets UCITS ETF,Helix Funds,Helix Funds,Equity,Emerging Markets,Core,Emerging Markets Broad,IE,EUR,9359.36,EUR,2016-08-08,10.0,Physical,Accumulating,0.38,London Stock Exchange,XLON,HE1700,USD,2017-09-29,GB,Helix Market Files,2026-08-21,2026-08-21T06:30:00+00:00
IE1000001711,Meridian Defensive Allocation UCITS ETF,Meridian ETFs,Meridian ETFs,Multi-Asset,Defensive Allocation,Allocation,Global 30/70,LU,USD,1165.82,USD,2021-09-16,4.9,Sampling,Distributing,0.47,Bolsa de Madrid,XMAD,ME1716,EUR,2023-01-25,ES,Meridian Data Service,2026-08-21,2026-08-21T06:30:00+00:00
IE1000001711,Meridian Defensive Allocation UCITS ETF,Meridian ETFs,Meridian ETFs,Multi-Asset,Defensive Allocation,Allocation,Global 30/70,LU,USD,1186.88,USD,2021-09-16,4.9,Sampling,Distributing,0.47,London Stock Exchange,XLON,ME1710,GBP,2023-04-19,GB,Meridian Data Service,2026-08-21,2026-08-21T06:30:00+00:00
IE1000001711,Meridian Defensive Allocation UCITS ETF,Meridian ETFs,Meridian ETFs,Multi-Asset,Defensive Allocation,Allocation,Global 30/70,LU,USD,1196.89,USD,2021-09-16,4.9,Sampling,Distributing,0.47,SIX Swiss Exchange,XSWX,ME1714,USD,2022-08-04,CH,Meridian Data Service,2026-08-21,2026-08-21T06:30:00+00:00
IE1000001729,Aperture Technology UCITS ETF,Aperture Index,Aperture Index,Equity,Technology,Thematic,Global Technology Leaders,LU,EUR,133.62,EUR,2021-05-12,5.3,Physical,Distributing,0.72,London Stock Exchange,XLON,AP1720,GBP,2022-07-04,GB,Aperture Public Feed,2026-08-21,2026-08-21T06:30:00+00:00
IE1000001729,Aperture Technology UCITS ETF,Aperture Index,Aperture Index,Equity,Technology,Thematic,Global Technology Leaders,LU,EUR,133.95,EUR,2021-05-12,5.3,Physical,Distributing,0.72,SIX Swiss Exchange,XSWX,AP1724,USD,2021-10-11,CH,Aperture Public Feed,2026-08-21,2026-08-21T06:30:00+00:00
IE1000001737,Cedar Short Duration Screened UCITS ETF,Cedar Capital,Cedar Capital,Fixed Income,Short Duration,Defensive,EUR Corporate 1-3Y,IE,CHF,495.95,CHF,2014-11-23,11.7,Synthetic,Accumulating,0.21,Euronext Amsterdam,XAMS,CE1735,EUR,2016-06-03,NL,Cedar Fund Data,2026-08-21,2026-08-21T06:30:00+00:00
IE1000001737,Cedar Short Duration Screened UCITS ETF,Cedar Capital,Cedar Capital,Fixed Income,Short Duration,Defensive,EUR Corporate 1-3Y,IE,CHF,492.05,CHF,2014-11-23,11.7,Synthetic,Accumulating,0.21,Deutsche Börse Xetra,XETR,CE1731,EUR,2015-05-16,DE,Cedar Fund Data,2026-08-21,2026-08-21T06:30:00+00:00
IE1000001745,Quarry Gold Enhanced ETF,Quarry Investments,Quarry Investments,Commodity,Gold,Single commodity,Physical Gold Reference,LU,USD,35.57,USD,2025-06-24,1.2,Physical,Accumulating,0.47,Borsa Italiana,XMIL,QU1743,EUR,2025-08-18,IT,Quarry Product Feed,2026-08-21,2026-08-21T06:30:00+00:00
IE1000001745,Quarry Gold Enhanced ETF,Quarry Investments,Quarry Investments,Commodity,Gold,Single commodity,Physical Gold Reference,LU,USD,35.99,USD,2025-06-24,1.2,Physical,Accumulating,0.47,Euronext Amsterdam,XAMS,QU1745,EUR,2027-09-29,NL,Quarry Product Feed,2026-08-21,2026-08-21T06:30:00+00:00
IE1000001752,Vela European Equity UCITS ETF,Vela Asset Management,Vela Asset Management,Equity,European Equity,Core,Europe 600,IE,GBP,81.33,GBP,2012-01-23,14.6,Physical,Distributing,0.41,Deutsche Börse Xetra,XETR,VE1751,EUR,2013-06-05,DE,Vela Fund Files,2026-08-21,2026-08-21T06:30:00+00:00
IE1000001760,Atlas Global Large Cap Index ETF,Atlas Index,Atlas Index,Equity,Global Large Cap,Core,Global Developed 1000,IE,EUR,1349.14,EUR,2021-05-25,5.2,Physical,Accumulating,0.54,Bolsa de Madrid,XMAD,AT1766,EUR,2023-04-12,ES,Atlas Data Feed,2026-08-21,2026-08-21T06:30:00+00:00
IE1000001760,Atlas Global Large Cap Index ETF,Atlas Index,Atlas Index,Equity,Global Large Cap,Core,Global Developed 1000,IE,EUR,1356.59,EUR,2021-05-25,5.2,Physical,Accumulating,0.54,Euronext Amsterdam,XAMS,AT1765,EUR,2023-05-10,NL,Atlas Data Feed,2026-08-21,2026-08-21T06:30:00+00:00
IE1000001778,Northstar Short Duration Enhanced ETF,Northstar Asset Management,Northstar Asset Management,Fixed Income,Short Duration,Defensive,EUR Corporate 1-3Y,IE,USD,379.12,USD,2020-09-03,6.0,Sampling,Accumulating,0.72,Deutsche Börse Xetra,XETR,NO1771,EUR,2022-05-21,DE,Northstar Public Data,2026-08-21,2026-08-21T06:30:00+00:00
IE1000001778,Northstar Short Duration Enhanced ETF,Northstar Asset Management,Northstar Asset Management,Fixed Income,Short Duration,Defensive,EUR Corporate 1-3Y,IE,USD,370.44,USD,2020-09-03,6.0,Sampling,Accumulating,0.72,London Stock Exchange,XLON,NO1770,USD,2021-04-05,GB,Northstar Public Data,2026-08-21,2026-08-21T06:30:00+00:00
IE1000001778,Northstar Short Duration Enhanced ETF,Northstar Asset Management,Northstar Asset Management,Fixed Income,Short Duration,Defensive,EUR Corporate 1-3Y,IE,USD,369.68,USD,2020-09-03,6.0,Sampling,Accumulating,0.72,Euronext Paris,XPAR,NO1772,EUR,2022-09-10,FR,Northstar Public Data,2026-08-21,2026-08-21T06:30:00+00:00
IE1000001786,Helix Broad Commodities Enhanced ETF,Helix Funds,Helix Funds,Commodity,Broad Commodities,Broad,Diversified Commodity,LU,USD,2883.46,USD,2006-08-18,20.0,Physical,Distributing,0.22,Euronext Amsterdam,XAMS,HE1785,EUR,2008-11-19,NL,Helix Market Files,2026-08-21,2026-08-21T06:30:00+00:00
IE1000001794,Meridian Defensive Allocation Index ETF,Meridian ETFs,Meridian ETFs,Multi-Asset,Defensive Allocation,Allocation,Global 30/70,LU,USD,71.77,USD,2024-12-30,1.6,Physical,Distributing,0.11,Deutsche Börse Xetra,XETR,ME1791,EUR,2025-06-17,DE,Meridian Data Service,2026-08-21,2026-08-21T06:30:00+00:00
IE1000001794,Meridian Defensive Allocation Index ETF,Meridian ETFs,Meridian ETFs,Multi-Asset,Defensive Allocation,Allocation,Global 30/70,LU,USD,72.01,USD,2024-12-30,1.6,Physical,Distributing,0.11,Euronext Amsterdam,XAMS,ME1795,EUR,2027-02-15,NL,Meridian Data Service,2026-08-21,2026-08-21T06:30:00+00:00
IE1000001794,Meridian Defensive Allocation Index ETF,Meridian ETFs,Meridian ETFs,Multi-Asset,Defensive Allocation,Allocation,Global 30/70,LU,USD,73.61,USD,2024-12-30,1.6,Physical,Distributing,0.11,Bolsa de Madrid,XMAD,ME1796,EUR,2025-02-25,ES,Meridian Data Service,2026-08-21,2026-08-21T06:30:00+00:00
IE1000001802,Aperture Technology Index ETF,Aperture Index,Aperture Index,Equity,Technology,Thematic,Global Technology Leaders,LU,EUR,4992.21,EUR,2007-04-06,19.4,Physical,Accumulating,0.48,Euronext Paris,XPAR,AP1802,EUR,2007-09-02,FR,Aperture Public Feed,2026-08-21,2026-08-21T06:30:00+00:00
IE1000001802,Aperture Technology Index ETF,Aperture Index,Aperture Index,Equity,Technology,Thematic,Global Technology Leaders,LU,EUR,5028.44,EUR,2007-04-06,19.4,Physical,Accumulating,0.48,Euronext Amsterdam,XAMS,AP1805,EUR,2008-06-09,NL,Aperture Public Feed,2026-08-21,2026-08-21T06:30:00+00:00
IE1000001810,Cedar Euro Government Bond UCITS ETF,Cedar Capital,Cedar Capital,Fixed Income,Euro Government Bond,Duration,Euro Sovereign 7-10Y,IE,CHF,9175.98,CHF,2018-07-05,8.1,Physical,Distributing,0.37,SIX Swiss Exchange,XSWX,CE1814,CHF,2018-09-20,CH,Cedar Fund Data,2026-08-21,2026-08-21T06:30:00+00:00
IE1000001810,Cedar Euro Government Bond UCITS ETF,Cedar Capital,Cedar Capital,Fixed Income,Euro Government Bond,Duration,Euro Sovereign 7-10Y,IE,CHF,9095.82,CHF,2018-07-05,8.1,Physical,Distributing,0.37,London Stock Exchange,XLON,CE1810,USD,2019-10-18,GB,Cedar Fund Data,2026-08-21,2026-08-21T06:30:00+00:00
IE1000001828,Quarry Broad Commodities Index ETF,Quarry Investments,Quarry Investments,Commodity,Broad Commodities,Broad,Diversified Commodity,LU,EUR,1706.06,EUR,2011-11-13,14.8,Physical,Distributing,0.46,Euronext Paris,XPAR,QU1822,EUR,2013-10-23,FR,Quarry Product Feed,2026-08-21,2026-08-21T06:30:00+00:00
IE1000001828,Quarry Broad Commodities Index ETF,Quarry Investments,Quarry Investments,Commodity,Broad Commodities,Broad,Diversified Commodity,LU,EUR,1758.49,EUR,2011-11-13,14.8,Physical,Distributing,0.46,Bolsa de Madrid,XMAD,QU1826,EUR,2013-03-06,ES,Quarry Product Feed,2026-08-21,2026-08-21T06:30:00+00:00
IE1000001828,Quarry Broad Commodities Index ETF,Quarry Investments,Quarry Investments,Commodity,Broad Commodities,Broad,Diversified Commodity,LU,EUR,1739.15,EUR,2011-11-13,14.8,Physical,Distributing,0.46,Deutsche Börse Xetra,XETR,QU1821,EUR,2012-03-24,DE,Quarry Product Feed,2026-08-21,2026-08-21T06:30:00+00:00
IE1000001836,Vela Balanced Enhanced ETF,Vela Asset Management,Vela Asset Management,Multi-Asset,Balanced,Allocation,Global 60/40,LU,USD,129.53,USD,2024-01-23,2.6,Synthetic,Accumulating,0.2,Euronext Amsterdam,XAMS,VE1835,EUR,2025-07-17,NL,Vela Fund Files,2026-08-21,2026-08-21T06:30:00+00:00
IE1000001836,Vela Balanced Enhanced ETF,Vela Asset Management,Vela Asset Management,Multi-Asset,Balanced,Allocation,Global 60/40,LU,USD,131.91,USD,2024-01-23,2.6,Synthetic,Accumulating,0.2,Borsa Italiana,XMIL,VE1833,EUR,2026-05-02,IT,Vela Fund Files,2026-08-21,2026-08-21T06:30:00+00:00
IE1000001844,Atlas Global Large Cap Enhanced ETF,Atlas Index,Atlas Index,Equity,Global Large Cap,Core,Global Developed 1000,LU,EUR,2497.73,EUR,2007-12-09,18.7,Physical,Accumulating,0.51,Euronext Paris,XPAR,AT1842,EUR,2008-07-05,FR,Atlas Data Feed,2026-08-21,2026-08-21T06:30:00+00:00
IE1000001851,Northstar Emerging Markets Screened UCITS ETF,Northstar Asset Management,Northstar Asset Management,Equity,Emerging Markets,Core,Emerging Markets Broad,LU,EUR,315.56,EUR,2016-12-04,9.7,Physical,Accumulating,0.45,Euronext Paris,XPAR,NO1852,EUR,2017-12-18,FR,Northstar Public Data,2026-08-21,2026-08-21T06:30:00+00:00
IE1000001851,Northstar Emerging Markets Screened UCITS ETF,Northstar Asset Management,Northstar Asset Management,Equity,Emerging Markets,Core,Emerging Markets Broad,LU,EUR,314.78,EUR,2016-12-04,9.7,Physical,Accumulating,0.45,Euronext Amsterdam,XAMS,NO1855,EUR,2018-05-11,NL,Northstar Public Data,2026-08-21,2026-08-21T06:30:00+00:00
IE1000001869,Helix Gold Enhanced ETF,Helix Funds,Helix Funds,Commodity,Gold,Single commodity,Physical Gold Reference,LU,USD,2501.41,USD,2016-01-14,10.6,Physical,Accumulating,0.61,SIX Swiss Exchange,XSWX,HE1864,USD,2016-02-26,CH,Helix Market Files,2026-08-21,2026-08-21T06:30:00+00:00
IE1000001869,Helix Gold Enhanced ETF,Helix Funds,Helix Funds,Commodity,Gold,Single commodity,Physical Gold Reference,LU,USD,2539.38,USD,2016-01-14,10.6,Physical,Accumulating,0.61,Borsa Italiana,XMIL,HE1863,EUR,2016-03-26,IT,Helix Market Files,2026-08-21,2026-08-21T06:30:00+00:00
IE1000001869,Helix Gold Enhanced ETF,Helix Funds,Helix Funds,Commodity,Gold,Single commodity,Physical Gold Reference,LU,USD,2519.07,USD,2016-01-14,10.6,Physical,Accumulating,0.61,Euronext Paris,XPAR,HE1862,EUR,2016-05-10,FR,Helix Market Files,2026-08-21,2026-08-21T06:30:00+00:00
IE1000001869,Helix Gold Enhanced ETF,Helix Funds,Helix Funds,Commodity,Gold,Single commodity,Physical Gold Reference,LU,USD,2526.5,USD,2016-01-14,10.6,Physical,Accumulating,0.61,Deutsche Börse Xetra,XETR,HE1861,EUR,2016-03-28,DE,Helix Market Files,2026-08-21,2026-08-21T06:30:00+00:00
IE1000001877,Meridian Balanced UCITS ETF,Meridian ETFs,Meridian ETFs,Multi-Asset,Balanced,Allocation,Global 60/40,LU,USD,126.11,USD,2021-07-18,5.1,Physical,Accumulating,0.5,Euronext Amsterdam,XAMS,ME1875,EUR,2023-06-11,NL,Meridian Data Service,2026-08-21,2026-08-21T06:30:00+00:00
IE1000001885,Aperture US Equity Enhanced ETF,Aperture Index,Aperture Index,Equity,US Equity,Core,US Large Cap 500,LU,GBP,312.92,GBP,2018-12-13,7.7,Physical,Distributing,0.66,Euronext Paris,XPAR,AP1882,EUR,2019-04-02,FR,Aperture Public Feed,2026-08-21,2026-08-21T06:30:00+00:00
IE1000001893,Cedar Corporate Bond Enhanced ETF,Cedar Capital,Cedar Capital,Fixed Income,Corporate Bond,Income,Global Corporate Bond,LU,USD,85.12,USD,2010-01-12,16.6,Sampling,Distributing,0.42,Euronext Paris,XPAR,CE1892,EUR,2010-08-21,FR,Cedar Fund Data,2026-08-21,2026-08-21T06:30:00+00:00
IE1000001893,Cedar Corporate Bond Enhanced ETF,Cedar Capital,Cedar Capital,Fixed Income,Corporate Bond,Income,Global Corporate Bond,LU,USD,86.48,USD,2010-01-12,16.6,Sampling,Distributing,0.42,Borsa Italiana,XMIL,CE1893,EUR,2011-03-20,IT,Cedar Fund Data,2026-08-21,2026-08-21T06:30:00+00:00
IE1000001901,Quarry Technology Screened UCITS ETF,Quarry Investments,Quarry Investments,Equity,Technology,Thematic,Global Technology Leaders,IE,USD,1417.37,USD,2017-03-14,9.4,Physical,Accumulating,0.7,Bolsa de Madrid,XMAD,QU1906,EUR,2018-11-26,ES,Quarry Product Feed,2026-08-21,2026-08-21T06:30:00+00:00
IE1000001901,Quarry Technology Screened UCITS ETF,Quarry Investments,Quarry Investments,Equity,Technology,Thematic,Global Technology Leaders,IE,USD,1378.68,USD,2017-03-14,9.4,Physical,Accumulating,0.7,Deutsche Börse Xetra,XETR,QU1901,EUR,2018-06-05,DE,Quarry Product Feed,2026-08-21,2026-08-21T06:30:00+00:00
IE1000001919,Vela Defensive Allocation Index ETF,Vela Asset Management,Vela Asset Management,Multi-Asset,Defensive Allocation,Allocation,Global 30/70,IE,USD,141.13,USD,2014-01-27,12.6,Physical,Accumulating,0.3,Euronext Paris,XPAR,VE1912,EUR,2016-01-22,FR,Vela Fund Files,2026-08-21,2026-08-21T06:30:00+00:00
IE1000001919,Vela Defensive Allocation Index ETF,Vela Asset Management,Vela Asset Management,Multi-Asset,Defensive Allocation,Allocation,Global 30/70,IE,USD,142.82,USD,2014-01-27,12.6,Physical,Accumulating,0.3,Euronext Amsterdam,XAMS,VE1915,EUR,2015-12-27,NL,Vela Fund Files,2026-08-21,2026-08-21T06:30:00+00:00
IE1000001919,Vela Defensive Allocation Index ETF,Vela Asset Management,Vela Asset Management,Multi-Asset,Defensive Allocation,Allocation,Global 30/70,IE,USD,140.14,USD,2014-01-27,12.6,Physical,Accumulating,0.3,Deutsche Börse Xetra,XETR,VE1911,EUR,2014-12-14,DE,Vela Fund Files,2026-08-21,2026-08-21T06:30:00+00:00
IE1000001927,Atlas US Equity Index ETF,Atlas Index,Atlas Index,Equity,US Equity,Core,US Large Cap 500,IE,EUR,1977.34,EUR,2011-03-17,15.4,Physical,Distributing,0.32,Euronext Paris,XPAR,AT1922,EUR,2011-04-04,FR,Atlas Data Feed,2026-08-21,2026-08-21T06:30:00+00:00
IE1000001935,Northstar Short Duration Index ETF,Northstar Asset Management,Northstar Asset Management,Fixed Income,Short Duration,Defensive,EUR Corporate 1-3Y,IE,EUR,58.41,EUR,2016-02-04,10.5,Synthetic,Distributing,0.72,London Stock Exchange,XLON,NO1930,GBP,2016-10-02,GB,Northstar Public Data,2026-08-21,2026-08-21T06:30:00+00:00
IE1000001935,Northstar Short Duration Index ETF,Northstar Asset Management,Northstar Asset Management,Fixed Income,Short Duration,Defensive,EUR Corporate 1-3Y,IE,EUR,59.18,EUR,2016-02-04,10.5,Synthetic,Distributing,0.72,Deutsche Börse Xetra,XETR,NO1931,EUR,2017-06-08,DE,Northstar Public Data,2026-08-21,2026-08-21T06:30:00+00:00
IE1000001943,Helix Gold Enhanced ETF,Helix Funds,Helix Funds,Commodity,Gold,Single commodity,Physical Gold Reference,LU,EUR,15378.71,EUR,2006-09-27,19.9,Physical,Accumulating,0.59,SIX Swiss Exchange,XSWX,HE1944,CHF,2006-12-19,CH,Helix Market Files,2026-08-21,2026-08-21T06:30:00+00:00
IE1000001943,Helix Gold Enhanced ETF,Helix Funds,Helix Funds,Commodity,Gold,Single commodity,Physical Gold Reference,LU,EUR,15011.88,EUR,2006-09-27,19.9,Physical,Accumulating,0.59,Borsa Italiana,XMIL,HE1943,EUR,2008-04-14,IT,Helix Market Files,2026-08-21,2026-08-21T06:30:00+00:00
IE1000001950,Meridian European Equity Enhanced ETF,Meridian ETFs,Meridian ETFs,Equity,European Equity,Core,Europe 600,LU,USD,3251.73,USD,2013-08-16,13.0,Physical,Accumulating,0.11,SIX Swiss Exchange,XSWX,ME1954,USD,2014-01-15,CH,Meridian Data Service,2026-08-21,2026-08-21T06:30:00+00:00
IE1000001968,Aperture US Equity Index ETF,Aperture Index,Aperture Index,Equity,US Equity,Core,US Large Cap 500,LU,USD,95.63,USD,2011-11-28,14.7,Physical,Accumulating,0.55,London Stock Exchange,XLON,AP1960,USD,2012-10-04,GB,Aperture Public Feed,2026-08-21,2026-08-21T06:30:00+00:00
IE1000001968,Aperture US Equity Index ETF,Aperture Index,Aperture Index,Equity,US Equity,Core,US Large Cap 500,LU,USD,96.04,USD,2011-11-28,14.7,Physical,Accumulating,0.55,SIX Swiss Exchange,XSWX,AP1964,USD,2014-05-06,CH,Aperture Public Feed,2026-08-21,2026-08-21T06:30:00+00:00
IE1000001968,Aperture US Equity Index ETF,Aperture Index,Aperture Index,Equity,US Equity,Core,US Large Cap 500,LU,USD,98.21,USD,2011-11-28,14.7,Physical,Accumulating,0.55,Borsa Italiana,XMIL,AP1963,EUR,2013-02-21,IT,Aperture Public Feed,2026-08-21,2026-08-21T06:30:00+00:00
IE1000001976,Cedar Euro Government Bond Screened UCITS ETF,Cedar Capital,Cedar Capital,Fixed Income,Euro Government Bond,Duration,Euro Sovereign 7-10Y,IE,EUR,2953.85,EUR,2011-03-09,15.5,Sampling,Accumulating,0.24,Deutsche Börse Xetra,XETR,CE1971,EUR,2012-06-11,DE,Cedar Fund Data,2026-08-21,2026-08-21T06:30:00+00:00
IE1000001976,Cedar Euro Government Bond Screened UCITS ETF,Cedar Capital,Cedar Capital,Fixed Income,Euro Government Bond,Duration,Euro Sovereign 7-10Y,IE,EUR,2955.44,EUR,2011-03-09,15.5,Sampling,Accumulating,0.24,London Stock Exchange,XLON,CE1970,GBP,2013-07-13,GB,Cedar Fund Data,2026-08-21,2026-08-21T06:30:00+00:00
IE1000001984,Quarry Gold Screened UCITS ETF,Quarry Investments,Quarry Investments,Commodity,Gold,Single commodity,Physical Gold Reference,IE,EUR,219.63,EUR,2016-01-30,10.6,Physical,Accumulating,0.14,Bolsa de Madrid,XMAD,QU1986,EUR,2016-09-26,ES,Quarry Product Feed,2026-08-21,2026-08-21T06:30:00+00:00
IE1000001984,Quarry Gold Screened UCITS ETF,Quarry Investments,Quarry Investments,Commodity,Gold,Single commodity,Physical Gold Reference,IE,EUR,219.27,EUR,2016-01-30,10.6,Physical,Accumulating,0.14,Euronext Amsterdam,XAMS,QU1985,EUR,2016-08-13,NL,Quarry Product Feed,2026-08-21,2026-08-21T06:30:00+00:00
IE1000001984,Quarry Gold Screened UCITS ETF,Quarry Investments,Quarry Investments,Commodity,Gold,Single commodity,Physical Gold Reference,IE,EUR,219.92,EUR,2016-01-30,10.6,Physical,Accumulating,0.14,SIX Swiss Exchange,XSWX,QU1984,USD,2016-07-14,CH,Quarry Product Feed,2026-08-21,2026-08-21T06:30:00+00:00
IE1000001992,Vela Defensive Allocation Enhanced ETF,Vela Asset Management,Vela Asset Management,Multi-Asset,Defensive Allocation,Allocation,Global 30/70,IE,EUR,99.83,EUR,2023-12-13,2.7,Sampling,Distributing,0.66,SIX Swiss Exchange,XSWX,VE1994,CHF,2025-10-23,CH,Vela Fund Files,2026-08-21,2026-08-21T06:30:00+00:00
IE1000001992,Vela Defensive Allocation Enhanced ETF,Vela Asset Management,Vela Asset Management,Multi-Asset,Defensive Allocation,Allocation,Global 30/70,IE,EUR,102.2,EUR,2023-12-13,2.7,Sampling,Distributing,0.66,Bolsa de Madrid,XMAD,VE1996,EUR,2025-04-09,ES,Vela Fund Files,2026-08-21,2026-08-21T06:30:00+00:00
IE1000002008,Atlas Climate Transition Screened UCITS ETF,Atlas Index,Atlas Index,Equity,Climate Transition,ESG,Global Climate Transition,LU,USD,2571.81,USD,2023-06-03,3.2,Physical,Accumulating,0.5,London Stock Exchange,XLON,AT2000,GBP,2024-02-27,GB,Atlas Data Feed,2026-08-21,2026-08-21T06:30:00+00:00
IE1000002008,Atlas Climate Transition Screened UCITS ETF,Atlas Index,Atlas Index,Equity,Climate Transition,ESG,Global Climate Transition,LU,USD,2564.91,USD,2023-06-03,3.2,Physical,Accumulating,0.5,Euronext Amsterdam,XAMS,AT2005,EUR,2024-11-29,NL,Atlas Data Feed,2026-08-21,2026-08-21T06:30:00+00:00
IE1000002016,Northstar Corporate Bond Index ETF,Northstar Asset Management,Northstar Asset Management,Fixed Income,Corporate Bond,Income,Global Corporate Bond,IE,EUR,414.29,EUR,2011-03-05,15.5,Physical,Accumulating,0.15,London Stock Exchange,XLON,NO2010,USD,2012-10-12,GB,Northstar Public Data,2026-08-21,2026-08-21T06:30:00+00:00
IE1000002016,Northstar Corporate Bond Index ETF,Northstar Asset Management,Northstar Asset Management,Fixed Income,Corporate Bond,Income,Global Corporate Bond,IE,EUR,416.01,EUR,2011-03-05,15.5,Physical,Accumulating,0.15,Deutsche Börse Xetra,XETR,NO2011,EUR,2012-02-20,DE,Northstar Public Data,2026-08-21,2026-08-21T06:30:00+00:00
IE1000002016,Northstar Corporate Bond Index ETF,Northstar Asset Management,Northstar Asset Management,Fixed Income,Corporate Bond,Income,Global Corporate Bond,IE,EUR,415.94,EUR,2011-03-05,15.5,Physical,Accumulating,0.15,Euronext Amsterdam,XAMS,NO2015,EUR,2012-09-27,NL,Northstar Public Data,2026-08-21,2026-08-21T06:30:00+00:00
IE1000002024,Helix Gold Screened UCITS ETF,Helix Funds,Helix Funds,Commodity,Gold,Single commodity,Physical Gold Reference,IE,EUR,3083.67,EUR,2014-05-15,12.3,Physical,Distributing,0.39,SIX Swiss Exchange,XSWX,HE2024,CHF,2015-06-26,CH,Helix Market Files,2026-08-21,2026-08-21T06:30:00+00:00
IE1000002024,Helix Gold Screened UCITS ETF,Helix Funds,Helix Funds,Commodity,Gold,Single commodity,Physical Gold Reference,IE,EUR,3097.81,EUR,2014-05-15,12.3,Physical,Distributing,0.39,Euronext Paris,XPAR,HE2022,EUR,2015-01-12,FR,Helix Market Files,2026-08-21,2026-08-21T06:30:00+00:00
IE1000002032,Meridian Balanced Index ETF,Meridian ETFs,Meridian ETFs,Multi-Asset,Balanced,Allocation,Global 60/40,IE,GBP,313.35,GBP,2014-10-02,11.9,Sampling,Accumulating,0.37,Bolsa de Madrid,XMAD,ME2036,EUR,2016-12-17,ES,Meridian Data Service,2026-08-21,2026-08-21T06:30:00+00:00
IE1000002032,Meridian Balanced Index ETF,Meridian ETFs,Meridian ETFs,Multi-Asset,Balanced,Allocation,Global 60/40,IE,GBP,318.81,GBP,2014-10-02,11.9,Sampling,Accumulating,0.37,Deutsche Börse Xetra,XETR,ME2031,EUR,2014-12-13,DE,Meridian Data Service,2026-08-21,2026-08-21T06:30:00+00:00
IE1000002040,Aperture Global Large Cap Index ETF,Aperture Index,Aperture Index,Equity,Global Large Cap,Core,Global Developed 1000,LU,EUR,150.18,EUR,2008-07-29,18.1,Synthetic,Distributing,0.34,Bolsa de Madrid,XMAD,AP2046,EUR,2010-04-28,ES,Aperture Public Feed,2026-08-21,2026-08-21T06:30:00+00:00
IE1000002057,Cedar Emerging Markets Screened UCITS ETF,Cedar Capital,Cedar Capital,Equity,Emerging Markets,Core,Emerging Markets Broad,IE,EUR,32.73,EUR,2012-10-19,13.8,Sampling,Distributing,0.74,Euronext Amsterdam,XAMS,CE2055,EUR,2014-05-29,NL,Cedar Fund Data,2026-08-21,2026-08-21T06:30:00+00:00
IE1000002065,Quarry Gold UCITS ETF,Quarry Investments,Quarry Investments,Commodity,Gold,Single commodity,Physical Gold Reference,LU,EUR,15045.47,EUR,2020-10-30,5.8,Physical,Distributing,0.48,Bolsa de Madrid,XMAD,QU2066,EUR,2022-05-17,ES,Quarry Product Feed,2026-08-21,2026-08-21T06:30:00+00:00
IE1000002073,Vela Balanced Screened UCITS ETF,Vela Asset Management,Vela Asset Management,Multi-Asset,Balanced,Allocation,Global 60/40,LU,USD,226.93,USD,2009-12-01,16.7,Synthetic,Distributing,0.15,SIX Swiss Exchange,XSWX,VE2074,CHF,2011-03-24,CH,Vela Fund Files,2026-08-21,2026-08-21T06:30:00+00:00
IE1000002073,Vela Balanced Screened UCITS ETF,Vela Asset Management,Vela Asset Management,Multi-Asset,Balanced,Allocation,Global 60/40,LU,USD,222.66,USD,2009-12-01,16.7,Synthetic,Distributing,0.15,Bolsa de Madrid,XMAD,VE2076,EUR,2011-05-12,ES,Vela Fund Files,2026-08-21,2026-08-21T06:30:00+00:00
IE1000002073,Vela Balanced Screened UCITS ETF,Vela Asset Management,Vela Asset Management,Multi-Asset,Balanced,Allocation,Global 60/40,LU,USD,225.06,USD,2009-12-01,16.7,Synthetic,Distributing,0.15,Euronext Amsterdam,XAMS,VE2075,EUR,2012-02-14,NL,Vela Fund Files,2026-08-21,2026-08-21T06:30:00+00:00
IE1000002073,Vela Balanced Screened UCITS ETF,Vela Asset Management,Vela Asset Management,Multi-Asset,Balanced,Allocation,Global 60/40,LU,USD,225.86,USD,2009-12-01,16.7,Synthetic,Distributing,0.15,London Stock Exchange,XLON,VE2070,USD,2010-10-18,GB,Vela Fund Files,2026-08-21,2026-08-21T06:30:00+00:00
IE1000002081,Atlas European Equity UCITS ETF,Atlas Index,Atlas Index,Equity,European Equity,Core,Europe 600,LU,CHF,224.4,CHF,2022-11-09,3.8,Sampling,Distributing,0.74,SIX Swiss Exchange,XSWX,AT2084,CHF,2024-09-10,CH,Atlas Data Feed,2026-08-21,2026-08-21T06:30:00+00:00
IE1000002081,Atlas European Equity UCITS ETF,Atlas Index,Atlas Index,Equity,European Equity,Core,Europe 600,LU,CHF,228.08,CHF,2022-11-09,3.8,Sampling,Distributing,0.74,Borsa Italiana,XMIL,AT2083,EUR,2024-01-19,IT,Atlas Data Feed,2026-08-21,2026-08-21T06:30:00+00:00
IE1000002099,Northstar Short Duration Enhanced ETF,Northstar Asset Management,Northstar Asset Management,Fixed Income,Short Duration,Defensive,EUR Corporate 1-3Y,IE,EUR,304.8,EUR,2007-09-21,18.9,Physical,Accumulating,0.64,Euronext Paris,XPAR,NO2092,EUR,2009-07-08,FR,Northstar Public Data,2026-08-21,2026-08-21T06:30:00+00:00
IE1000002099,Northstar Short Duration Enhanced ETF,Northstar Asset Management,Northstar Asset Management,Fixed Income,Short Duration,Defensive,EUR Corporate 1-3Y,IE,EUR,302.9,EUR,2007-09-21,18.9,Physical,Accumulating,0.64,SIX Swiss Exchange,XSWX,NO2094,CHF,2008-08-05,CH,Northstar Public Data,2026-08-21,2026-08-21T06:30:00+00:00
IE1000002107,Helix Climate Transition Screened UCITS ETF,Helix Funds,Helix Funds,Equity,Climate Transition,ESG,Global Climate Transition,IE,EUR,559.08,EUR,2006-09-22,19.9,Physical,Accumulating,0.52,Euronext Amsterdam,XAMS,HE2105,EUR,2008-10-26,NL,Helix Market Files,2026-08-21,2026-08-21T06:30:00+00:00
IE1000002107,Helix Climate Transition Screened UCITS ETF,Helix Funds,Helix Funds,Equity,Climate Transition,ESG,Global Climate Transition,IE,EUR,564.91,EUR,2006-09-22,19.9,Physical,Accumulating,0.52,SIX Swiss Exchange,XSWX,HE2104,CHF,2008-03-25,CH,Helix Market Files,2026-08-21,2026-08-21T06:30:00+00:00
IE1000002107,Helix Climate Transition Screened UCITS ETF,Helix Funds,Helix Funds,Equity,Climate Transition,ESG,Global Climate Transition,IE,EUR,563.57,EUR,2006-09-22,19.9,Physical,Accumulating,0.52,Deutsche Börse Xetra,XETR,HE2101,EUR,2008-10-02,DE,Helix Market Files,2026-08-21,2026-08-21T06:30:00+00:00
IE1000002115,Meridian Defensive Allocation Enhanced ETF,Meridian ETFs,Meridian ETFs,Multi-Asset,Defensive Allocation,Allocation,Global 30/70,IE,CHF,56.28,CHF,2011-10-12,14.9,Sampling,Accumulating,0.73,SIX Swiss Exchange,XSWX,ME2114,CHF,2014-01-28,CH,Meridian Data Service,2026-08-21,2026-08-21T06:30:00+00:00
IE1000002115,Meridian Defensive Allocation Enhanced ETF,Meridian ETFs,Meridian ETFs,Multi-Asset,Defensive Allocation,Allocation,Global 30/70,IE,CHF,56.05,CHF,2011-10-12,14.9,Sampling,Accumulating,0.73,Borsa Italiana,XMIL,ME2113,EUR,2013-11-05,IT,Meridian Data Service,2026-08-21,2026-08-21T06:30:00+00:00
IE1000002123,Aperture Climate Transition UCITS ETF,Aperture Index,Aperture Index,Equity,Climate Transition,ESG,Global Climate Transition,LU,EUR,2414.13,EUR,2008-11-11,17.8,Physical,Accumulating,0.66,Euronext Paris,XPAR,AP2122,EUR,2010-07-15,FR,Aperture Public Feed,2026-08-21,2026-08-21T06:30:00+00:00
IE1000002123,Aperture Climate Transition UCITS ETF,Aperture Index,Aperture Index,Equity,Climate Transition,ESG,Global Climate Transition,LU,EUR,2438.58,EUR,2008-11-11,17.8,Physical,Accumulating,0.66,SIX Swiss Exchange,XSWX,AP2124,CHF,2009-03-28,CH,Aperture Public Feed,2026-08-21,2026-08-21T06:30:00+00:00
IE1000002131,Cedar Corporate Bond UCITS ETF,Cedar Capital,Cedar Capital,Fixed Income,Corporate Bond,Income,Global Corporate Bond,LU,EUR,5687.58,EUR,2009-06-30,17.1,Sampling,Accumulating,0.15,Borsa Italiana,XMIL,CE2133,EUR,2011-07-16,IT,Cedar Fund Data,2026-08-21,2026-08-21T06:30:00+00:00
IE1000002131,Cedar Corporate Bond UCITS ETF,Cedar Capital,Cedar Capital,Fixed Income,Corporate Bond,Income,Global Corporate Bond,LU,EUR,5723.22,EUR,2009-06-30,17.1,Sampling,Accumulating,0.15,Deutsche Börse Xetra,XETR,CE2131,EUR,2009-08-20,DE,Cedar Fund Data,2026-08-21,2026-08-21T06:30:00+00:00
IE1000002149,Quarry Broad Commodities UCITS ETF,Quarry Investments,Quarry Investments,Commodity,Broad Commodities,Broad,Diversified Commodity,IE,GBP,82.57,GBP,2006-09-08,20.0,Physical,Distributing,0.43,SIX Swiss Exchange,XSWX,QU2144,CHF,2007-04-10,CH,Quarry Product Feed,2026-08-21,2026-08-21T06:30:00+00:00
IE1000002149,Quarry Broad Commodities UCITS ETF,Quarry Investments,Quarry Investments,Commodity,Broad Commodities,Broad,Diversified Commodity,IE,GBP,84.49,GBP,2006-09-08,20.0,Physical,Distributing,0.43,London Stock Exchange,XLON,QU2140,USD,2007-06-03,GB,Quarry Product Feed,2026-08-21,2026-08-21T06:30:00+00:00
IE1000002149,Quarry Broad Commodities UCITS ETF,Quarry Investments,Quarry Investments,Commodity,Broad Commodities,Broad,Diversified Commodity,IE,GBP,82.6,GBP,2006-09-08,20.0,Physical,Distributing,0.43,Borsa Italiana,XMIL,QU2143,EUR,2008-03-23,IT,Quarry Product Feed,2026-08-21,2026-08-21T06:30:00+00:00
IE1000002149,Quarry Broad Commodities UCITS ETF,Quarry Investments,Quarry Investments,Commodity,Broad Commodities,Broad,Diversified Commodity,IE,GBP,84.73,GBP,2006-09-08,20.0,Physical,Distributing,0.43,Euronext Amsterdam,XAMS,QU2145,EUR,2008-01-19,NL,Quarry Product Feed,2026-08-21,2026-08-21T06:30:00+00:00
IE1000002156,Vela Emerging Markets Index ETF,Vela Asset Management,Vela Asset Management,Equity,Emerging Markets,Core,Emerging Markets Broad,LU,EUR,5217.23,EUR,2016-04-13,10.4,Physical,Distributing,0.15,Deutsche Börse Xetra,XETR,VE2151,EUR,2018-04-15,DE,Vela Fund Files,2026-08-21,2026-08-21T06:30:00+00:00
IE1000002164,Atlas Global Large Cap Index ETF,Atlas Index,Atlas Index,Equity,Global Large Cap,Core,Global Developed 1000,IE,EUR,3623.0,EUR,2022-08-25,4.0,Physical,Distributing,0.22,SIX Swiss Exchange,XSWX,AT2164,USD,2024-10-03,CH,Atlas Data Feed,2026-08-21,2026-08-21T06:30:00+00:00
IE1000002164,Atlas Global Large Cap Index ETF,Atlas Index,Atlas Index,Equity,Global Large Cap,Core,Global Developed 1000,IE,EUR,3541.52,EUR,2022-08-25,4.0,Physical,Distributing,0.22,Euronext Amsterdam,XAMS,AT2165,EUR,2023-09-08,NL,Atlas Data Feed,2026-08-21,2026-08-21T06:30:00+00:00
IE1000002164,Atlas Global Large Cap Index ETF,Atlas Index,Atlas Index,Equity,Global Large Cap,Core,Global Developed 1000,IE,EUR,3642.58,EUR,2022-08-25,4.0,Physical,Distributing,0.22,Deutsche Börse Xetra,XETR,AT2161,EUR,2024-03-03,DE,Atlas Data Feed,2026-08-21,2026-08-21T06:30:00+00:00
IE1000002172,Northstar Euro Government Bond UCITS ETF,Northstar Asset Management,Northstar Asset Management,Fixed Income,Euro Government Bond,Duration,Euro Sovereign 7-10Y,IE,USD,147.34,USD,2015-07-29,11.1,Physical,Distributing,0.54,Euronext Amsterdam,XAMS,NO2175,EUR,2016-09-27,NL,Northstar Public Data,2026-08-21,2026-08-21T06:30:00+00:00
IE1000002172,Northstar Euro Government Bond UCITS ETF,Northstar Asset Management,Northstar Asset Management,Fixed Income,Euro Government Bond,Duration,Euro Sovereign 7-10Y,IE,USD,150.34,USD,2015-07-29,11.1,Physical,Distributing,0.54,Deutsche Börse Xetra,XETR,NO2171,EUR,2015-11-05,DE,Northstar Public Data,2026-08-21,2026-08-21T06:30:00+00:00
IE1000002172,Northstar Euro Government Bond UCITS ETF,Northstar Asset Management,Northstar Asset Management,Fixed Income,Euro Government Bond,Duration,Euro Sovereign 7-10Y,IE,USD,149.09,USD,2015-07-29,11.1,Physical,Distributing,0.54,Euronext Paris,XPAR,NO2172,EUR,2016-07-16,FR,Northstar Public Data,2026-08-21,2026-08-21T06:30:00+00:00
IE1000002172,Northstar Euro Government Bond UCITS ETF,Northstar Asset Management,Northstar Asset Management,Fixed Income,Euro Government Bond,Duration,Euro Sovereign 7-10Y,IE,USD,148.36,USD,2015-07-29,11.1,Physical,Distributing,0.54,Borsa Italiana,XMIL,NO2173,EUR,2016-09-16,IT,Northstar Public Data,2026-08-21,2026-08-21T06:30:00+00:00
IE1000002180,Helix Broad Commodities UCITS ETF,Helix Funds,Helix Funds,Commodity,Broad Commodities,Broad,Diversified Commodity,LU,EUR,18404.37,EUR,2019-08-25,7.0,Sampling,Distributing,0.45,Euronext Paris,XPAR,HE2182,EUR,2020-05-03,FR,Helix Market Files,2026-08-21,2026-08-21T06:30:00+00:00
IE1000002180,Helix Broad Commodities UCITS ETF,Helix Funds,Helix Funds,Commodity,Broad Commodities,Broad,Diversified Commodity,LU,EUR,18085.22,EUR,2019-08-25,7.0,Sampling,Distributing,0.45,Deutsche Börse Xetra,XETR,HE2181,EUR,2020-10-06,DE,Helix Market Files,2026-08-21,2026-08-21T06:30:00+00:00
IE1000002180,Helix Broad Commodities UCITS ETF,Helix Funds,Helix Funds,Commodity,Broad Commodities,Broad,Diversified Commodity,LU,EUR,18436.01,EUR,2019-08-25,7.0,Sampling,Distributing,0.45,Euronext Amsterdam,XAMS,HE2185,EUR,2020-07-25,NL,Helix Market Files,2026-08-21,2026-08-21T06:30:00+00:00
IE1000002198,Meridian Defensive Allocation Enhanced ETF,Meridian ETFs,Meridian ETFs,Multi-Asset,Defensive Allocation,Allocation,Global 30/70,LU,USD,13557.27,USD,2012-01-31,14.6,Physical,Accumulating,0.25,Borsa Italiana,XMIL,ME2193,EUR,2014-04-20,IT,Meridian Data Service,2026-08-21,2026-08-21T06:30:00+00:00
IE1000002198,Meridian Defensive Allocation Enhanced ETF,Meridian ETFs,Meridian ETFs,Multi-Asset,Defensive Allocation,Allocation,Global 30/70,LU,USD,13594.38,USD,2012-01-31,14.6,Physical,Accumulating,0.25,Euronext Amsterdam,XAMS,ME2195,EUR,2012-11-06,NL,Meridian Data Service,2026-08-21,2026-08-21T06:30:00+00:00
IE1000002206,Aperture US Equity Index ETF,Aperture Index,Aperture Index,Equity,US Equity,Core,US Large Cap 500,LU,EUR,651.91,EUR,2010-06-11,16.2,Physical,Accumulating,0.59,Deutsche Börse Xetra,XETR,AP2201,EUR,2011-08-12,DE,Aperture Public Feed,2026-08-21,2026-08-21T06:30:00+00:00
IE1000002206,Aperture US Equity Index ETF,Aperture Index,Aperture Index,Equity,US Equity,Core,US Large Cap 500,LU,EUR,655.58,EUR,2010-06-11,16.2,Physical,Accumulating,0.59,Bolsa de Madrid,XMAD,AP2206,EUR,2012-08-30,ES,Aperture Public Feed,2026-08-21,2026-08-21T06:30:00+00:00
IE1000002214,Cedar Global Aggregate Bond UCITS ETF,Cedar Capital,Cedar Capital,Fixed Income,Global Aggregate Bond,Core,Global Aggregate Bond,LU,USD,1763.72,USD,2016-11-15,9.8,Physical,Distributing,0.4,Euronext Amsterdam,XAMS,CE2215,EUR,2018-06-11,NL,Cedar Fund Data,2026-08-21,2026-08-21T06:30:00+00:00
IE1000002214,Cedar Global Aggregate Bond UCITS ETF,Cedar Capital,Cedar Capital,Fixed Income,Global Aggregate Bond,Core,Global Aggregate Bond,LU,USD,1774.29,USD,2016-11-15,9.8,Physical,Distributing,0.4,Euronext Paris,XPAR,CE2212,EUR,2019-03-16,FR,Cedar Fund Data,2026-08-21,2026-08-21T06:30:00+00:00
IE1000002222,Quarry Broad Commodities UCITS ETF,Quarry Investments,Quarry Investments,Commodity,Broad Commodities,Broad,Diversified Commodity,IE,USD,149.98,USD,2009-08-14,17.0,Synthetic,Distributing,0.2,Borsa Italiana,XMIL,QU2223,EUR,2010-05-31,IT,Quarry Product Feed,2026-08-21,2026-08-21T06:30:00+00:00
IE1000002222,Quarry Broad Commodities UCITS ETF,Quarry Investments,Quarry Investments,Commodity,Broad Commodities,Broad,Diversified Commodity,IE,USD,148.24,USD,2009-08-14,17.0,Synthetic,Distributing,0.2,Euronext Paris,XPAR,QU2222,EUR,2010-06-10,FR,Quarry Product Feed,2026-08-21,2026-08-21T06:30:00+00:00
IE1000002230,Vela Balanced UCITS ETF,Vela Asset Management,Vela Asset Management,Multi-Asset,Balanced,Allocation,Global 60/40,IE,USD,31.93,USD,2018-07-19,8.1,Physical,Accumulating,0.3,Euronext Amsterdam,XAMS,VE2235,EUR,2019-06-10,NL,Vela Fund Files,2026-08-21,2026-08-21T06:30:00+00:00
IE1000002230,Vela Balanced UCITS ETF,Vela Asset Management,Vela Asset Management,Multi-Asset,Balanced,Allocation,Global 60/40,IE,USD,32.71,USD,2018-07-19,8.1,Physical,Accumulating,0.3,Borsa Italiana,XMIL,VE2233,EUR,2020-09-25,IT,Vela Fund Files,2026-08-21,2026-08-21T06:30:00+00:00
IE1000002230,Vela Balanced UCITS ETF,Vela Asset Management,Vela Asset Management,Multi-Asset,Balanced,Allocation,Global 60/40,IE,USD,32.19,USD,2018-07-19,8.1,Physical,Accumulating,0.3,Bolsa de Madrid,XMAD,VE2236,EUR,2020-01-30,ES,Vela Fund Files,2026-08-21,2026-08-21T06:30:00+00:00
IE1000002248,Atlas European Equity UCITS ETF,Atlas Index,Atlas Index,Equity,European Equity,Core,Europe 600,LU,USD,31.53,USD,2010-08-27,16.0,Physical,Distributing,0.71,Borsa Italiana,XMIL,AT2243,EUR,2011-03-13,IT,Atlas Data Feed,2026-08-21,2026-08-21T06:30:00+00:00
IE1000002248,Atlas European Equity UCITS ETF,Atlas Index,Atlas Index,Equity,European Equity,Core,Europe 600,LU,USD,31.66,USD,2010-08-27,16.0,Physical,Distributing,0.71,Euronext Amsterdam,XAMS,AT2245,EUR,2011-04-27,NL,Atlas Data Feed,2026-08-21,2026-08-21T06:30:00+00:00
IE1000002255,Northstar US Equity Screened UCITS ETF,Northstar Asset Management,Northstar Asset Management,Equity,US Equity,Core,US Large Cap 500,LU,USD,32.44,USD,2014-12-03,11.7,Physical,Accumulating,0.3,Borsa Italiana,XMIL,NO2253,EUR,2015-06-07,IT,Northstar Public Data,2026-08-21,2026-08-21T06:30:00+00:00
IE1000002255,Northstar US Equity Screened UCITS ETF,Northstar Asset Management,Northstar Asset Management,Equity,US Equity,Core,US Large Cap 500,LU,USD,31.91,USD,2014-12-03,11.7,Physical,Accumulating,0.3,London Stock Exchange,XLON,NO2250,GBP,2016-09-25,GB,Northstar Public Data,2026-08-21,2026-08-21T06:30:00+00:00
IE1000002263,Helix Gold Screened UCITS ETF,Helix Funds,Helix Funds,Commodity,Gold,Single commodity,Physical Gold Reference,IE,EUR,6775.84,EUR,2024-06-25,2.2,Synthetic,Accumulating,0.29,London Stock Exchange,XLON,HE2260,GBP,2025-12-01,GB,Helix Market Files,2026-08-21,2026-08-21T06:30:00+00:00
IE1000002263,Helix Gold Screened UCITS ETF,Helix Funds,Helix Funds,Commodity,Gold,Single commodity,Physical Gold Reference,IE,EUR,6772.78,EUR,2024-06-25,2.2,Synthetic,Accumulating,0.29,Bolsa de Madrid,XMAD,HE2266,EUR,2025-06-21,ES,Helix Market Files,2026-08-21,2026-08-21T06:30:00+00:00
IE1000002263,Helix Gold Screened UCITS ETF,Helix Funds,Helix Funds,Commodity,Gold,Single commodity,Physical Gold Reference,IE,EUR,6734.46,EUR,2024-06-25,2.2,Synthetic,Accumulating,0.29,Euronext Paris,XPAR,HE2262,EUR,2025-03-19,FR,Helix Market Files,2026-08-21,2026-08-21T06:30:00+00:00
IE1000002271,Meridian Balanced Screened UCITS ETF,Meridian ETFs,Meridian ETFs,Multi-Asset,Balanced,Allocation,Global 60/40,IE,GBP,4983.34,GBP,2011-06-27,15.2,Physical,Accumulating,0.69,Deutsche Börse Xetra,XETR,ME2271,EUR,2012-11-12,DE,Meridian Data Service,2026-08-21,2026-08-21T06:30:00+00:00
IE1000002271,Meridian Balanced Screened UCITS ETF,Meridian ETFs,Meridian ETFs,Multi-Asset,Balanced,Allocation,Global 60/40,IE,GBP,4967.06,GBP,2011-06-27,15.2,Physical,Accumulating,0.69,Euronext Amsterdam,XAMS,ME2275,EUR,2011-09-24,NL,Meridian Data Service,2026-08-21,2026-08-21T06:30:00+00:00
IE1000002271,Meridian Balanced Screened UCITS ETF,Meridian ETFs,Meridian ETFs,Multi-Asset,Balanced,Allocation,Global 60/40,IE,GBP,4879.55,GBP,2011-06-27,15.2,Physical,Accumulating,0.69,Borsa Italiana,XMIL,ME2273,EUR,2013-03-17,IT,Meridian Data Service,2026-08-21,2026-08-21T06:30:00+00:00
IE1000002289,Aperture Technology Index ETF,Aperture Index,Aperture Index,Equity,Technology,Thematic,Global Technology Leaders,IE,EUR,291.47,EUR,2020-05-04,6.3,Physical,Distributing,0.68,Borsa Italiana,XMIL,AP2283,EUR,2021-12-02,IT,Aperture Public Feed,2026-08-21,2026-08-21T06:30:00+00:00
IE1000002289,Aperture Technology Index ETF,Aperture Index,Aperture Index,Equity,Technology,Thematic,Global Technology Leaders,IE,EUR,296.12,EUR,2020-05-04,6.3,Physical,Distributing,0.68,Deutsche Börse Xetra,XETR,AP2281,EUR,2020-07-07,DE,Aperture Public Feed,2026-08-21,2026-08-21T06:30:00+00:00
IE1000002289,Aperture Technology Index ETF,Aperture Index,Aperture Index,Equity,Technology,Thematic,Global Technology Leaders,IE,EUR,296.91,EUR,2020-05-04,6.3,Physical,Distributing,0.68,Euronext Paris,XPAR,AP2282,EUR,2020-10-28,FR,Aperture Public Feed,2026-08-21,2026-08-21T06:30:00+00:00
IE1000002297,Cedar Global Aggregate Bond Enhanced ETF,Cedar Capital,Cedar Capital,Fixed Income,Global Aggregate Bond,Core,Global Aggregate Bond,LU,EUR,4611.62,EUR,2015-07-24,11.1,Physical,Accumulating,0.69,Euronext Paris,XPAR,CE2292,EUR,2016-10-30,FR,Cedar Fund Data,2026-08-21,2026-08-21T06:30:00+00:00
IE1000002297,Cedar Global Aggregate Bond Enhanced ETF,Cedar Capital,Cedar Capital,Fixed Income,Global Aggregate Bond,Core,Global Aggregate Bond,LU,EUR,4674.79,EUR,2015-07-24,11.1,Physical,Accumulating,0.69,Deutsche Börse Xetra,XETR,CE2291,EUR,2016-09-06,DE,Cedar Fund Data,2026-08-21,2026-08-21T06:30:00+00:00
IE1000002305,Quarry Climate Transition Screened UCITS ETF,Quarry Investments,Quarry Investments,Equity,Climate Transition,ESG,Global Climate Transition,LU,USD,93.18,USD,2016-02-29,10.5,Physical,Distributing,0.22,Borsa Italiana,XMIL,QU2303,EUR,2016-10-04,IT,Quarry Product Feed,2026-08-21,2026-08-21T06:30:00+00:00
IE1000002305,Quarry Climate Transition Screened UCITS ETF,Quarry Investments,Quarry Investments,Equity,Climate Transition,ESG,Global Climate Transition,LU,USD,93.56,USD,2016-02-29,10.5,Physical,Distributing,0.22,Bolsa de Madrid,XMAD,QU2306,EUR,2017-08-03,ES,Quarry Product Feed,2026-08-21,2026-08-21T06:30:00+00:00
IE1000002313,Vela Balanced UCITS ETF,Vela Asset Management,Vela Asset Management,Multi-Asset,Balanced,Allocation,Global 60/40,LU,CHF,16117.87,CHF,2024-05-29,2.2,Physical,Distributing,0.12,Bolsa de Madrid,XMAD,VE2316,EUR,2025-06-04,ES,Vela Fund Files,2026-08-21,2026-08-21T06:30:00+00:00
